metric,feature,corr,pval,pval_adj,reject
mrr_boostnsift,summary_chars,0.3828087581576933,1.5587577033589171e-30,5.377714076588264e-28,True
mrr_boostnsift,description_chars,0.2925242149020745,6.152066366628913e-18,1.8825323081884474e-15,True
mrr_boostnsift,n_tokens,0.29034782007243565,1.1039224022071756e-17,3.344884878687742e-15,True
mrr_boostnsift,n_words,0.29774448819645577,1.4824608431631147e-18,4.595628613805655e-16,True
mrr_boostnsift,n_sentences,0.2750845306828948,5.788377912961949e-16,1.707571484323775e-13,True
mrr_boostnsift,flesch_reading_ease,0.2888681393993053,9.967891906515635e-14,2.810945517637409e-11,True
mrr_boostnsift,smog_index,-0.09431113734211732,0.017180840128956622,1.0,False
mrr_boostnsift,gunning_fog,-0.10513108535656204,0.007869193208676874,1.0,False
mrr_boostnsift,coleman_liau_index,-0.2944514843754018,3.1546849447127555e-14,8.990852092431353e-12,True
mrr_boostnsift,automated_readability_index,-0.2798698822366552,6.037173399195492e-13,1.6783342049763466e-10,True
mrr_boostnsift,num_steps,-0.04274587569657068,0.21723490460823272,1.0,False
mrr_boostnsift,avg_step_length,-0.042879436048616514,0.21580021960462709,1.0,False
mrr_boostnsift,steps_with_objects,-0.025101901760822016,0.4688316841394805,1.0,False
mrr_boostnsift,steps_with_specific_actions,,,,
mrr_boostnsift,potential_ambiguous_steps,,,,
mrr_boostnsift,potential_vague_steps,-0.0374401262227436,0.2798564802840407,1.0,False
mrr_boostnsift,num_causal_markers,0.27332564129309894,8.993411253096247e-16,2.626076085904104e-13,True
mrr_boostnsift,num_temporal_markers,0.15667810045319155,5.3961217256714945e-06,0.0011601661710193712,True
mrr_boostnsift,causal_density,0.27890273918044056,2.1995579636585896e-16,6.510691572429425e-14,True
mrr_boostnsift,temporal_density,0.1560217225028676,5.91309595941388e-06,0.0012594894393551566,True
mrr_boostnsift,num_os_mentions,0.14161040235461772,4.015120256332681e-05,0.007869635702412055,True
mrr_boostnsift,num_browser_mentions,0.03573809122390049,0.3023141560363361,1.0,False
mrr_boostnsift,num_env_mentions,0.026213125202814446,0.4493738360050251,1.0,False
mrr_boostnsift,num_versions,0.2535105837495261,1.0348768248263878e-13,2.90800387776215e-11,True
mrr_boostnsift,num_exception_types,0.08071116775692239,0.01967061663159587,1.0,False
mrr_boostnsift,stacktrace_depth,-0.036028009155316426,0.2984065363160221,1.0,False
mrr_boostnsift,num_caused_by,0.010022190484549769,0.7724449267346257,1.0,False
mrr_boostnsift,behavior_verb_count,,,,
mrr_boostnsift,behavior_verb_density,,,,
mrr_boostnsift,num_modal_verbs,0.136061113014554,8.008770690083396e-05,0.014976401190455952,True
mrr_boostnsift,num_negative_modals,0.06288940155895299,0.06931653733803375,1.0,False
mrr_boostnsift,modal_density,0.14307440333434604,3.3319832000436364e-05,0.006564006904085964,True
mrr_boostnsift,redundancy,-0.08131730965976267,0.01876596114405055,1.0,False
mrr_boostnsift,ambiguity,0.15315539772600825,8.778742869632597e-06,0.0018452709670742958,True
mrr_boostnsift,completeness_score,0.09025966491152485,0.7918417572375178,1.0,False
mrr_boostnsift,specificity_score,,,,
mrr_boostnsift,actionability,0.35886312177380514,8.82639292294597e-27,2.9656680221098457e-24,True
mrr_boostnsift,clarity,0.3521002039921029,8.90091673964358e-26,2.9462034408220246e-23,True
mrr_boostnsift,specificity,0.3083045592971652,7.611815810768337e-20,2.3748865329597212e-17,True
mrr_boostnsift,expected_observed_alignment,0.3352884135181115,2.1919166494656592e-23,7.057971611279422e-21,True
mrr_boostnsift,technical_depth,0.2904745090562905,1.0671318826432601e-17,3.244080923235511e-15,True
mrr_boostnsift,causal_reasoning_quality,0.39519892575992427,1.3319365216751844e-32,4.62181973021289e-30,True
mrr_boostnsift,repair_difficulty,-0.4128492367300499,1.052762717927694e-35,3.7267800214640366e-33,True
mrr_boostnsift,description_length,0.2925242149020745,6.152066366628913e-18,1.8825323081884474e-15,True
mrr_boostnsift,confidence,0.39544069088306677,1.2112725165821215e-32,4.215228357705783e-30,True
mrr_buglocator,summary_chars,0.3810276972963401,3.0400218064643632e-30,1.0457675014237409e-27,True
mrr_buglocator,description_chars,0.3417055781954434,2.7875535466376157e-24,9.171051168437757e-22,True
mrr_buglocator,n_tokens,0.341204807152064,3.2799757066507675e-24,1.072552056074801e-21,True
mrr_buglocator,n_words,0.33847632931124816,7.916567779060409e-24,2.5649679604155726e-21,True
mrr_buglocator,n_sentences,0.34280629961189407,1.9475242680023107e-24,6.426830084407625e-22,True
mrr_buglocator,flesch_reading_ease,0.20845227326713198,1.0761227608510424e-07,2.6795456745190955e-05,True
mrr_buglocator,smog_index,-0.15015082267508104,0.00014079167787329423,0.025483293695066255,True
mrr_buglocator,gunning_fog,-0.1368406425994869,0.0005283607607935426,0.08717952553093453,False
mrr_buglocator,coleman_liau_index,-0.18755024838115444,1.8388577405599562e-06,0.00041006527614487025,True
mrr_buglocator,automated_readability_index,-0.19223534674995563,9.992712766546102e-07,0.00022783385107725114,True
mrr_buglocator,num_steps,-0.007920257835904849,0.8192362520940588,1.0,False
mrr_buglocator,avg_step_length,-0.00813302320240731,0.814467482546877,1.0,False
mrr_buglocator,steps_with_objects,0.002118474809675563,0.9512599865839233,1.0,False
mrr_buglocator,steps_with_specific_actions,,,,
mrr_buglocator,potential_ambiguous_steps,,,,
mrr_buglocator,potential_vague_steps,-0.015876241514308834,0.6468753417384417,1.0,False
mrr_buglocator,num_causal_markers,0.3214045568123587,1.6121247694755977e-21,5.078193023848132e-19,True
mrr_buglocator,num_temporal_markers,0.17767589478918216,2.3703432261597007e-07,5.7836374718296695e-05,True
mrr_buglocator,causal_density,0.3154480227971806,9.52673760836355e-21,2.9913956090261546e-18,True
mrr_buglocator,temporal_density,0.1783980454307149,2.1141149201375608e-07,5.179581554337024e-05,True
mrr_buglocator,num_os_mentions,0.11201173200979447,0.0011865607215645222,0.17917066895624287,False
mrr_buglocator,num_browser_mentions,0.040778189597735416,0.23916919462598382,1.0,False
mrr_buglocator,num_env_mentions,0.014485602164503085,0.6759645556875333,1.0,False
mrr_buglocator,num_versions,0.2798055048072221,1.7458831824768044e-16,5.185273051956109e-14,True
mrr_buglocator,num_exception_types,0.17374106924927446,4.385139160398767e-07,0.00010480482593353053,True
mrr_buglocator,stacktrace_depth,0.09456690106968249,0.006244154094031061,0.8604915580927998,False
mrr_buglocator,num_caused_by,0.08070699053004407,0.01967698071885672,1.0,False
mrr_buglocator,behavior_verb_count,,,,
mrr_buglocator,behavior_verb_density,,,,
mrr_buglocator,num_modal_verbs,0.16733868510535685,1.1587571079523752e-06,0.00026303786350518916,True
mrr_buglocator,num_negative_modals,0.05632704658325849,0.10384330216015701,1.0,False
mrr_buglocator,modal_density,0.1705384107315859,7.162191414213983e-07,0.0001661628408097644,True
mrr_buglocator,redundancy,-0.02845995974861174,0.41146183977451345,1.0,False
mrr_buglocator,ambiguity,0.13334050667627756,0.00011129262367651632,0.020477842756479004,True
mrr_buglocator,completeness_score,0.18135701102660737,0.5935700235074866,1.0,False
mrr_buglocator,specificity_score,,,,
mrr_buglocator,actionability,0.412545034980589,1.1950527144522234e-35,4.218536082016349e-33,True
mrr_buglocator,clarity,0.4104787767375019,2.8174467921565685e-35,9.917412708391121e-33,True
mrr_buglocator,specificity,0.3730521924702901,5.755532584629368e-29,1.9626366113586144e-26,True
mrr_buglocator,expected_observed_alignment,0.4086583870548038,5.968276099248498e-35,2.094864910836223e-32,True
mrr_buglocator,technical_depth,0.36370241525530594,1.6316066217354314e-27,5.531146447683113e-25,True
mrr_buglocator,causal_reasoning_quality,0.44929330912006343,1.0042578375377371e-42,3.6153282151358537e-40,True
mrr_buglocator,repair_difficulty,-0.42863349550930047,1.220814779533066e-38,4.358308762933045e-36,True
mrr_buglocator,description_length,0.3417055781954434,2.7875535466376157e-24,9.171051168437757e-22,True
mrr_buglocator,confidence,0.4325443100589351,2.1621873987378645e-39,7.762252761468934e-37,True
mrr_locus,summary_chars,-0.006701491623248964,0.8466763846348175,1.0,False
mrr_locus,description_chars,-0.15290487830993807,9.084179991285305e-06,0.0018985936181786288,True
mrr_locus,n_tokens,-0.11806509027669451,0.0006296632715666468,0.10137578672223013,False
mrr_locus,n_words,-0.13919972247822884,5.436902434491745e-05,0.010493221698569068,True
mrr_locus,n_sentences,-0.13694956052903884,7.183151513829778e-05,0.01357615636113828,True
mrr_locus,flesch_reading_ease,0.17211463236015567,1.2338260276516886e-05,0.0025416816169624786,True
mrr_locus,smog_index,-0.1733439805347439,1.0665245937433888e-05,0.002207705909048815,True
mrr_locus,gunning_fog,-0.21500394658794741,4.150449071925246e-08,1.0376122679813115e-05,True
mrr_locus,coleman_liau_index,-0.08586440938661637,0.03011510126739894,1.0,False
mrr_locus,automated_readability_index,-0.07775321660840182,0.049638798379914646,1.0,False
mrr_locus,num_steps,0.015587047649067917,0.652882323680031,1.0,False
mrr_locus,avg_step_length,0.015338229902413505,0.6580686931897275,1.0,False
mrr_locus,steps_with_objects,0.04193413883909327,0.2261018649789186,1.0,False
mrr_locus,steps_with_specific_actions,,,,
mrr_locus,potential_ambiguous_steps,,,,
mrr_locus,potential_vague_steps,-0.029634331082610668,0.3924240979228588,1.0,False
mrr_locus,num_causal_markers,-0.061067937590518366,0.07779189233901185,1.0,False
mrr_locus,num_temporal_markers,0.0077129692262339795,0.823888698234227,1.0,False
mrr_locus,causal_density,-0.04443329550039282,0.19960739905671335,1.0,False
mrr_locus,temporal_density,0.01208808947303712,0.7272459651878178,1.0,False
mrr_locus,num_os_mentions,0.01636050220167443,0.6368679364264738,1.0,False
mrr_locus,num_browser_mentions,0.05870319352172882,0.09003180793648029,1.0,False
mrr_locus,num_env_mentions,-0.0006925515410310485,0.9840575349718331,1.0,False
mrr_locus,num_versions,-0.14925648412821318,1.485753817157289e-05,0.0030160802488292966,True
mrr_locus,num_exception_types,0.01427515842739339,0.6804103332607017,1.0,False
mrr_locus,stacktrace_depth,-0.0285810427725994,0.40947403035231866,1.0,False
mrr_locus,num_caused_by,0.024279465204795236,0.48352733198771314,1.0,False
mrr_locus,behavior_verb_count,,,,
mrr_locus,behavior_verb_density,,,,
mrr_locus,num_modal_verbs,0.026679156301481294,0.44135159677389946,1.0,False
mrr_locus,num_negative_modals,-0.061999047522261354,0.07335972268355331,1.0,False
mrr_locus,modal_density,0.02820552821818857,0.41565739987967887,1.0,False
mrr_locus,redundancy,0.12956688628614862,0.00017386880618949739,0.030948647501730535,True
mrr_locus,ambiguity,-0.056016802530147514,0.10576448509589237,1.0,False
mrr_locus,completeness_score,0.3760699023168052,0.2543386864189279,1.0,False
mrr_locus,specificity_score,,,,
mrr_locus,actionability,-0.05412765101636714,0.11807724395815009,1.0,False
mrr_locus,clarity,-0.08663891722940602,0.012262106892095344,1.0,False
mrr_locus,specificity,-0.06981276353113726,0.04371907644069093,1.0,False
mrr_locus,expected_observed_alignment,-0.07355083680061612,0.03358269980222985,1.0,False
mrr_locus,technical_depth,-0.1296908730154969,0.00017137111803585024,0.030675430128417194,True
mrr_locus,causal_reasoning_quality,-0.04546981351929224,0.18930999909687646,1.0,False
mrr_locus,repair_difficulty,0.028322914595378133,0.41371858052736477,1.0,False
mrr_locus,description_length,-0.15290487830993807,9.084179991285305e-06,0.0018985936181786288,True
mrr_locus,confidence,-0.16207203022383085,2.50855293221881e-06,0.0005493730921559194,True
top@1_boostnsift,summary_chars,0.3333803519899162,4.009384721891861e-23,1.2749843415616117e-20,True
top@1_boostnsift,description_chars,0.17335276867886013,4.656134355974485e-07,0.0001103503842365953,True
top@1_boostnsift,n_tokens,0.16577510206859972,1.4610874950488178e-06,0.0003272835988909352,True
top@1_boostnsift,n_words,0.16971476567752775,8.113438768980769e-07,0.0001866090916865577,True
top@1_boostnsift,n_sentences,0.15654522288064426,5.497160403424413e-06,0.0011763923263328243,True
top@1_boostnsift,flesch_reading_ease,0.2775692090257643,9.469406302259968e-13,2.5946173268192314e-10,True
top@1_boostnsift,smog_index,-0.0609457509569452,0.12409286133456199,1.0,False
top@1_boostnsift,gunning_fog,-0.07498140916058187,0.05837365609926444,1.0,False
top@1_boostnsift,coleman_liau_index,-0.2839373264811744,2.696123907269134e-13,7.522185701280885e-11,True
top@1_boostnsift,automated_readability_index,-0.26791848102061105,5.978438953406471e-12,1.5962432005595278e-09,True
top@1_boostnsift,num_steps,-0.02421569274157604,0.4846771784899747,1.0,False
top@1_boostnsift,avg_step_length,-0.024355783341294207,0.48215322606265865,1.0,False
top@1_boostnsift,steps_with_objects,0.0021127370902167936,0.9513918316481819,1.0,False
top@1_boostnsift,steps_with_specific_actions,,,,
top@1_boostnsift,potential_ambiguous_steps,,,,
top@1_boostnsift,potential_vague_steps,-0.04277753097676235,0.2168942507775681,1.0,False
top@1_boostnsift,num_causal_markers,0.19273011002892637,1.981973249563979e-08,4.974752856405587e-06,True
top@1_boostnsift,num_temporal_markers,0.11847625114341503,0.0006024841831515829,0.09760243767055643,False
top@1_boostnsift,causal_density,0.21587698170719444,2.9159333881010794e-10,7.66890481070584e-08,True
top@1_boostnsift,temporal_density,0.12221867450438129,0.0004006386394198478,0.06810856870137412,False
top@1_boostnsift,num_os_mentions,0.1332114236852781,0.00011302630046823842,0.02068381298568763,True
top@1_boostnsift,num_browser_mentions,0.006809979388233112,0.8442257592727791,1.0,False
top@1_boostnsift,num_env_mentions,0.00413734651552435,0.9049777157614634,1.0,False
top@1_boostnsift,num_versions,0.17468296034493527,3.7894198416942557e-07,9.094607620066213e-05,True
top@1_boostnsift,num_exception_types,0.019015202129805498,0.5832135887297453,1.0,False
top@1_boostnsift,stacktrace_depth,-0.08815550218688928,0.010818083625204252,1.0,False
top@1_boostnsift,num_caused_by,-0.03433458370840746,0.3217096908452219,1.0,False
top@1_boostnsift,behavior_verb_count,,,,
top@1_boostnsift,behavior_verb_density,,,,
top@1_boostnsift,num_modal_verbs,0.1042654340565325,0.002556232318612656,0.3714564652169487,False
top@1_boostnsift,num_negative_modals,0.03746194888605366,0.2795760869929626,1.0,False
top@1_boostnsift,modal_density,0.12217405588272393,0.00040261956580477364,0.06810856870137412,False
top@1_boostnsift,redundancy,-0.08337392869822713,0.015961652094662174,1.0,False
top@1_boostnsift,ambiguity,0.08747674012519395,0.011444594025481517,1.0,False
top@1_boostnsift,completeness_score,0.3563483225498992,0.28207648579052763,1.0,False
top@1_boostnsift,specificity_score,,,,
top@1_boostnsift,actionability,0.2651636037283579,6.665829385421627e-15,1.9264246923868502e-12,True
top@1_boostnsift,clarity,0.24470487050808032,7.512427162340767e-13,2.0734298968060518e-10,True
top@1_boostnsift,specificity,0.20411157667572785,2.6485822570606924e-09,6.806856400645979e-07,True
top@1_boostnsift,expected_observed_alignment,0.23810174038564777,3.1591433180136185e-12,8.52968695863677e-10,True
top@1_boostnsift,technical_depth,0.1756270728395058,3.270918843653737e-07,7.882914413205506e-05,True
top@1_boostnsift,causal_reasoning_quality,0.2938837447466449,4.2588188045553566e-18,1.3074573729984944e-15,True
top@1_boostnsift,repair_difficulty,-0.33530102661478334,2.1831535980123042e-23,7.051586121579743e-21,True
top@1_boostnsift,description_length,0.17335276867886013,4.656134355974485e-07,0.0001103503842365953,True
top@1_boostnsift,confidence,0.2673173106881328,3.9553634507389274e-15,1.147055400714289e-12,True
top@1_buglocator,summary_chars,0.2819354092202789,1.0089298818501971e-16,3.0066110479135874e-14,True
top@1_buglocator,description_chars,0.20213305535157614,3.790279089598193e-09,9.665211678475393e-07,True
top@1_buglocator,n_tokens,0.2021177242045304,3.800766819414763e-09,9.665211678475393e-07,True
top@1_buglocator,n_words,0.20377528705594464,2.8156673218965722e-09,7.208108344055225e-07,True
top@1_buglocator,n_sentences,0.2103801969337172,8.306935809141804e-10,2.1514963745677273e-07,True
top@1_buglocator,flesch_reading_ease,0.19088613747486088,1.1929725664226473e-06,0.0002696118000115183,True
top@1_buglocator,smog_index,-0.10180093269489136,0.010082112487485296,1.0,False
top@1_buglocator,gunning_fog,-0.09676689208197752,0.014479209119078974,1.0,False
top@1_buglocator,coleman_liau_index,-0.17016006232018946,1.5522619378354938e-05,0.0031355691144276977,True
top@1_buglocator,automated_readability_index,-0.17500480573902996,8.745360033527468e-06,0.0018452709670742958,True
top@1_buglocator,num_steps,0.0033845267770118395,0.9222068076326004,1.0,False
top@1_buglocator,avg_step_length,0.003269703309166526,0.9248380760564477,1.0,False
top@1_buglocator,steps_with_objects,0.005416124693828609,0.8758178233962726,1.0,False
top@1_buglocator,steps_with_specific_actions,,,,
top@1_buglocator,potential_ambiguous_steps,,,,
top@1_buglocator,potential_vague_steps,-0.0015630012590322265,0.9640296531933057,1.0,False
top@1_buglocator,num_causal_markers,0.22729223473503263,3.027110638074417e-11,7.99157208451646e-09,True
top@1_buglocator,num_temporal_markers,0.11427819976431786,0.0009392421462835806,0.14652177482023857,False
top@1_buglocator,causal_density,0.23086670995471414,1.451762010564331e-11,3.847169327995477e-09,True
top@1_buglocator,temporal_density,0.11786135256770672,0.0006435488835690831,0.1029678213710533,False
top@1_buglocator,num_os_mentions,0.06809448346113259,0.04918101954288419,1.0,False
top@1_buglocator,num_browser_mentions,-0.007414771054155856,0.8305923544956336,1.0,False
top@1_buglocator,num_env_mentions,-0.01947359785544184,0.5741660729898017,1.0,False
top@1_buglocator,num_versions,0.21503453926728713,3.4297140061432335e-10,8.985850696095272e-08,True
top@1_buglocator,num_exception_types,0.0957772867735911,0.0056083931243339135,0.7851750374067479,False
top@1_buglocator,stacktrace_depth,0.03628921094113864,0.2949149204278145,1.0,False
top@1_buglocator,num_caused_by,0.0358196214182222,0.3012118435904599,1.0,False
top@1_buglocator,behavior_verb_count,,,,
top@1_buglocator,behavior_verb_density,,,,
top@1_buglocator,num_modal_verbs,0.13180342050075347,0.0001336630179991372,0.024326669275842972,True
top@1_buglocator,num_negative_modals,0.032659608985401,0.345894892154617,1.0,False
top@1_buglocator,modal_density,0.14546276703603503,2.4483294889863995e-05,0.004872175683082935,True
top@1_buglocator,redundancy,-0.02785390716297914,0.4214969308637464,1.0,False
top@1_buglocator,ambiguity,0.04454984901116278,0.19842951049385757,1.0,False
top@1_buglocator,completeness_score,0.03857583749052298,0.9103431212616793,1.0,False
top@1_buglocator,specificity_score,,,,
top@1_buglocator,actionability,0.2850214116462842,4.519914074511366e-17,1.3604941364279213e-14,True
top@1_buglocator,clarity,0.2740352862064228,7.5315133786999635e-16,2.2142649333377893e-13,True
top@1_buglocator,specificity,0.24302652151087342,1.0866503862654283e-12,2.966555554504619e-10,True
top@1_buglocator,expected_observed_alignment,0.28820698217124047,1.9523951716648078e-17,5.89623341842772e-15,True
top@1_buglocator,technical_depth,0.24208124319662466,1.3361357799038298e-12,3.634289321338417e-10,True
top@1_buglocator,causal_reasoning_quality,0.33284023844780836,4.7531268605632836e-23,1.5067412147985608e-20,True
top@1_buglocator,repair_difficulty,-0.3393118608313619,6.050056335774955e-24,1.9662683091268604e-21,True
top@1_buglocator,description_length,0.20213305535157614,3.790279089598193e-09,9.665211678475393e-07,True
top@1_buglocator,confidence,0.28422354668028194,5.568133647659485e-17,1.6704400942978455e-14,True
top@1_locus,summary_chars,0.16322184161041753,2.123686883493128e-06,0.00046933480125198123,True
top@1_locus,description_chars,0.1128173726542281,0.001092481564889439,0.16714967942808417,False
top@1_locus,n_tokens,0.12235938703404163,0.00039445081557500024,0.06745108946332504,False
top@1_locus,n_words,0.11739459793437121,0.0006764388485284369,0.10687733806749303,False
top@1_locus,n_sentences,0.09458271569609789,0.00623544607313623,0.8604915580927998,False
top@1_locus,flesch_reading_ease,0.17069228817002022,1.4585580136827417e-05,0.002975458347912793,True
top@1_locus,smog_index,-0.12517377669200166,0.0015349673075345906,0.228710128822654,False
top@1_locus,gunning_fog,-0.157734937991289,6.295921821042195e-05,0.012025210678190592,True
top@1_locus,coleman_liau_index,-0.1370770506281972,0.0005166053245613112,0.08575648387717766,False
top@1_locus,automated_readability_index,-0.12048867532723066,0.0022996584395978603,0.3403494490604833,False
top@1_locus,num_steps,-0.007517171766183035,0.828288917229925,1.0,False
top@1_locus,avg_step_length,-0.007756859104294868,0.8229030994492119,1.0,False
top@1_locus,steps_with_objects,0.00920047411264685,0.7906492490752777,1.0,False
top@1_locus,steps_with_specific_actions,,,,
top@1_locus,potential_ambiguous_steps,,,,
top@1_locus,potential_vague_steps,-0.02456229852637515,0.47844557617786043,1.0,False
top@1_locus,num_causal_markers,0.16174377500338438,2.630155647110623e-06,0.0005707437754230052,True
top@1_locus,num_temporal_markers,0.11468375003763175,0.0009003718561250336,0.14135838141163026,False
top@1_locus,causal_density,0.1773008553056152,2.514975268929709e-07,6.111389903499193e-05,True
top@1_locus,temporal_density,0.1175031939229561,0.0006686502734174923,0.10631539347338129,False
top@1_locus,num_os_mentions,0.029438746643673065,0.39555718414202756,1.0,False
top@1_locus,num_browser_mentions,0.08459067401341243,0.014481801550355947,1.0,False
top@1_locus,num_env_mentions,0.018537158805937332,0.5927189651495026,1.0,False
top@1_locus,num_versions,0.06521244926473428,0.05962110745731223,1.0,False
top@1_locus,num_exception_types,0.0702267293466675,0.04248247980502046,1.0,False
top@1_locus,stacktrace_depth,-0.02906570311854026,0.4015746804018798,1.0,False
top@1_locus,num_caused_by,-0.013846175257458794,0.6895071903564871,1.0,False
top@1_locus,behavior_verb_count,,,,
top@1_locus,behavior_verb_density,,,,
top@1_locus,num_modal_verbs,0.12109004600681154,0.00045364586493248395,0.07575885944372482,False
top@1_locus,num_negative_modals,0.019545656609322042,0.5727498807690576,1.0,False
top@1_locus,modal_density,0.12643271826832478,0.00024958959436132327,0.04342858941887025,True
top@1_locus,redundancy,0.05885969542198129,0.0891765960216842,1.0,False
top@1_locus,ambiguity,0.040451082614005984,0.24296161843889605,1.0,False
top@1_locus,completeness_score,0.23904572186687875,0.4789968566243805,1.0,False
top@1_locus,specificity_score,,,,
top@1_locus,actionability,0.17902618470495396,1.9131527974424295e-07,4.7063558817083766e-05,True
top@1_locus,clarity,0.17605556599285108,3.058817430337702e-07,7.40233818141724e-05,True
top@1_locus,specificity,0.16146386866472828,2.738289827837294e-06,0.0005914706028128555,True
top@1_locus,expected_observed_alignment,0.1734297235850934,4.601177417612569e-07,0.00010950802253917915,True
top@1_locus,technical_depth,0.1337572355062681,0.00010586501697745052,0.019585028140828346,True
top@1_locus,causal_reasoning_quality,0.2108101705578578,7.661581056730444e-10,1.9920110747499154e-07,True
top@1_locus,repair_difficulty,-0.2542197326040245,8.792295710967333e-14,2.4882196862037554e-11,True
top@1_locus,description_length,0.1128173726542281,0.001092481564889439,0.16714967942808417,False
top@1_locus,confidence,0.14685223620719365,2.0419258922898837e-05,0.004083851784579767,True
top@5_boostnsift,summary_chars,0.36271591871787945,2.3072569853725956e-27,7.798528610559373e-25,True
top@5_boostnsift,description_chars,0.2645071072642313,7.8079859868775e-15,2.2486999642207197e-12,True
top@5_boostnsift,n_tokens,0.2689380133413755,2.6623009535689232e-15,7.747295774885566e-13,True
top@5_boostnsift,n_words,0.27344822091846904,8.722336178190307e-16,2.55564450020976e-13,True
top@5_boostnsift,n_sentences,0.23490119258011266,6.2413114961679625e-12,1.660188857980678e-09,True
top@5_boostnsift,flesch_reading_ease,0.285385538909475,2.0169739770425599e-13,5.647527135719168e-11,True
top@5_boostnsift,smog_index,-0.0882870385210717,0.025747752492713792,1.0,False
top@5_boostnsift,gunning_fog,-0.10395989676454234,0.008592332000521959,1.0,False
top@5_boostnsift,coleman_liau_index,-0.2928760212491127,4.375816447161422e-14,1.2427318709938439e-11,True
top@5_boostnsift,automated_readability_index,-0.269077246511347,4.81032793809448e-12,1.2939782153474152e-09,True
top@5_boostnsift,num_steps,-0.02916466780105912,0.39997297846342994,1.0,False
top@5_boostnsift,avg_step_length,-0.0291135057838784,0.400800535039033,1.0,False
top@5_boostnsift,steps_with_objects,-0.011265549617237152,0.7451386099799121,1.0,False
top@5_boostnsift,steps_with_specific_actions,,,,
top@5_boostnsift,potential_ambiguous_steps,,,,
top@5_boostnsift,potential_vague_steps,-0.03328400319088922,0.33674723062995315,1.0,False
top@5_boostnsift,num_causal_markers,0.2355073233757269,5.490417014199536e-12,1.4714317598054756e-09,True
top@5_boostnsift,num_temporal_markers,0.1392999631199791,5.369324797039619e-05,0.010416490106256861,True
top@5_boostnsift,causal_density,0.2447856438717063,7.379633164804208e-13,2.0441583866507655e-10,True
top@5_boostnsift,temporal_density,0.1378028671694326,6.466383192941464e-05,0.012286128066588782,True
top@5_boostnsift,num_os_mentions,0.11893264650708246,0.0005735935068123964,0.094069335117233,False
top@5_boostnsift,num_browser_mentions,0.020163334854684727,0.5606788787353549,1.0,False
top@5_boostnsift,num_env_mentions,0.016861442680345038,0.6265849755088448,1.0,False
top@5_boostnsift,num_versions,0.2594447060234366,2.6049788232144826e-14,7.45023943439342e-12,True
top@5_boostnsift,num_exception_types,0.04606026633385321,0.18362166866028676,1.0,False
top@5_boostnsift,stacktrace_depth,-0.07505581882894524,0.030109190608957257,1.0,False
top@5_boostnsift,num_caused_by,-0.007068362142242151,0.8383952625215148,1.0,False
top@5_boostnsift,behavior_verb_count,,,,
top@5_boostnsift,behavior_verb_density,,,,
top@5_boostnsift,num_modal_verbs,0.11380437724886797,0.0009866192707797853,0.15193936770008692,False
top@5_boostnsift,num_negative_modals,0.04314779409502738,0.21293817755232144,1.0,False
top@5_boostnsift,modal_density,0.12423829694758758,0.0003199249177089292,0.055347010763644754,False
top@5_boostnsift,redundancy,-0.048978372992537156,0.15735440104971368,1.0,False
top@5_boostnsift,ambiguity,0.16415708340141819,1.853047081613276e-06,0.0004113764521181473,True
top@5_boostnsift,completeness_score,0.17857142857142855,0.5993495593656857,1.0,False
top@5_boostnsift,specificity_score,,,,
top@5_boostnsift,actionability,0.33380499202083663,3.506488344637506e-23,1.1255827586286395e-20,True
top@5_boostnsift,clarity,0.3281437824732171,2.0577470507177564e-22,6.50248068026811e-20,True
top@5_boostnsift,specificity,0.28294185972547653,7.773314521904595e-17,2.324221042049474e-14,True
top@5_boostnsift,expected_observed_alignment,0.3118222254303515,2.755033631719985e-20,8.623255267283553e-18,True
top@5_boostnsift,technical_depth,0.2444505069861184,7.946089064106243e-13,2.1851744926292166e-10,True
top@5_boostnsift,causal_reasoning_quality,0.36873745852899514,2.7311279258619616e-28,9.28583494793067e-26,True
top@5_boostnsift,repair_difficulty,-0.3786159515519584,7.461904196290957e-30,2.559433139327798e-27,True
top@5_boostnsift,description_length,0.2645071072642313,7.8079859868775e-15,2.2486999642207197e-12,True
top@5_boostnsift,confidence,0.35649790457961933,1.993220953170393e-26,6.657357983589113e-24,True
top@5_buglocator,summary_chars,0.3774598590763004,1.1445350840992669e-29,3.914309987619493e-27,True
top@5_buglocator,description_chars,0.3540603165550257,4.581830892351491e-26,1.5257496871530467e-23,True
top@5_buglocator,n_tokens,0.3411999886986024,3.2851089333935246e-24,1.072552056074801e-21,True
top@5_buglocator,n_words,0.3334918105030141,3.870873264453153e-23,1.2386794446250089e-20,True
top@5_buglocator,n_sentences,0.33348396705214195,3.880463809670393e-23,1.2386794446250089e-20,True
top@5_buglocator,flesch_reading_ease,0.1638002277337279,3.219290950170136e-05,0.00637419608133687,True
top@5_buglocator,smog_index,-0.16999411808958867,1.582630384692265e-05,0.0031810870732314526,True
top@5_buglocator,gunning_fog,-0.14486967296421963,0.00024120341851844042,0.04221059824072707,True
top@5_buglocator,coleman_liau_index,-0.14873021507589199,0.0001630195633614522,0.029343521405061395,True
top@5_buglocator,automated_readability_index,-0.14755302413968133,0.00018389260840966052,0.032365099080100254,True
top@5_buglocator,num_steps,-0.006494793704746781,0.8513495546781713,1.0,False
top@5_buglocator,avg_step_length,-0.006519780393285142,0.8507843579163018,1.0,False
top@5_buglocator,steps_with_objects,0.016338371733147016,0.637323848953749,1.0,False
top@5_buglocator,steps_with_specific_actions,,,,
top@5_buglocator,potential_ambiguous_steps,,,,
top@5_buglocator,potential_vague_steps,-0.03229952345054638,0.35124148532281485,1.0,False
top@5_buglocator,num_causal_markers,0.3068197256095925,1.164144911251917e-19,3.620490673993461e-17,True
top@5_buglocator,num_temporal_markers,0.1722038534942672,5.555721717115055e-07,0.0001300038881804923,True
top@5_buglocator,causal_density,0.2972762802168037,1.6863037588515231e-18,5.210678614851207e-16,True
top@5_buglocator,temporal_density,0.17140469468060945,6.277734557151459e-07,0.00014627121518162898,True
top@5_buglocator,num_os_mentions,0.14123088668090789,4.212757430085894e-05,0.008214876988667495,True
top@5_buglocator,num_browser_mentions,0.0565102139087682,0.10272210108282784,1.0,False
top@5_buglocator,num_env_mentions,0.04658663386675779,0.17865815633697846,1.0,False
top@5_buglocator,num_versions,0.295089697617055,3.0681746444131896e-18,9.449977904792624e-16,True
top@5_buglocator,num_exception_types,0.20487940506131996,2.302409578529257e-09,5.940216712605483e-07,True
top@5_buglocator,stacktrace_depth,0.11418560211495747,0.0009483321702854402,0.14699148639424323,False
top@5_buglocator,num_caused_by,0.11088974652678572,0.0013300612483992049,0.19950918725988073,False
top@5_buglocator,behavior_verb_count,,,,
top@5_buglocator,behavior_verb_density,,,,
top@5_buglocator,num_modal_verbs,0.16194550363750257,2.5547728154648574e-06,0.0005569404737713389,True
top@5_buglocator,num_negative_modals,0.06886890597661859,0.04665239177480604,1.0,False
top@5_buglocator,modal_density,0.16261326391808373,2.3197302884673116e-06,0.0005103406634628085,True
top@5_buglocator,redundancy,-0.0360978453076748,0.2974703136755197,1.0,False
top@5_buglocator,ambiguity,0.13553584484328063,8.538191912458275e-05,0.01588103695717239,True
top@5_buglocator,completeness_score,0.3105295017040594,0.35267567281219114,1.0,False
top@5_buglocator,specificity_score,,,,
top@5_buglocator,actionability,0.3978157807041315,4.745301662975733e-33,1.656110280378531e-30,True
top@5_buglocator,clarity,0.4043208102494377,3.503826170951229e-34,1.2263391598329302e-31,True
top@5_buglocator,specificity,0.36079609108806987,4.512764482374366e-27,1.5208016305601615e-24,True
top@5_buglocator,expected_observed_alignment,0.3941305743956327,2.024510357502854e-32,7.004805836959875e-30,True
top@5_buglocator,technical_depth,0.3577564468982388,1.293252034427237e-26,4.3323943153312445e-24,True
top@5_buglocator,causal_reasoning_quality,0.43204258381048616,2.7032687051160193e-39,9.677701964315349e-37,True
top@5_buglocator,repair_difficulty,-0.4167899335307812,2.0135973363630448e-36,7.16840651745244e-34,True
top@5_buglocator,description_length,0.3540603165550257,4.581830892351491e-26,1.5257496871530467e-23,True
top@5_buglocator,confidence,0.41459303337653364,5.07726894144947e-36,1.802430474214562e-33,True
top@5_locus,summary_chars,0.18178175940543762,1.2292603233973717e-07,3.036272998791508e-05,True
top@5_locus,description_chars,0.10134871804261533,0.0033703142582912574,0.48195493893564983,False
top@5_locus,n_tokens,0.12175102668494159,0.00042185984561663543,0.07087245406359476,False
top@5_locus,n_words,0.09928692365824349,0.004080996726916414,0.5754205384952144,False
top@5_locus,n_sentences,0.09523391516531066,0.005886217317012205,0.8181842070646964,False
top@5_locus,flesch_reading_ease,0.14771117825706276,0.00018094940495935014,0.03202804467780498,True
top@5_locus,smog_index,-0.18964602482100235,1.4024130700502723e-06,0.0003155429407613113,True
top@5_locus,gunning_fog,-0.19725523320950483,5.112101004110226e-07,0.00012013437359659031,True
top@5_locus,coleman_liau_index,-0.08186777406044973,0.03870716958333202,1.0,False
top@5_locus,automated_readability_index,-0.06327341183041431,0.11033978353183543,1.0,False
top@5_locus,num_steps,0.030967655105979104,0.3714682211149807,1.0,False
top@5_locus,avg_step_length,0.03096676724901493,0.3714819408907115,1.0,False
top@5_locus,steps_with_objects,0.03847111160275002,0.26681761333646603,1.0,False
top@5_locus,steps_with_specific_actions,,,,
top@5_locus,potential_ambiguous_steps,,,,
top@5_locus,potential_vague_steps,0.0003367460714552076,0.992247746981878,1.0,False
top@5_locus,num_causal_markers,0.12300861070771142,0.00036703851359743246,0.06313062433875838,False
top@5_locus,num_temporal_markers,0.10271536046597576,0.0029633234412979794,0.42671857554690906,False
top@5_locus,causal_density,0.11859246757476376,0.0005950018479400154,0.0969853012142225,False
top@5_locus,temporal_density,0.1050698631195373,0.0023657247612251285,0.3477615399000939,False
top@5_locus,num_os_mentions,0.08666887961300328,0.012232003182389482,1.0,False
top@5_locus,num_browser_mentions,0.060351547669259785,0.08134813798430009,1.0,False
top@5_locus,num_env_mentions,0.04745494627092478,0.1706890305148064,1.0,False
top@5_locus,num_versions,0.0791535479474541,0.022171710724682988,1.0,False
top@5_locus,num_exception_types,0.10431450212982878,0.0025442223644996484,0.3714564652169487,False
top@5_locus,stacktrace_depth,0.050401132587059465,0.1456269798462681,1.0,False
top@5_locus,num_caused_by,0.0846217691632662,0.01444562020031343,1.0,False
top@5_locus,behavior_verb_count,,,,
top@5_locus,behavior_verb_density,,,,
top@5_locus,num_modal_verbs,0.14948624419112283,1.4409127725453888e-05,0.002953871183718047,True
top@5_locus,num_negative_modals,0.01677040409920281,0.6284484513789926,1.0,False
top@5_locus,modal_density,0.15565496051699196,6.2222302785590945e-06,0.001319112819054528,True
top@5_locus,redundancy,0.08190172247927648,0.017928350036972608,1.0,False
top@5_locus,ambiguity,0.05298173922689969,0.12607594454668453,1.0,False
top@5_locus,completeness_score,0.17857142857142855,0.5993495593656857,1.0,False
top@5_locus,specificity_score,,,,
top@5_locus,actionability,0.19980644657719307,5.7505621158223404e-09,1.4491416531872299e-06,True
top@5_locus,clarity,0.16954755274671543,8.320863864286719e-07,0.00019054778249216587,True
top@5_locus,specificity,0.1818395280743668,1.217825177157527e-07,3.020206439350667e-05,True
top@5_locus,expected_observed_alignment,0.16984545728391007,7.954788125327065e-07,0.0001837556056950552,True
top@5_locus,technical_depth,0.13861946931760066,5.8441593449177134e-05,0.01122078594224201,True
top@5_locus,causal_reasoning_quality,0.21384288794096784,4.3098226504187576e-10,1.1248637117592958e-07,True
top@5_locus,repair_difficulty,-0.2384831669955045,2.910985221131535e-12,7.888769949266461e-10,True
top@5_locus,description_length,0.10134871804261533,0.0033703142582912574,0.48195493893564983,False
top@5_locus,confidence,0.13637796217616532,7.704558652952798e-05,0.014484570267551261,True
