,Identifier,Active,Deprecated,alpharepair,arja-e,chatrepair,circle,coconut,codex,cure,dear,dlfix,fitrepair,gamma,iter,knod,liana,mcrepair,mulpor,rap-gen,recoder,repilot,rewardrepair,selfapr,t5apr,tare,tenure,thinkrepair,transfer
Chart-1,Chart,TRUE,FALSE,Chart-1,,Chart-1,Chart-1,Chart-1,Chart-1,Chart-1,Chart-1,Chart-1,Chart-1,,Chart-1,Chart-1,Chart-1,Chart-1,Chart-1,Chart-1,Chart-1,Chart-1,Chart-1,Chart-1,Chart-1,Chart-1,,Chart-1,
Chart-2,Chart,TRUE,FALSE,,,,,,,,,,,,,,,,,,,,,,,,,,
Chart-3,Chart,TRUE,FALSE,,Chart-3,,,,,,,,,,,,,,,,Chart-3,,,,,Chart-3,Chart-3,,
Chart-4,Chart,TRUE,FALSE,Chart-4,Chart-4,Chart-4,,,,,,,,,,Chart-4,Chart-4,,Chart-4,,Chart-4,,,,Chart-4,Chart-4,Chart-4,Chart-4,
Chart-5,Chart,TRUE,FALSE,,Chart-5,Chart-5,,,,,,,,,,,,,,,,,,Chart-5,,Chart-5,,,
Chart-6,Chart,TRUE,FALSE,,,Chart-6,,,,,,,,,,,,,,,,,,,,,,,
Chart-7,Chart,TRUE,FALSE,,,Chart-7,Chart-7,,,,Chart-7,,,,Chart-7,,,,Chart-7,Chart-7,Chart-7,,,Chart-7,,,,Chart-7,
Chart-8,Chart,TRUE,FALSE,Chart-8,,Chart-8,Chart-8,,Chart-8,Chart-8,,,Chart-8,,Chart-8,Chart-8,,Chart-8,Chart-8,Chart-8,Chart-8,Chart-8,,Chart-8,,Chart-8,Chart-8,Chart-8,
Chart-9,Chart,TRUE,FALSE,Chart-9,,Chart-9,Chart-9,Chart-9,Chart-9,Chart-9,Chart-9,Chart-9,Chart-9,,Chart-9,Chart-9,Chart-9,Chart-9,Chart-9,Chart-9,Chart-9,Chart-9,Chart-9,Chart-9,Chart-9,Chart-9,,Chart-9,
Chart-10,Chart,TRUE,FALSE,,Chart-10,Chart-10,,,,,,,,,,Chart-10,,,Chart-10,,,,,,,,,Chart-10,
Chart-11,Chart,TRUE,FALSE,Chart-11,Chart-11,Chart-11,Chart-11,Chart-11,Chart-11,Chart-11,Chart-11,Chart-11,Chart-11,,Chart-11,Chart-11,Chart-11,Chart-11,Chart-11,Chart-11,Chart-11,,Chart-11,Chart-11,Chart-11,Chart-11,Chart-11,Chart-11,
Chart-12,Chart,TRUE,FALSE,Chart-12,Chart-12,Chart-12,,Chart-12,Chart-12,Chart-12,,,Chart-12,,Chart-12,Chart-12,,,Chart-12,Chart-12,Chart-12,Chart-12,Chart-12,,Chart-12,Chart-12,Chart-12,,
Chart-13,Chart,TRUE,FALSE,,,Chart-13,,,,,,,,,,,,,,,,,,Chart-13,,,,Chart-13,
Chart-14,Chart,TRUE,FALSE,Chart-14,,,Chart-14,Chart-14,,Chart-14,,,,,,Chart-14,,,Chart-14,,,,,,Chart-14,,Chart-14,,
Chart-15,Chart,TRUE,FALSE,,,,,,,,,,,,,,,,,,,,,,,,,,
Chart-16,Chart,TRUE,FALSE,,,,,,,,Chart-16,,,,Chart-16,,,,Chart-16,Chart-16,,,,,,,,,
Chart-17,Chart,TRUE,FALSE,,,Chart-17,,,,Chart-17,,,,,,,,,,,,,,,,,,Chart-17,
Chart-18,Chart,TRUE,FALSE,,,,,,,,,,,,,,,,,,,,,,,,,,
Chart-19,Chart,TRUE,FALSE,,,,,,,,Chart-19,,,,Chart-19,,,,Chart-19,,,,,,Chart-19,,,,
Chart-20,Chart,TRUE,FALSE,,,Chart-20,,,Chart-20,Chart-20,Chart-20,Chart-20,Chart-20,,Chart-20,Chart-20,,Chart-20,,Chart-20,Chart-20,Chart-20,,Chart-20,,Chart-20,,Chart-20,
Chart-21,Chart,TRUE,FALSE,,,,,,,,,,,,,,,,,,,,,,,,,,
Chart-22,Chart,TRUE,FALSE,,,,,,,,,,,,,,,,,,,,,,,,,,
Chart-23,Chart,TRUE,FALSE,,,,,,,,,,,,,,,,,,,,,,,,,,
Chart-24,Chart,TRUE,FALSE,Chart-24,Chart-24,Chart-24,Chart-24,Chart-24,Chart-24,Chart-24,Chart-24,Chart-24,Chart-24,,Chart-24,,Chart-24,,Chart-24,,Chart-24,Chart-24,Chart-24,Chart-24,Chart-24,Chart-24,Chart-24,Chart-24,
Chart-25,Chart,TRUE,FALSE,,,,,,,,,,,,,,,,,,,,,,,,,,
Chart-26,Chart,TRUE,FALSE,Chart-26,,Chart-26,,Chart-26,,Chart-26,,,Chart-26,,,Chart-26,,,Chart-26,,Chart-26,,,,,Chart-26,,,
Cli-1,Cli,TRUE,FALSE,,,,,,,,,,,,,,,,,,,,,,,,,,Cli-1
Cli-2,Cli,TRUE,FALSE,,,,,,,,,,,,,,,,Cli-2,,,,,,,,,,Cli-2
Cli-3,Cli,TRUE,FALSE,,,,,,,,,,,,,,,,,,,,,,,,,,Cli-3
Cli-4,Cli,TRUE,FALSE,,,,,,,,,,,,,,,,,,,,,,,,,Cli-4,Cli-4
Cli-5,Cli,TRUE,FALSE,,,,,,,,,,,Cli-5,Cli-5,Cli-5,,,Cli-5,,Cli-5,,Cli-5,,Cli-5,Cli-5,Cli-5,,Cli-5
Cli-6,Cli,FALSE,TRUE,,,,,,,,,,,,,,,,,,,,,,,,,,
Cli-7,Cli,TRUE,FALSE,,,,,,,,,,,,,,,,,,,,,,,,,,Cli-7
Cli-8,Cli,TRUE,FALSE,Cli-8,,Cli-8,,,Cli-8,Cli-8,,,Cli-8,Cli-8,Cli-8,Cli-8,,,Cli-8,Cli-8,,Cli-8,Cli-8,Cli-8,Cli-8,Cli-8,,,Cli-8
Cli-9,Cli,TRUE,FALSE,,,,,,,,,,,,,,,,,,,,,,,,,,Cli-9
Cli-10,Cli,TRUE,FALSE,,,,,,,,,,,,,,,,,,,,,,,,,,Cli-10
Cli-11,Cli,TRUE,FALSE,Cli-11,,Cli-11,,,,,,,Cli-11,,Cli-11,Cli-11,,,,,,Cli-11,,Cli-11,Cli-11,,,Cli-11,Cli-11
Cli-12,Cli,TRUE,FALSE,,,,,,,,,,,,,,,,,,,,,Cli-12,,,,,Cli-12
Cli-13,Cli,TRUE,FALSE,,,,,,,,,,,,,,,,,,,,,,,,,,Cli-13
Cli-14,Cli,TRUE,FALSE,,,,,,,,,,,,,,,,,,,,,,,,,,Cli-14
Cli-15,Cli,TRUE,FALSE,,,,,,,,,,,,,,,,,,,,,,,,,,Cli-15
Cli-16,Cli,TRUE,FALSE,,,,,,,,,,,,,,,,,,,,,,,,,,Cli-16
Cli-17,Cli,TRUE,FALSE,Cli-17,,Cli-17,,,Cli-17,,,,Cli-17,Cli-17,Cli-17,Cli-17,,,Cli-17,Cli-17,,Cli-17,Cli-17,Cli-17,Cli-17,Cli-17,,Cli-17,Cli-17
Cli-18,Cli,TRUE,FALSE,,,,,,,,,,,,,,,,,,,,,,Cli-18,Cli-18,,,Cli-18
Cli-19,Cli,TRUE,FALSE,,,,,,,,,,,,,,,,,,,,,,,,,Cli-19,Cli-19
Cli-20,Cli,TRUE,FALSE,,,,,,,,,,,,,,,,,,,,,,,,,,Cli-20
Cli-21,Cli,TRUE,FALSE,,,,,,,,,,,,,,,,,,,,,,,,,,Cli-21
Cli-22,Cli,TRUE,FALSE,,,,,,,,,,,,,,,,,,,,,,,,,,Cli-22
Cli-23,Cli,TRUE,FALSE,,,,,,,,,,,,,,,,,,,,,,,,,,Cli-23
Cli-24,Cli,TRUE,FALSE,,,,,,,,,,,,,,,,Cli-24,,,,,,,,,Cli-24,Cli-24
Cli-25,Cli,TRUE,FALSE,Cli-25,,,,,Cli-25,Cli-25,,,Cli-25,Cli-25,,Cli-25,,,,,,Cli-25,Cli-25,Cli-25,Cli-25,Cli-25,,,Cli-25
Cli-26,Cli,TRUE,FALSE,,,,,,,,,,,,,,,,,,,,,,,,,,Cli-26
Cli-27,Cli,TRUE,FALSE,,,,,,,,,,,Cli-27,Cli-27,,,,Cli-27,Cli-27,,,Cli-27,Cli-27,,,Cli-27,,Cli-27
Cli-28,Cli,TRUE,FALSE,Cli-28,,Cli-28,,,Cli-28,,,,Cli-28,Cli-28,,Cli-28,,,,Cli-28,Cli-28,Cli-28,Cli-28,Cli-28,Cli-28,Cli-28,Cli-28,Cli-28,Cli-28
Cli-29,Cli,TRUE,FALSE,,,,,,,,,,,,,,,,,,,,,,,,,,Cli-29
Cli-30,Cli,TRUE,FALSE,,,,,,,,,,,,,,,,,,,,,,,,,,Cli-30
Cli-31,Cli,TRUE,FALSE,,,,,,,,,,,,,,,,,,,,,,,,,,Cli-31
Cli-32,Cli,TRUE,FALSE,,,,,,,,,,,Cli-32,,,,,,Cli-32,Cli-32,,,,Cli-32,Cli-32,Cli-32,,Cli-32
Cli-33,Cli,TRUE,FALSE,,,,,,,,,,,,,,,,,,,,,,,,,,Cli-33
Cli-34,Cli,TRUE,FALSE,,,,,,,,,,,Cli-34,Cli-34,,,,,Cli-34,,,,,,,,,Cli-34
Cli-35,Cli,TRUE,FALSE,,,,,,,,,,,,,,,,,,,,,,,,,,Cli-35
Cli-36,Cli,TRUE,FALSE,,,,,,,,,,,,,,,,,,,,,,,,,,Cli-36
Cli-37,Cli,TRUE,FALSE,,,,,,,,,,,,,,,,,,,,,Cli-37,,,,Cli-37,Cli-37
Cli-38,Cli,TRUE,FALSE,,,,,,,,,,,,,,,,,,,,,,,,,Cli-38,Cli-38
Cli-39,Cli,TRUE,FALSE,,,,,,,,,,,,,,,,,,,,,,,,,,Cli-39
Cli-40,Cli,TRUE,FALSE,,,Cli-40,,,Cli-40,,,,Cli-40,Cli-40,,,,,Cli-40,,,Cli-40,,Cli-40,Cli-40,,,Cli-40,Cli-40
Closure-1,Closure,TRUE,FALSE,,,,,,,,,,,,,Closure-1,Closure-1,,,,,,Closure-1,,,Closure-1,,,
Closure-2,Closure,TRUE,FALSE,Closure-2,,Closure-2,,,,,,,Closure-2,,,,,Closure-2,,,Closure-2,,,,Closure-2,Closure-2,Closure-2,,
Closure-3,Closure,TRUE,FALSE,,,,,,,,,,,,,,,,,,,,,,,,,,
Closure-4,Closure,TRUE,FALSE,,,,Closure-4,,,,,,,,Closure-4,,,,Closure-4,,,,,,,,,,
Closure-5,Closure,TRUE,FALSE,,,Closure-5,,,,,,,Closure-5,,,Closure-5,,,,,,Closure-5,,,,Closure-5,,,
Closure-6,Closure,TRUE,FALSE,,,,,,,,,,,,,,,,Closure-6,,,,,Closure-6,Closure-6,,Closure-6,,
Closure-7,Closure,TRUE,FALSE,,,,,,,,,,,,,,,Closure-7,Closure-7,,Closure-7,,,,,,,,
Closure-8,Closure,TRUE,FALSE,,,,,,,,,,,,,,,,,,,,,,,,,,
Closure-9,Closure,TRUE,FALSE,,,,,,,,,,,,,,,,,,,,,,,,Closure-9,,
Closure-10,Closure,TRUE,FALSE,Closure-10,,Closure-10,Closure-10,,,Closure-10,Closure-10,Closure-10,Closure-10,,Closure-10,Closure-10,Closure-10,Closure-10,Closure-10,,Closure-10,Closure-10,,Closure-10,Closure-10,Closure-10,,,
Closure-11,Closure,TRUE,FALSE,Closure-11,,Closure-11,Closure-11,,,Closure-11,,,,,,Closure-11,Closure-11,Closure-11,Closure-11,Closure-11,Closure-11,Closure-11,Closure-11,Closure-11,Closure-11,Closure-11,Closure-11,Closure-11,
Closure-12,Closure,TRUE,FALSE,,,,,,,,,,,,,,,,,,,,,,,,,,
Closure-13,Closure,TRUE,FALSE,,,Closure-13,,,,,,,,,,,,Closure-13,,,,,,,,,Closure-13,Closure-13,
Closure-14,Closure,TRUE,FALSE,,,,,,,,Closure-14,Closure-14,Closure-14,,,Closure-14,Closure-14,,,,Closure-14,,,,,Closure-14,Closure-14,Closure-14,
Closure-15,Closure,TRUE,FALSE,,,Closure-15,,,,,,,Closure-15,,,Closure-15,,,Closure-15,,,,,,,Closure-15,,,
Closure-16,Closure,TRUE,FALSE,,,,,,,,,,,,,,,,,,,,,,,,,,
Closure-17,Closure,TRUE,FALSE,,,,,,,,,,,,,,,,,,,,,,,,,,
Closure-18,Closure,TRUE,FALSE,Closure-18,,Closure-18,Closure-18,Closure-18,Closure-18,Closure-18,,Closure-18,Closure-18,,,Closure-18,,,Closure-18,Closure-18,Closure-18,Closure-18,Closure-18,Closure-18,Closure-18,Closure-18,Closure-18,Closure-18,
Closure-19,Closure,TRUE,FALSE,Closure-19,,Closure-19,,,,,,,Closure-19,,,Closure-19,,Closure-19,,Closure-19,,Closure-19,,,,,,Closure-19,
Closure-20,Closure,TRUE,FALSE,,,Closure-20,,,,,,,,,,,,,,,,,,,,,,Closure-20,
Closure-21,Closure,TRUE,FALSE,Closure-21,,,,,,,,,,,,,,,,,Closure-21,,,,,,Closure-21,,
Closure-22,Closure,TRUE,FALSE,,,,,,,,,,,,,,,,,,,,,,,,,,
Closure-23,Closure,TRUE,FALSE,,,,,,,,,,,,,,,,,,,,,,,,,,
Closure-24,Closure,TRUE,FALSE,,,,,,,,,,,,,,,,,,,,,,,,,,
Closure-25,Closure,TRUE,FALSE,,,,,,,,,,,,,,,,,,,,,,,,,,
Closure-26,Closure,TRUE,FALSE,,,,,,,,,,,,,,,,,,,,,,,,,,
Closure-27,Closure,TRUE,FALSE,,,,,,,,,,,,,,,,,,,,,,,,,,
Closure-28,Closure,TRUE,FALSE,,,,,,,,,,,,,,,,,,,,,,,,,,
Closure-29,Closure,TRUE,FALSE,,,,,,,,,,,,,,,,,,,,,,,,,,
Closure-30,Closure,TRUE,FALSE,,,,,,,,,,,,,,,,,,,,,,,,,,
Closure-31,Closure,TRUE,FALSE,Closure-31,,Closure-31,Closure-31,Closure-31,Closure-31,,,,,,,,,,Closure-31,,Closure-31,Closure-31,Closure-31,Closure-31,Closure-31,,Closure-31,Closure-31,
Closure-32,Closure,TRUE,FALSE,,,,,,,,,,,,,,,,,,,,,,,,,,
Closure-33,Closure,TRUE,FALSE,,,Closure-33,,,,,,,,,,,Closure-33,,,,Closure-33,,,,,Closure-33,,,
Closure-34,Closure,TRUE,FALSE,,,,,,,,,,,,,,,,,,,,,,,,,,
Closure-35,Closure,TRUE,FALSE,,,,,,,,,,,,,,,,,,,,,,,,,,
Closure-36,Closure,TRUE,FALSE,,,Closure-36,,,,,,,,,,,,,,,,,,,,,,,
Closure-37,Closure,TRUE,FALSE,,,,,,,,,,,,,,,,,,,,,,,,,,
Closure-38,Closure,TRUE,FALSE,Closure-38,,Closure-38,Closure-38,Closure-38,,Closure-38,,,Closure-38,,Closure-38,Closure-38,,Closure-38,Closure-38,,,Closure-38,Closure-38,Closure-38,Closure-38,Closure-38,Closure-38,Closure-38,
Closure-39,Closure,TRUE,FALSE,,,,,,,,,,,,,,,,,,,,,,,,,,
Closure-40,Closure,TRUE,FALSE,Closure-40,,,Closure-40,Closure-40,,Closure-40,Closure-40,Closure-40,Closure-40,,,Closure-40,Closure-40,Closure-40,Closure-40,,Closure-40,,,Closure-40,Closure-40,Closure-40,Closure-40,,
Closure-41,Closure,TRUE,FALSE,,,,,,,,,,,,,,,,,,,,,,,,,,
Closure-42,Closure,TRUE,FALSE,,,,,,,,,,,,,,,,,,,,,,,,,,
Closure-43,Closure,TRUE,FALSE,,,,,,,,,,,,,,,,,,,,,,,,,,
Closure-44,Closure,TRUE,FALSE,,,Closure-44,,,,,,,,,,,,,,,,,,,,,,Closure-44,
Closure-45,Closure,TRUE,FALSE,,,,,,,,,,,,,,,,,,,,,,,,,,
Closure-46,Closure,TRUE,FALSE,Closure-46,,,Closure-46,Closure-46,,Closure-46,,,,,Closure-46,Closure-46,Closure-46,Closure-46,Closure-46,Closure-46,Closure-46,Closure-46,,Closure-46,Closure-46,Closure-46,Closure-46,,
Closure-47,Closure,TRUE,FALSE,,,,,,,,,,,,,,,,,,,,,,,,,,
Closure-48,Closure,TRUE,FALSE,,,,,,,,,,,,,,,,,,,,,,,,,,
Closure-49,Closure,TRUE,FALSE,,,,,,,,,,,,,,,,,,,,,,,,,,
Closure-50,Closure,TRUE,FALSE,,,,,,,,,,,,,,,,,,,,,,,,,,
Closure-51,Closure,TRUE,FALSE,,,,,,,,,,Closure-51,,,,,,,,,,,,,,,Closure-51,
Closure-52,Closure,TRUE,FALSE,,,Closure-52,,,,,,,,,,Closure-52,,,,,,Closure-52,,,,,,Closure-52,
Closure-53,Closure,TRUE,FALSE,,,,,,,,,,,,,,,,,,,,,,,,,,
Closure-54,Closure,TRUE,FALSE,,,,,,,,,,,,,,,,,,,,,,,,,,
Closure-55,Closure,TRUE,FALSE,,,,,,,,,,,,,,,,,,,,,,,,,,
Closure-56,Closure,TRUE,FALSE,,,Closure-56,,,,,,,,,Closure-56,,,,,,,,,,,,,Closure-56,
Closure-57,Closure,TRUE,FALSE,Closure-57,,Closure-57,,,Closure-57,Closure-57,,,Closure-57,,Closure-57,,,Closure-57,,Closure-57,Closure-57,Closure-57,,Closure-57,Closure-57,,,Closure-57,
Closure-58,Closure,TRUE,FALSE,,,,,,,,,,,,,,,,,,,,,,,,,,
Closure-59,Closure,TRUE,FALSE,,,,,,,,,,,,,,,,,,,,,,,,,,
Closure-60,Closure,TRUE,FALSE,,,,,,,,,,,,,,,,,,,,,,,,,,
Closure-61,Closure,TRUE,FALSE,,,Closure-61,,,,,,,,,,,,,,,,,,,,,,,
Closure-62,Closure,TRUE,FALSE,Closure-62,,Closure-62,Closure-62,,Closure-62,Closure-62,Closure-62,Closure-62,Closure-62,,Closure-62,Closure-62,Closure-62,Closure-62,,,Closure-62,Closure-62,Closure-62,Closure-62,Closure-62,Closure-62,Closure-62,Closure-62,
Closure-63,Closure,FALSE,TRUE,,,,Closure-63,,,,Closure-63,Closure-63,,,Closure-63,,Closure-63,,,,Closure-63,,,,,Closure-63,Closure-63,,
Closure-64,Closure,TRUE,FALSE,,,,,,,,,,,,,,,,,,,,,,,,,,
Closure-65,Closure,TRUE,FALSE,,,Closure-65,,,,,,,Closure-65,,,,,,,Closure-65,,,,,,,,,
Closure-66,Closure,TRUE,FALSE,Closure-66,,,,,,,,,Closure-66,,,,,,Closure-66,,,Closure-66,,,Closure-66,,,,
Closure-67,Closure,TRUE,FALSE,,,Closure-67,,,,,,,,,,,,,,,,,,,,,,,
Closure-68,Closure,TRUE,FALSE,,,,,,,,,,,,,,,,,,,,,,,,,,
Closure-69,Closure,TRUE,FALSE,,,,,,,,,,,,,,,,,,,,,,,,,,
Closure-70,Closure,TRUE,FALSE,Closure-70,,Closure-70,Closure-70,Closure-70,Closure-70,Closure-70,,Closure-70,Closure-70,,,Closure-70,Closure-70,Closure-70,Closure-70,Closure-70,Closure-70,Closure-70,Closure-70,Closure-70,Closure-70,Closure-70,Closure-70,,
Closure-71,Closure,TRUE,FALSE,,,,,,Closure-71,,,,Closure-71,,,,,,,,,,,,,,,,
Closure-72,Closure,TRUE,FALSE,,,,,,,,,,,,,,,,,,,,,,,,,,
Closure-73,Closure,TRUE,FALSE,Closure-73,,Closure-73,Closure-73,Closure-73,Closure-73,Closure-73,Closure-73,Closure-73,Closure-73,,Closure-73,Closure-73,Closure-73,,Closure-73,Closure-73,Closure-73,Closure-73,Closure-73,Closure-73,Closure-73,Closure-73,Closure-73,Closure-73,
Closure-74,Closure,TRUE,FALSE,,,,,,,,,,,,,,,,,,,,,,,,,,
Closure-75,Closure,TRUE,FALSE,,,,,,,,,,,,,,,,Closure-75,Closure-75,,,,Closure-75,,,,,
Closure-76,Closure,TRUE,FALSE,,,,,,,,,,,,,,,,,,,,,,,,,,
Closure-77,Closure,TRUE,FALSE,Closure-77,,Closure-77,,,Closure-77,,,,Closure-77,,,Closure-77,,,,Closure-77,,Closure-77,,,,,,Closure-77,
Closure-78,Closure,TRUE,FALSE,,,Closure-78,Closure-78,,,,,,,,,,,,Closure-78,,,,,,Closure-78,,,Closure-78,
Closure-79,Closure,TRUE,FALSE,,,,,,,,,,,,Closure-79,,,,,Closure-79,,,,Closure-79,,,,,
Closure-80,Closure,TRUE,FALSE,,,,,,,,,,,,,,,,,,,,,,,,,,
Closure-81,Closure,TRUE,FALSE,,,,,,,,,,,,,,,,,,,,,,,,,,
Closure-82,Closure,TRUE,FALSE,,,,,,,,,,,,,,,,,,,,,,,,,,
Closure-83,Closure,TRUE,FALSE,,,Closure-83,,,,,,,,,,,,,,,,,,,,,,Closure-83,
Closure-84,Closure,TRUE,FALSE,,,,,,,,,,,,,,,,,,,,,,,,,,
Closure-85,Closure,TRUE,FALSE,,,,,,,,,,,,,,,,,,,,,,,,,,
Closure-86,Closure,TRUE,FALSE,Closure-86,,Closure-86,Closure-86,Closure-86,Closure-86,Closure-86,Closure-86,Closure-86,Closure-86,,Closure-86,Closure-86,Closure-86,Closure-86,Closure-86,Closure-86,Closure-86,Closure-86,Closure-86,Closure-86,Closure-86,Closure-86,Closure-86,Closure-86,
Closure-87,Closure,TRUE,FALSE,,,,,,,,,,,,,,,,,,,,,,,,,,
Closure-88,Closure,TRUE,FALSE,,,,,,,,,,,,,,,,,,,,,,,,,,
Closure-89,Closure,TRUE,FALSE,,,,,,,,,,,,,,,,,,,,,,,,,,
Closure-90,Closure,TRUE,FALSE,,,,,,,,,,,,,,,,,,,,,,,,,,
Closure-91,Closure,TRUE,FALSE,,,,,,,,,,,,,,,,,,,,,,,,,,
Closure-92,Closure,TRUE,FALSE,Closure-92,,Closure-92,Closure-92,Closure-92,Closure-92,Closure-92,,,Closure-92,,Closure-92,Closure-92,Closure-92,Closure-92,Closure-92,Closure-92,Closure-92,Closure-92,Closure-92,Closure-92,Closure-92,Closure-92,Closure-92,Closure-92,
Closure-93,Closure,FALSE,TRUE,,,,Closure-93,,,,,,,,,,Closure-93,,Closure-93,,Closure-93,,,,,Closure-93,Closure-93,,
Closure-94,Closure,TRUE,FALSE,,,,,,,,,,,,,,,,,,,,,,,,,,
Closure-95,Closure,TRUE,FALSE,,,,,,,,,,,,,,,,,,,,,,,,,,
Closure-96,Closure,TRUE,FALSE,,,,,,,,,,,,,,,,,,,,,,,,,,
Closure-97,Closure,TRUE,FALSE,,,Closure-97,,,,,,,,,,,,,,,,Closure-97,,,,,,Closure-97,
Closure-98,Closure,TRUE,FALSE,,,,,,,,,,,,,,,,,,,,,,,,,,
Closure-99,Closure,TRUE,FALSE,,,,,,,,,,,,,,,,,,,,,,,,,,
Closure-100,Closure,TRUE,FALSE,,,,,,,,,,,,,,,,,,,,,,,,,,
Closure-101,Closure,TRUE,FALSE,Closure-101,,Closure-101,,,,,,,Closure-101,,,,,Closure-101,,,,,Closure-101,,Closure-101,,Closure-101,Closure-101,
Closure-102,Closure,TRUE,FALSE,,,Closure-102,,,,Closure-102,,,Closure-102,,,,,Closure-102,Closure-102,,,,,,Closure-102,Closure-102,Closure-102,Closure-102,
Closure-103,Closure,TRUE,FALSE,,,,,,,,,,,,,,,,,,,,,,,,,,
Closure-104,Closure,TRUE,FALSE,,,Closure-104,,,Closure-104,,,,Closure-104,,Closure-104,,Closure-104,,,Closure-104,Closure-104,Closure-104,,Closure-104,,Closure-104,Closure-104,Closure-104,
Closure-105,Closure,TRUE,FALSE,,,,,,,,,,,,,,,,,,,,,,,,,Closure-105,
Closure-106,Closure,TRUE,FALSE,,,,,,,,,,,,,,,,,Closure-106,,,,Closure-106,,,,,
Closure-107,Closure,TRUE,FALSE,,,,,,,,,,,,,,,Closure-107,,,,,,,,,,,
Closure-108,Closure,TRUE,FALSE,,,,,,,,,,,,,,,,,,,,,,,,,,
Closure-109,Closure,TRUE,FALSE,Closure-109,,,,,,,,,,,,,,Closure-109,,,Closure-109,,,Closure-109,Closure-109,,,,
Closure-110,Closure,TRUE,FALSE,,,,,,,,,,,,,,,,,,,,,,,,,,
Closure-111,Closure,TRUE,FALSE,,,,,,,,,,,,,,,,,,,,,,,,,,
Closure-112,Closure,TRUE,FALSE,,,,,,,,,,,,,,,,,,,,,,,,,,
Closure-113,Closure,TRUE,FALSE,,,,,,,,,,,,Closure-113,,Closure-113,,,Closure-113,,,,Closure-113,,,,,
Closure-114,Closure,TRUE,FALSE,,,,,,,,,,,,,,,,,,,,,,,,,,
Closure-115,Closure,TRUE,FALSE,Closure-115,,,Closure-115,,,,,Closure-115,,,Closure-115,,Closure-115,Closure-115,Closure-115,Closure-115,Closure-115,,,Closure-115,Closure-115,Closure-115,Closure-115,,
Closure-116,Closure,TRUE,FALSE,,,,,,,,,,,,,,,,,,,,,,,,,,
Closure-117,Closure,TRUE,FALSE,,,,,,,,,,,,,,,,,,,,,,,,,,
Closure-118,Closure,TRUE,FALSE,,,,,,,,,,,,,Closure-118,Closure-118,,Closure-118,,Closure-118,,,,,Closure-118,,,
Closure-119,Closure,TRUE,FALSE,,,Closure-119,,,,,,,Closure-119,,,Closure-119,,,,,,,,,,,,Closure-119,
Closure-120,Closure,TRUE,FALSE,,,,,,,,,,,,,,,,,,,,,,,,,,
Closure-121,Closure,TRUE,FALSE,,,,,,,,,,,,,,,,,,,,,,,,,,
Closure-122,Closure,TRUE,FALSE,,,,,,,,,,,,,,,Closure-122,,,,,,,,,,Closure-122,
Closure-123,Closure,TRUE,FALSE,,,,Closure-123,,Closure-123,,,,Closure-123,,Closure-123,Closure-123,,,,Closure-123,,,,Closure-123,,,Closure-123,,
Closure-124,Closure,TRUE,FALSE,,,Closure-124,,,,,,,Closure-124,,,,,,Closure-124,,,,,,,Closure-124,,Closure-124,
Closure-125,Closure,TRUE,FALSE,Closure-125,,Closure-125,,,Closure-125,,,,Closure-125,,,Closure-125,,Closure-125,Closure-125,Closure-125,Closure-125,Closure-125,,Closure-125,,,,,
Closure-126,Closure,TRUE,FALSE,Closure-126,,Closure-126,Closure-126,,,Closure-126,,Closure-126,,,Closure-126,Closure-126,Closure-126,,Closure-126,Closure-126,Closure-126,Closure-126,Closure-126,Closure-126,Closure-126,Closure-126,Closure-126,Closure-126,
Closure-127,Closure,TRUE,FALSE,,,,,,,,,,,,,,,,,,,,,,,,,,
Closure-128,Closure,TRUE,FALSE,,,Closure-128,,,,,,,,,,,Closure-128,,Closure-128,,,,,,,,Closure-128,Closure-128,
Closure-129,Closure,TRUE,FALSE,,,,,,,,,,,,,,,,,,,,,,,,,,
Closure-130,Closure,TRUE,FALSE,,,,,,,,,,Closure-130,,,,Closure-130,,,,,,,,,,,,
Closure-131,Closure,TRUE,FALSE,,,,,,,,,,,,Closure-131,,,,,,,,,,,,,Closure-131,
Closure-132,Closure,TRUE,FALSE,,,,,,,,,,,,,,,,,,,,,,,,,,
Closure-133,Closure,TRUE,FALSE,,,,,,,,,,Closure-133,,,,,,,,,Closure-133,,,,,,,
Closure-134,Closure,TRUE,FALSE,,,,,,,,,,,,,,,,,,,,,,,,,,
Closure-135,Closure,TRUE,FALSE,,,,,,,,,,,,,,,,,,,,,,,,,,
Closure-136,Closure,TRUE,FALSE,,,,,,,,,,,,,,,,,,,,,,,,,,
Closure-137,Closure,TRUE,FALSE,,,,,,,,,,,,,,,,,,,,,,,,,,
Closure-138,Closure,TRUE,FALSE,,,,,,,,,,,,,,,,,,,,,,,,,,
Closure-139,Closure,TRUE,FALSE,,,,,,,,,,,,,,,,,,,,,,,,,,
Closure-140,Closure,TRUE,FALSE,,,,,,,,,,,,,,,,,,,,,,,,,,
Closure-141,Closure,TRUE,FALSE,,,,,,,,,,,,,,,,,,,,,,,,,,
Closure-142,Closure,TRUE,FALSE,,,,,,,,,,,,,,,,,,,,,,,,,,
Closure-143,Closure,TRUE,FALSE,,,,,,,,,,,,,,,,,,,,,,,,,,
Closure-144,Closure,TRUE,FALSE,,,,,,,,,,,,,,,,,,,,,,,,,,
Closure-145,Closure,TRUE,FALSE,,,,,,,,,,,,,,,,,,,,,,,,,,
Closure-146,Closure,TRUE,FALSE,,,,,,,,,,,,,,,,,,,,,,,,,,
Closure-147,Closure,TRUE,FALSE,,,,,,,,,,,,,,,,,,,,,,,,,,
Closure-148,Closure,TRUE,FALSE,,,,,,,,,,,,,,,,,,,,,,,,,,
Closure-149,Closure,TRUE,FALSE,,,,,,,,,,,,,,,,,,,,,,,,,,
Closure-150,Closure,TRUE,FALSE,,,,,,,,,,,,,,,,,Closure-150,,,,,Closure-150,,,,
Closure-151,Closure,TRUE,FALSE,,,,,,,,,,,,,,,,,,,,,,,,,,
Closure-152,Closure,TRUE,FALSE,,,,,,,,,,,,,,,,,,,,,,,,,Closure-152,
Closure-153,Closure,TRUE,FALSE,,,,,,,,,,,,,,,,,,,,,,,,,,
Closure-154,Closure,TRUE,FALSE,,,,,,,,,,,,,,,,,,,,,,,,,,
Closure-155,Closure,TRUE,FALSE,,,,,,,,,,,,,,,,,,,,,,,,,,
Closure-156,Closure,TRUE,FALSE,,,,,,,,,,,,,,,,,,,,,,,,,,
Closure-157,Closure,TRUE,FALSE,,,,,,,,,,,,,,,,,,,,,,,,,,
Closure-158,Closure,TRUE,FALSE,,,,,,,,,,,,,,,,,,,,,,,,,,
Closure-159,Closure,TRUE,FALSE,,,,,,,,,,,,,,,,,,,,,,,,,,
Closure-160,Closure,TRUE,FALSE,,,,,,,,,,,,,,,,,,,,,,,,,,
Closure-161,Closure,TRUE,FALSE,,,,,,,,,,,,,,,,,,,,,,,,,,
Closure-162,Closure,TRUE,FALSE,,,,,,,,,,,,,,,,,,,,,,,,,,
Closure-163,Closure,TRUE,FALSE,,,,,,,,,,,,,,,,,,,,,,,,,,
Closure-164,Closure,TRUE,FALSE,,,,,,,,,,,,,,,,,,,,,,,,,,
Closure-165,Closure,TRUE,FALSE,,,,,,,,,,,,,,,,,,,,,,,,,,
Closure-166,Closure,TRUE,FALSE,,,,,,,,,,,,,,,,,,,,,,,,,Closure-166,
Closure-167,Closure,TRUE,FALSE,,,,,,,,,,,,,,,,,,,,,,,,,,
Closure-168,Closure,TRUE,FALSE,,,,,,,Closure-168,,,,,,Closure-168,,,,Closure-168,,,Closure-168,Closure-168,Closure-168,Closure-168,,Closure-168,
Closure-169,Closure,TRUE,FALSE,,,,,,,,,,,,,,,,,,,,,,,,,,
Closure-170,Closure,TRUE,FALSE,,,,,,,,,,,,,,,,,,,,,,,,,,
Closure-171,Closure,TRUE,FALSE,,,,,,,,,,,,,,,,,,,,,,,,,,
Closure-172,Closure,TRUE,FALSE,,,,,,,,,,,,,,,,,,,,,,,,,,
Closure-173,Closure,TRUE,FALSE,,,,,,,,,,,,,,,,,,,,,,,,,,
Closure-174,Closure,TRUE,FALSE,,,,,,,,,,,,,,,,,,,,,,,,,,
Closure-175,Closure,TRUE,FALSE,,,,,,,,,,,,,,,,,,,,,,,,,,
Closure-176,Closure,TRUE,FALSE,,,,,,,,,,,,,,,,,,,,,,,,,,
Codec-1,Codec,TRUE,FALSE,,,,,,,,,,,,Codec-1,,,,,,,,Codec-1,,,,,,
Codec-2,Codec,TRUE,FALSE,Codec-2,,Codec-2,,,Codec-2,Codec-2,,,Codec-2,,,Codec-2,,,,,,,Codec-2,Codec-2,,Codec-2,Codec-2,Codec-2,
Codec-3,Codec,TRUE,FALSE,Codec-3,,Codec-3,,,,,,,Codec-3,Codec-3,Codec-3,Codec-3,,,,,,Codec-3,Codec-3,Codec-3,Codec-3,Codec-3,Codec-3,Codec-3,
Codec-4,Codec,TRUE,FALSE,Codec-4,,Codec-4,,,Codec-4,Codec-4,,,Codec-4,,,Codec-4,,,Codec-4,Codec-4,,Codec-4,,Codec-4,Codec-4,,Codec-4,Codec-4,
Codec-5,Codec,TRUE,FALSE,,,,,,,,,,,,,,,,Codec-5,,,,,,Codec-5,,,Codec-5,
Codec-6,Codec,TRUE,FALSE,,,,,,,,,,,,,,,,,,,,,,,,,Codec-6,
Codec-7,Codec,TRUE,FALSE,Codec-7,,Codec-7,,,Codec-7,Codec-7,,,Codec-7,Codec-7,Codec-7,Codec-7,,,,Codec-7,Codec-7,Codec-7,Codec-7,Codec-7,Codec-7,Codec-7,Codec-7,Codec-7,
Codec-8,Codec,TRUE,FALSE,,,,,,,,,,,Codec-8,,Codec-8,,,,Codec-8,,,Codec-8,Codec-8,Codec-8,Codec-8,Codec-8,,
Codec-9,Codec,TRUE,FALSE,,,Codec-9,,,,,,,,,,,,,,,,,,Codec-9,,,,,
Codec-10,Codec,TRUE,FALSE,,,Codec-10,,,Codec-10,,,,,,,,,,Codec-10,,,,,,,,,Codec-10,Codec-10
Codec-11,Codec,TRUE,FALSE,,,,,,,,,,,,,,,,,,,,,,,,,,Codec-11
Codec-12,Codec,TRUE,FALSE,,,,,,,,,,,,,,,,,,,,,,,,,,
Codec-13,Codec,TRUE,FALSE,,,,,,,,,,,,,,,,,,,,,,,,,,
Codec-14,Codec,TRUE,FALSE,,,,,,,,,,,,,,,,,,,,,,,,,,Codec-14
Codec-15,Codec,TRUE,FALSE,,,,,,,,,,,,,,,,,,,,,,,,,Codec-15,
Codec-16,Codec,TRUE,FALSE,Codec-16,,,,,,,,,,,,,,,,,,Codec-16,,Codec-16,Codec-16,,,,Codec-16
Codec-17,Codec,TRUE,FALSE,Codec-17,,Codec-17,,,Codec-17,Codec-17,,,Codec-17,,,Codec-17,,,,Codec-17,Codec-17,Codec-17,Codec-17,Codec-17,Codec-17,Codec-17,Codec-17,Codec-17,
Codec-18,Codec,TRUE,FALSE,,,Codec-18,,,Codec-18,,,,,,,,,,,,,Codec-18,,,,,,Codec-18,
Collections-1,Collections,TRUE,FALSE,,,,,,,,,,,,,,,,,,,,,,,,,,
Collections-2,Collections,TRUE,FALSE,,,,,,,,,,,,,,,,,,,,,,,,,,
Collections-3,Collections,TRUE,FALSE,,,,,,,,,,,,,,,,,,,,,,,,,,
Collections-4,Collections,TRUE,FALSE,,,,,,,,,,,,,,,,,,,,,,,,,,
Collections-5,Collections,TRUE,FALSE,,,,,,,,,,,,,,,,,,,,,,,,,,
Collections-6,Collections,TRUE,FALSE,,,,,,,,,,,,,,,,,,,,,,,,,,
Collections-7,Collections,TRUE,FALSE,,,,,,,,,,,,,,,,,,,,,,,,,,
Collections-8,Collections,TRUE,FALSE,,,,,,,,,,,,,,,,,,,,,,,,,,
Collections-9,Collections,TRUE,FALSE,,,,,,,,,,,,,,,,,,,,,,,,,,
Collections-10,Collections,TRUE,FALSE,,,,,,,,,,,,,,,,,,,,,,,,,,
Collections-11,Collections,TRUE,FALSE,,,,,,,,,,,,,,,,,,,,,,,,,,
Collections-12,Collections,TRUE,FALSE,,,,,,,,,,,,,,,,,,,,,,,,,,
Collections-13,Collections,TRUE,FALSE,,,,,,,,,,,,,,,,,,,,,,,,,,
Collections-14,Collections,TRUE,FALSE,,,,,,,,,,,,,,,,,,,,,,,,,,
Collections-15,Collections,TRUE,FALSE,,,,,,,,,,,,,,,,,,,,,,,,,,
Collections-16,Collections,TRUE,FALSE,,,,,,,,,,,,,,,,,,,,,,,,,,
Collections-17,Collections,TRUE,FALSE,,,,,,,,,,,,,,,,,,,,,,,,,,
Collections-18,Collections,TRUE,FALSE,,,,,,,,,,,,,,,,,,,,,,,,,,
Collections-19,Collections,TRUE,FALSE,,,,,,,,,,,,,,,,,,,,,,,,,,
Collections-20,Collections,TRUE,FALSE,,,,,,,,,,,,,,,,,,,,,,,,,,
Collections-21,Collections,TRUE,FALSE,,,,,,,,,,,,,,,,,,,,,,,,,,
Collections-22,Collections,TRUE,FALSE,,,,,,,,,,,,,,,,,,,,,,,,,,
Collections-23,Collections,TRUE,FALSE,,,,,,,,,,,,,,,,,,,,,,,,,,
Collections-24,Collections,TRUE,FALSE,,,,,,,,,,,,,,,,,,,,,,,,,,
Collections-25,Collections,TRUE,FALSE,,,,,,,,,,,,,,,,,,,,,,,,,,Collections-25
Collections-26,Collections,TRUE,FALSE,,,,,,,,,,Collections-26,,,,,,,Collections-26,,Collections-26,Collections-26,Collections-26,Collections-26,,Collections-26,,Collections-26
Collections-27,Collections,TRUE,FALSE,,,,,,,,,,,,,,,,,,,,,,,,,,Collections-27
Collections-28,Collections,TRUE,FALSE,,,,,,,,,,,,,,,,,,,,,,,,,,
Compress-1,Compress,TRUE,FALSE,,,,,,,,,,Compress-1,,,Compress-1,,,Compress-1,,,Compress-1,,,,,,,Compress-1
Compress-2,Compress,TRUE,FALSE,,,,,,,,,,,,,,,,,,,,,,,,,,Compress-2
Compress-3,Compress,TRUE,FALSE,,,,,,,,,,,,,,,,,,,,,,,,,,Compress-3
Compress-4,Compress,TRUE,FALSE,,,,,,,,,,,,,,,,,,,,,,,,Compress-4,,Compress-4
Compress-5,Compress,TRUE,FALSE,,,,,,,,,,,,,,,,,,,,,,,,,,Compress-5
Compress-6,Compress,TRUE,FALSE,,,,,,,,,,,,,,,,,,,,,,,,Compress-6,,Compress-6
Compress-7,Compress,TRUE,FALSE,,,,,,,,,,,,,,,,,,,,,,,,,Compress-7,Compress-7
Compress-8,Compress,TRUE,FALSE,,,,,,,,,,,,,,,,,,,,,,,,,,Compress-8
Compress-9,Compress,TRUE,FALSE,,,,,,,,,,,,,,,,,,,,,,,,,,Compress-9
Compress-10,Compress,TRUE,FALSE,,,,,,,,,,,,,,,,Compress-10,,,,,,,,,,Compress-10
Compress-11,Compress,TRUE,FALSE,,,,,,,,,,,,,,,,,,,,,,,,,,Compress-11
Compress-12,Compress,TRUE,FALSE,,,,,,,,,,,,,,,,Compress-12,,,,,,,,,Compress-12,Compress-12
Compress-13,Compress,TRUE,FALSE,,,,,,,,,,,,,,,,,,,,,,,,,,Compress-13
Compress-14,Compress,TRUE,FALSE,,,,,,,,,,,,,,,,Compress-14,Compress-14,,,Compress-14,Compress-14,Compress-14,,Compress-14,,Compress-14
Compress-15,Compress,TRUE,FALSE,,,,,,,,,,,,,,,,,,,,,,,,,Compress-15,Compress-15
Compress-16,Compress,TRUE,FALSE,,,,,,,,,,,,,,,,Compress-16,,,,,,,,,,Compress-16
Compress-17,Compress,TRUE,FALSE,,,,,,,,,,,,,,,,,,,,,,,,,Compress-17,Compress-17
Compress-18,Compress,TRUE,FALSE,,,,,,,,,,,,,,,,Compress-18,,,,,Compress-18,,,,Compress-18,Compress-18
Compress-19,Compress,TRUE,FALSE,Compress-19,,Compress-19,,,Compress-19,,,,Compress-19,Compress-19,Compress-19,Compress-19,,,,Compress-19,Compress-19,Compress-19,Compress-19,Compress-19,Compress-19,Compress-19,,Compress-19,Compress-19
Compress-20,Compress,TRUE,FALSE,,,,,,,,,,,,,,,,,,,,,,,,,,Compress-20
Compress-21,Compress,TRUE,FALSE,,,,,,,,,,,,,,,,,,,,,,,,,Compress-21,Compress-21
Compress-22,Compress,TRUE,FALSE,,,,,,,,,,,,,,,,,,,,,,,,,,
Compress-23,Compress,TRUE,FALSE,,,Compress-23,,,Compress-23,,,,,,,,,,,,,Compress-23,,Compress-23,,,,Compress-23,Compress-23
Compress-24,Compress,TRUE,FALSE,,,,,,,,,,,,,,,,,,,,,,,,Compress-24,,Compress-24
Compress-25,Compress,TRUE,FALSE,,,,,,Compress-25,,,,,,Compress-25,,,,,,,,,,,,,,Compress-25
Compress-26,Compress,TRUE,FALSE,,,,,,,,,,,,,,,,,,,,,,,,,,Compress-26
Compress-27,Compress,TRUE,FALSE,,,,,,,,,,,Compress-27,Compress-27,,,,,Compress-27,Compress-27,,Compress-27,Compress-27,Compress-27,Compress-27,Compress-27,Compress-27,Compress-27
Compress-28,Compress,TRUE,FALSE,,,,,,,,,,,,,,,,,,,,,,,,,,Compress-28
Compress-29,Compress,TRUE,FALSE,,,,,,,,,,,,,,,,,,,,,,,,,,Compress-29
Compress-30,Compress,TRUE,FALSE,,,,,,,,,,,,,,,,Compress-30,,,,,,,,,Compress-30,Compress-30
Compress-31,Compress,TRUE,FALSE,,,,,,,Compress-31,,,,Compress-31,Compress-31,Compress-31,,,,Compress-31,Compress-31,,Compress-31,Compress-31,Compress-31,Compress-31,Compress-31,Compress-31,
Compress-32,Compress,TRUE,FALSE,,,,,,,,,,,,,,,,,Compress-32,,,,Compress-32,,Compress-32,Compress-32,Compress-32,
Compress-33,Compress,TRUE,FALSE,,,,,,,,,,,,,,,,,,,,,,,,,,Compress-33
Compress-34,Compress,TRUE,FALSE,,,,,,,,,,,,,,,,,,,,,,,,,,
Compress-35,Compress,TRUE,FALSE,,,,,,,,,,,,,,,,,,,,,,,,,Compress-35,
Compress-36,Compress,TRUE,FALSE,,,,,,,,,,,,,,,,,,,,,,,,,,
Compress-37,Compress,TRUE,FALSE,,,,,,,,,,,,,,,,Compress-37,,,,,,,,,,
Compress-38,Compress,TRUE,FALSE,,,,,,,,,,,,,,,,,,,,,Compress-38,,,,,
Compress-39,Compress,TRUE,FALSE,,,,,,,,,,,,,,,,,,,,,,,,,,
Compress-40,Compress,TRUE,FALSE,,,,,,,,,,,,,,,,,,,,,,,,,,Compress-40
Compress-41,Compress,TRUE,FALSE,,,,,,,,,,,,,,,,Compress-41,,,,,,,,,,
Compress-42,Compress,TRUE,FALSE,,,,,,,,,,,,,,,,,,,,,,,,,,
Compress-43,Compress,TRUE,FALSE,,,,,,,,,,,,,,,,,,,,,,,,,,
Compress-44,Compress,TRUE,FALSE,,,,,,,,,,,,,,,,Compress-44,,,,,,,,Compress-44,Compress-44,Compress-44
Compress-45,Compress,TRUE,FALSE,,,,,,,,,,,Compress-45,,,,,,,,,,,Compress-45,,,Compress-45,
Compress-46,Compress,TRUE,FALSE,,,,,,,,,,,,,,,,,,,,,,,,,Compress-46,
Compress-47,Compress,TRUE,FALSE,,,,,,,,,,,,,,,,,,,,,,,,,,
Csv-1,Csv,TRUE,FALSE,,,Csv-1,,,,,,,,,,,,,,,,,,,,,,Csv-1,Csv-1
Csv-2,Csv,TRUE,FALSE,,,,,,,,,,,,,,,,,,,,,,,,,,Csv-2
Csv-3,Csv,TRUE,FALSE,,,,,,,,,,,,,,,,,,,,,,,,,,Csv-3
Csv-4,Csv,TRUE,FALSE,,,Csv-4,,,,,,,Csv-4,,Csv-4,Csv-4,,,,,Csv-4,Csv-4,,Csv-4,,Csv-4,,Csv-4,Csv-4
Csv-5,Csv,TRUE,FALSE,,,,,,,,,,,,,Csv-5,,,Csv-5,,Csv-5,,,,Csv-5,Csv-5,Csv-5,Csv-5,Csv-5
Csv-6,Csv,TRUE,FALSE,,,,,,,,,,,,Csv-6,Csv-6,,,Csv-6,,,,,,,,,Csv-6,Csv-6
Csv-7,Csv,TRUE,FALSE,,,,,,,,,,,,,,,,,,,,,,,,,,Csv-7
Csv-8,Csv,TRUE,FALSE,,,,,,,,,,,,,,,,,,,,,,,,,,Csv-8
Csv-9,Csv,TRUE,FALSE,,,,,,,,,,,,,Csv-9,,,Csv-9,,Csv-9,,Csv-9,,Csv-9,Csv-9,Csv-9,Csv-9,Csv-9
Csv-10,Csv,TRUE,FALSE,,,,,,,,,,,,,,,,,,,,,,,,,Csv-10,Csv-10
Csv-11,Csv,TRUE,FALSE,Csv-11,,Csv-11,,,Csv-11,,,,Csv-11,,,,,,,Csv-11,Csv-11,Csv-11,Csv-11,,Csv-11,Csv-11,Csv-11,Csv-11,Csv-11
Csv-12,Csv,TRUE,FALSE,,,,,,,,,,,,,,,,,,,Csv-12,,,,,,,Csv-12
Csv-13,Csv,TRUE,FALSE,,,,,,,,,,,,,,,,,,,,,,,,,,Csv-13
Csv-14,Csv,TRUE,FALSE,,,,,,,,,,,,,,,,,,,,,,,,,Csv-14,Csv-14
Csv-15,Csv,TRUE,FALSE,,,,,,,,,,,,,,,,,Csv-15,,,,,Csv-15,Csv-15,,,
Csv-16,Csv,TRUE,FALSE,,,,,,,,,,,,,,,,,,,,,,,,,,Csv-16
Gson-1,Gson,TRUE,FALSE,,,,,,,,,,,,,,,,,,,,,,,,,,Gson-1
Gson-2,Gson,TRUE,FALSE,,,,,,,,,,,,,,,,,,,,,,,,,,Gson-2
Gson-3,Gson,TRUE,FALSE,,,,,,,,,,,,,,,,,,,,,,,,,,Gson-3
Gson-4,Gson,TRUE,FALSE,,,,,,,,,,,,,,,,,,,,,,,,,,Gson-4
Gson-5,Gson,TRUE,FALSE,,,,,,,,,,,,,,,,,,,,,,,,,Gson-5,Gson-5
Gson-6,Gson,TRUE,FALSE,,,,,,,,,,,Gson-6,,Gson-6,,,,,,,Gson-6,Gson-6,Gson-6,Gson-6,Gson-6,Gson-6,Gson-6
Gson-7,Gson,TRUE,FALSE,,,,,,,,,,,,,,,,,,,,,,,,,,Gson-7
Gson-8,Gson,TRUE,FALSE,,,,,,,,,,,,,,,,,,,,,,,,,,Gson-8
Gson-9,Gson,TRUE,FALSE,,,,,,,,,,,,,,,,,,,,,,,,,,Gson-9
Gson-10,Gson,TRUE,FALSE,,,,,,,,,,,,,,,,,,,,,,,,,,Gson-10
Gson-11,Gson,TRUE,FALSE,Gson-11,,Gson-11,,,Gson-11,,,,Gson-11,,,Gson-11,,,,,,Gson-11,,,Gson-11,,Gson-11,,Gson-11
Gson-12,Gson,TRUE,FALSE,,,,,,,,,,,Gson-12,,,,,,,,,,,Gson-12,,,,Gson-12
Gson-13,Gson,TRUE,FALSE,,,Gson-13,,,,,,,,,,,,,,,,,,,,,,Gson-13,Gson-13
Gson-14,Gson,TRUE,FALSE,,,,,,,,,,,,,,,,,,,,,,,,,,Gson-14
Gson-15,Gson,TRUE,FALSE,Gson-15,,Gson-15,,,,,,,,Gson-15,,,,,,,,,,,,,,Gson-15,Gson-15
Gson-16,Gson,TRUE,FALSE,,,,,,,,,,,,,,,,Gson-16,,,,,,,,,Gson-16,Gson-16
Gson-17,Gson,TRUE,FALSE,,,,,,,,,,,,,,,,,,,,,,,,,,Gson-17
Gson-18,Gson,TRUE,FALSE,,,,,,,,,,,,,,,,,,,,,,,,,,Gson-18
JacksonCore-1,JacksonCore,TRUE,FALSE,,,,,,,,,,,,,,,,,,,,,,,JacksonCore-1,,,JacksonCore-1
JacksonCore-2,JacksonCore,TRUE,FALSE,,,,,,,,,,,,,,,,,,,,,,,,,,JacksonCore-2
JacksonCore-3,JacksonCore,TRUE,FALSE,,,,,,,,,,,,,,,,,,,,,,,,,JacksonCore-3,JacksonCore-3
JacksonCore-4,JacksonCore,TRUE,FALSE,,,,,,,,,,,,,,,,,,,,,,,,,,JacksonCore-4
JacksonCore-5,JacksonCore,TRUE,FALSE,JacksonCore-5,,JacksonCore-5,,,JacksonCore-5,JacksonCore-5,,,JacksonCore-5,JacksonCore-5,,JacksonCore-5,,,JacksonCore-5,JacksonCore-5,,JacksonCore-5,JacksonCore-5,JacksonCore-5,JacksonCore-5,JacksonCore-5,JacksonCore-5,JacksonCore-5,JacksonCore-5
JacksonCore-6,JacksonCore,TRUE,FALSE,,,,,,,,,,,,JacksonCore-6,,,,,,,,,,,,,JacksonCore-6,JacksonCore-6
JacksonCore-7,JacksonCore,TRUE,FALSE,,,,,,,,,,,,,JacksonCore-7,,,,,,,,,,,,JacksonCore-7,JacksonCore-7
JacksonCore-8,JacksonCore,TRUE,FALSE,JacksonCore-8,,JacksonCore-8,,,,,,,JacksonCore-8,,,,,,,JacksonCore-8,,,,JacksonCore-8,JacksonCore-8,JacksonCore-8,,,JacksonCore-8
JacksonCore-9,JacksonCore,TRUE,FALSE,,,,,,,,,,,,,,,,JacksonCore-9,,,,,,,,,,JacksonCore-9
JacksonCore-10,JacksonCore,TRUE,FALSE,,,,,,,,,,,,,,,,,,,,,,,,,,JacksonCore-10
JacksonCore-11,JacksonCore,TRUE,FALSE,,,,,,JacksonCore-11,,,,,,,JacksonCore-11,,,JacksonCore-11,,,JacksonCore-11,,,,,,,JacksonCore-11
JacksonCore-12,JacksonCore,TRUE,FALSE,,,,,,,,,,,,JacksonCore-12,,,,,,,,,,,,,,JacksonCore-12
JacksonCore-13,JacksonCore,TRUE,FALSE,,,,,,,,,,,,,,,,,,,,,,,JacksonCore-13,,,JacksonCore-13
JacksonCore-14,JacksonCore,TRUE,FALSE,,,,,,,,,,,JacksonCore-14,,,,,,JacksonCore-14,,,,,,,,,JacksonCore-14
JacksonCore-15,JacksonCore,TRUE,FALSE,,,,,,,,,,,,,,,,,,,,,,,,,,JacksonCore-15
JacksonCore-16,JacksonCore,TRUE,FALSE,,,,,,,,,,,,,,,,,,,,,,,JacksonCore-16,,,JacksonCore-16
JacksonCore-17,JacksonCore,TRUE,FALSE,,,,,,,,,,,,,,,,,,,,,,,,,,JacksonCore-17
JacksonCore-18,JacksonCore,TRUE,FALSE,,,,,,,,,,,,,,,,,,,,,,,,,,JacksonCore-18
JacksonCore-19,JacksonCore,TRUE,FALSE,,,,,,,,,,,,,,,,JacksonCore-19,,,,,,JacksonCore-19,,,,JacksonCore-19
JacksonCore-20,JacksonCore,TRUE,FALSE,,,,,,,,,,,,,,,,,,,,,,,,,JacksonCore-20,JacksonCore-20
JacksonCore-21,JacksonCore,TRUE,FALSE,,,,,,,,,,,,,,,,,,,,,,,,JacksonCore-21,JacksonCore-21,JacksonCore-21
JacksonCore-22,JacksonCore,TRUE,FALSE,,,,,,,,,,,,,,,,,,,,,,,,,,JacksonCore-22
JacksonCore-23,JacksonCore,TRUE,FALSE,,,,,,,,,,,,,,,,,,,,,,,,,,JacksonCore-23
JacksonCore-24,JacksonCore,TRUE,FALSE,,,,,,,,,,,,,,,,,,,,,,,JacksonCore-24,,,JacksonCore-24
JacksonCore-25,JacksonCore,TRUE,FALSE,JacksonCore-25,,JacksonCore-25,,,JacksonCore-25,JacksonCore-25,,,JacksonCore-25,JacksonCore-25,JacksonCore-25,JacksonCore-25,,,JacksonCore-25,JacksonCore-25,,JacksonCore-25,JacksonCore-25,JacksonCore-25,JacksonCore-25,,JacksonCore-25,JacksonCore-25,
JacksonCore-26,JacksonCore,TRUE,FALSE,,,,,,JacksonCore-26,,,,,,,JacksonCore-26,,,,,,,,,,,,,JacksonCore-26
JacksonDatabind-1,JacksonDatabind,TRUE,FALSE,JacksonDatabind-1,,JacksonDatabind-1,,,JacksonDatabind-1,,,,JacksonDatabind-1,JacksonDatabind-1,,JacksonDatabind-1,,,JacksonDatabind-1,,,JacksonDatabind-1,,,JacksonDatabind-1,,,JacksonDatabind-1,
JacksonDatabind-2,JacksonDatabind,TRUE,FALSE,,,,,,,,,,,,,,,,,,,,,,,,,,
JacksonDatabind-3,JacksonDatabind,TRUE,FALSE,,,,,,,,,,,,,,,,JacksonDatabind-3,,,,,,,,JacksonDatabind-3,,
JacksonDatabind-4,JacksonDatabind,TRUE,FALSE,,,,,,,,,,,,,,,,,,,,,,,,,,
JacksonDatabind-5,JacksonDatabind,TRUE,FALSE,,,,,,,,,,,,,,,,,,,,,,,,,JacksonDatabind-5,
JacksonDatabind-6,JacksonDatabind,TRUE,FALSE,,,,,,,,,,,,,,,,,,,,,,,,,,
JacksonDatabind-7,JacksonDatabind,TRUE,FALSE,,,,,,,,,,,,,,,,,,,,,,,,,,
JacksonDatabind-8,JacksonDatabind,TRUE,FALSE,,,,,,,,,,,,,,,,,,,,,,,,,,
JacksonDatabind-9,JacksonDatabind,TRUE,FALSE,,,,,,,,,,,,,,,,,,,,,,,,,,JacksonDatabind-9
JacksonDatabind-10,JacksonDatabind,TRUE,FALSE,,,,,,,,,,,,,,,,,,,,,,,,,,JacksonDatabind-10
JacksonDatabind-11,JacksonDatabind,TRUE,FALSE,,,,,,,,,,,,,,,,,,,,,,,,,,JacksonDatabind-11
JacksonDatabind-12,JacksonDatabind,TRUE,FALSE,,,,,,,,,,,,,,,,,,,,,JacksonDatabind-12,,,,,
JacksonDatabind-13,JacksonDatabind,TRUE,FALSE,,,,,,,,,,,JacksonDatabind-13,,JacksonDatabind-13,,,,JacksonDatabind-13,,,JacksonDatabind-13,,JacksonDatabind-13,,JacksonDatabind-13,,JacksonDatabind-13
JacksonDatabind-14,JacksonDatabind,TRUE,FALSE,,,,,,,,,,,,,,,,,,,,,,,,,,JacksonDatabind-14
JacksonDatabind-15,JacksonDatabind,TRUE,FALSE,,,,,,,,,,,,,,,,,,,,,,,,,,JacksonDatabind-15
JacksonDatabind-16,JacksonDatabind,TRUE,FALSE,JacksonDatabind-16,,JacksonDatabind-16,,,JacksonDatabind-16,JacksonDatabind-16,,,JacksonDatabind-16,,,,,,,,,JacksonDatabind-16,,JacksonDatabind-16,JacksonDatabind-16,,,JacksonDatabind-16,JacksonDatabind-16
JacksonDatabind-17,JacksonDatabind,TRUE,FALSE,JacksonDatabind-17,,,,,,,,,JacksonDatabind-17,,,JacksonDatabind-17,,,JacksonDatabind-17,JacksonDatabind-17,,JacksonDatabind-17,JacksonDatabind-17,JacksonDatabind-17,,,,JacksonDatabind-17,
JacksonDatabind-18,JacksonDatabind,TRUE,FALSE,,,,,,,,,,,,,,,,,,,,,,,,,,JacksonDatabind-18
JacksonDatabind-19,JacksonDatabind,TRUE,FALSE,,,,,,,,,,,JacksonDatabind-19,,,,,,,,,,,,,,,JacksonDatabind-19
JacksonDatabind-20,JacksonDatabind,TRUE,FALSE,,,,,,,,,,,,,,,,,,,,,,,,,,JacksonDatabind-20
JacksonDatabind-21,JacksonDatabind,TRUE,FALSE,,,,,,,,,,,,,,,,,,,,,,,,,,JacksonDatabind-21
JacksonDatabind-22,JacksonDatabind,TRUE,FALSE,,,,,,,,,,,,,,,,,,,,,,,,,,JacksonDatabind-22
JacksonDatabind-23,JacksonDatabind,TRUE,FALSE,,,,,,,,,,,,,,,,,,,,,,,,,,JacksonDatabind-23
JacksonDatabind-24,JacksonDatabind,TRUE,FALSE,,,,,,,,,,,,,,,,,,,,JacksonDatabind-24,,JacksonDatabind-24,,,JacksonDatabind-24,JacksonDatabind-24
JacksonDatabind-25,JacksonDatabind,TRUE,FALSE,,,,,,,,,,,,,,,,,,,,,,,,,,JacksonDatabind-25
JacksonDatabind-26,JacksonDatabind,TRUE,FALSE,,,,,,,,,,,,,,,,,,,,,,,,,,JacksonDatabind-26
JacksonDatabind-27,JacksonDatabind,TRUE,FALSE,JacksonDatabind-27,,JacksonDatabind-27,,,JacksonDatabind-27,,,,JacksonDatabind-27,JacksonDatabind-27,,JacksonDatabind-27,,,,JacksonDatabind-27,,JacksonDatabind-27,JacksonDatabind-27,JacksonDatabind-27,JacksonDatabind-27,,JacksonDatabind-27,JacksonDatabind-27,JacksonDatabind-27
JacksonDatabind-28,JacksonDatabind,TRUE,FALSE,,,,,,,,,,,,,,,,,,,,,,,,,,JacksonDatabind-28
JacksonDatabind-29,JacksonDatabind,TRUE,FALSE,,,,,,,,,,,,,,,,,,,,,,,,,,JacksonDatabind-29
JacksonDatabind-30,JacksonDatabind,TRUE,FALSE,,,,,,,,,,,,,,,,,,,,,,,,,,JacksonDatabind-30
JacksonDatabind-31,JacksonDatabind,TRUE,FALSE,,,,,,,,,,,,,,,,,,,,,,,,,,JacksonDatabind-31
JacksonDatabind-32,JacksonDatabind,TRUE,FALSE,,,,,,,,,,,,,,,,,,,,,,,,,,JacksonDatabind-32
JacksonDatabind-33,JacksonDatabind,TRUE,FALSE,,,,,,,,,,,,,,,,,,,,,,,,,,JacksonDatabind-33
JacksonDatabind-34,JacksonDatabind,TRUE,FALSE,JacksonDatabind-34,,,,,JacksonDatabind-34,,,,JacksonDatabind-34,,,JacksonDatabind-34,,,JacksonDatabind-34,JacksonDatabind-34,,,,JacksonDatabind-34,JacksonDatabind-34,,,JacksonDatabind-34,JacksonDatabind-34
JacksonDatabind-35,JacksonDatabind,TRUE,FALSE,,,,,,,,,,,,,,,,,,,,,,,,,,JacksonDatabind-35
JacksonDatabind-36,JacksonDatabind,TRUE,FALSE,,,,,,,,,,,,,,,,,,,,,,,,,,JacksonDatabind-36
JacksonDatabind-37,JacksonDatabind,TRUE,FALSE,,,,,,,JacksonDatabind-37,,,,,,,,,,,,,,,,,,,JacksonDatabind-37
JacksonDatabind-38,JacksonDatabind,TRUE,FALSE,,,,,,,,,,,,,,,,,,,,,,,,,,JacksonDatabind-38
JacksonDatabind-39,JacksonDatabind,TRUE,FALSE,,,,,,,,,,,,,,,,,,,,,,,,,,JacksonDatabind-39
JacksonDatabind-40,JacksonDatabind,TRUE,FALSE,,,,,,,,,,,,,,,,,,,,,,,,,,JacksonDatabind-40
JacksonDatabind-41,JacksonDatabind,TRUE,FALSE,,,,,,,,,,,,,,,,,,,,,,,,,,JacksonDatabind-41
JacksonDatabind-42,JacksonDatabind,TRUE,FALSE,,,,,,,,,,,,,,,,,,,,,,,,,JacksonDatabind-42,JacksonDatabind-42
JacksonDatabind-43,JacksonDatabind,TRUE,FALSE,,,,,,,,,,,,,,,,,,,,,,,,,,JacksonDatabind-43
JacksonDatabind-44,JacksonDatabind,TRUE,FALSE,,,,,,,,,,,,,,,,,,,,,,,,,,JacksonDatabind-44
JacksonDatabind-45,JacksonDatabind,TRUE,FALSE,,,,,,,,,,,,,,,,,,,,,,,,,,JacksonDatabind-45
JacksonDatabind-46,JacksonDatabind,TRUE,FALSE,,,JacksonDatabind-46,,,,,,,JacksonDatabind-46,JacksonDatabind-46,,JacksonDatabind-46,,,JacksonDatabind-46,JacksonDatabind-46,,,JacksonDatabind-46,JacksonDatabind-46,JacksonDatabind-46,,,JacksonDatabind-46,JacksonDatabind-46
JacksonDatabind-47,JacksonDatabind,TRUE,FALSE,,,,,,,,,,,,,,,,,,,,,,,,,,JacksonDatabind-47
JacksonDatabind-48,JacksonDatabind,TRUE,FALSE,,,,,,,,,,,,,,,,,,,,,,,,,,JacksonDatabind-48
JacksonDatabind-49,JacksonDatabind,TRUE,FALSE,,,,,,,,,,,JacksonDatabind-49,,JacksonDatabind-49,,,JacksonDatabind-49,JacksonDatabind-49,,,JacksonDatabind-49,,JacksonDatabind-49,,JacksonDatabind-49,,JacksonDatabind-49
JacksonDatabind-50,JacksonDatabind,TRUE,FALSE,,,,,,,,,,,,,,,,,,,,,,,,,,JacksonDatabind-50
JacksonDatabind-51,JacksonDatabind,TRUE,FALSE,,,,,,,,,,,,,,,,JacksonDatabind-51,,,,,,,,,,JacksonDatabind-51
JacksonDatabind-52,JacksonDatabind,TRUE,FALSE,,,,,,,,,,,,,,,,,,,,,,,,,,JacksonDatabind-52
JacksonDatabind-53,JacksonDatabind,TRUE,FALSE,,,,,,,,,,,,,,,,,,,,,,,,,,JacksonDatabind-53
JacksonDatabind-54,JacksonDatabind,TRUE,FALSE,,,,,,,,,,,,,,,,JacksonDatabind-54,JacksonDatabind-54,,,,,,,,JacksonDatabind-54,JacksonDatabind-54
JacksonDatabind-55,JacksonDatabind,TRUE,FALSE,,,,,,,,,,,,,,,,,,,,,,,,,,JacksonDatabind-55
JacksonDatabind-56,JacksonDatabind,TRUE,FALSE,,,,,,,,,,,,,,,,,,,,,,,,,,JacksonDatabind-56
JacksonDatabind-57,JacksonDatabind,TRUE,FALSE,JacksonDatabind-57,,JacksonDatabind-57,,,,,,,,,,,,,JacksonDatabind-57,,,JacksonDatabind-57,JacksonDatabind-57,JacksonDatabind-57,,,,JacksonDatabind-57,JacksonDatabind-57
JacksonDatabind-58,JacksonDatabind,TRUE,FALSE,,,,,,,,,,,,,,,,,,,,,,,,,,
JacksonDatabind-59,JacksonDatabind,TRUE,FALSE,,,,,,,,,,,,,,,,,,,,,,,,,,
JacksonDatabind-60,JacksonDatabind,TRUE,FALSE,,,,,,,,,,,,,,,,,,,,,,,,,,
JacksonDatabind-61,JacksonDatabind,TRUE,FALSE,,,,,,,,,,,,,,,,JacksonDatabind-61,,,,,,,,,,
JacksonDatabind-62,JacksonDatabind,TRUE,FALSE,,,,,,,,,,,,,,,,,,,,,,,,,,
JacksonDatabind-63,JacksonDatabind,TRUE,FALSE,,,,,,,,,,,,,,,,,,,,,,,,,,
JacksonDatabind-64,JacksonDatabind,TRUE,FALSE,,,,,,,,,,,,,,,,,,,,,,,,,,JacksonDatabind-64
JacksonDatabind-65,JacksonDatabind,FALSE,TRUE,,,,,,,,,,,,,,,,,,,,,,,,,,
JacksonDatabind-66,JacksonDatabind,TRUE,FALSE,,,,,,,,,,,,,,,,,,,,,,,,,,
JacksonDatabind-67,JacksonDatabind,TRUE,FALSE,,,,,,,,,,,,,,,,,,,,,,,,,JacksonDatabind-67,
JacksonDatabind-68,JacksonDatabind,TRUE,FALSE,,,,,,,,,,,,,,,,,,,,,,,,,,
JacksonDatabind-69,JacksonDatabind,TRUE,FALSE,,,,,,,,,,,,,,,,,,,,,,,,,,
JacksonDatabind-70,JacksonDatabind,TRUE,FALSE,,,,,,JacksonDatabind-70,,,,,,,,,,,,,JacksonDatabind-70,,,,,,,
JacksonDatabind-71,JacksonDatabind,TRUE,FALSE,,,,,,,,,,,JacksonDatabind-71,,,,,,,,JacksonDatabind-71,,,,,JacksonDatabind-71,,
JacksonDatabind-72,JacksonDatabind,TRUE,FALSE,,,,,,,,,,,,,,,,,,,,,,,,,,
JacksonDatabind-73,JacksonDatabind,TRUE,FALSE,,,,,,,,,,,,,,,,,,,,,,,,,,
JacksonDatabind-74,JacksonDatabind,TRUE,FALSE,,,,,,,,,,,,,,,,,,,,,,,,,,JacksonDatabind-74
JacksonDatabind-75,JacksonDatabind,TRUE,FALSE,,,,,,,,,,,,,,,,,,,,,,,,,,
JacksonDatabind-76,JacksonDatabind,TRUE,FALSE,,,,,,,,,,,,,,,,,,,,,,JacksonDatabind-76,,,JacksonDatabind-76,
JacksonDatabind-77,JacksonDatabind,TRUE,FALSE,,,,,,,,,,,,,,,,,,,,,,,,,,
JacksonDatabind-78,JacksonDatabind,TRUE,FALSE,,,,,,,,,,,,,,,,,,,,,,,,,,
JacksonDatabind-79,JacksonDatabind,TRUE,FALSE,,,,,,,,,,,,,,,,,,,,,,,,,,
JacksonDatabind-80,JacksonDatabind,TRUE,FALSE,,,,,,,,,,,,,,,,JacksonDatabind-80,,,,,,,,,,
JacksonDatabind-81,JacksonDatabind,TRUE,FALSE,,,,,,,,,,,,,,,,,,,,,,,,,,
JacksonDatabind-82,JacksonDatabind,TRUE,FALSE,,,JacksonDatabind-82,,,JacksonDatabind-82,,,,,,,,,,,,,,,,,,,,
JacksonDatabind-83,JacksonDatabind,TRUE,FALSE,,,,,,,,,,,,,JacksonDatabind-83,,,JacksonDatabind-83,JacksonDatabind-83,,,JacksonDatabind-83,JacksonDatabind-83,JacksonDatabind-83,,JacksonDatabind-83,,
JacksonDatabind-84,JacksonDatabind,TRUE,FALSE,,,,,,,,,,,,,,,,,,,,,,,,,,
JacksonDatabind-85,JacksonDatabind,TRUE,FALSE,,,,,,,,,,,,,,,,,,,,,,,,,,
JacksonDatabind-86,JacksonDatabind,TRUE,FALSE,,,,,,,,,,,,,,,,,,,,,,,,,,
JacksonDatabind-87,JacksonDatabind,TRUE,FALSE,,,,,,,,,,,,,,,,,,,,,,,,,,
JacksonDatabind-88,JacksonDatabind,TRUE,FALSE,,,,,,,,,,,,,,,,,,,,,,,,,,JacksonDatabind-88
JacksonDatabind-89,JacksonDatabind,FALSE,TRUE,,,,,,,,,,,,,,,,,,,,,,,,,,
JacksonDatabind-90,JacksonDatabind,TRUE,FALSE,,,,,,,,,,,,,,,,,,,,,,,,,,
JacksonDatabind-91,JacksonDatabind,TRUE,FALSE,,,,,,,,,,,,,,,,,,,,,,,,,JacksonDatabind-91,
JacksonDatabind-92,JacksonDatabind,TRUE,FALSE,,,,,,,,,,,,,,,,,,,,,,,,,,
JacksonDatabind-93,JacksonDatabind,TRUE,FALSE,,,,,,,,,,,,,,,,,,,,,,,,,,JacksonDatabind-93
JacksonDatabind-94,JacksonDatabind,TRUE,FALSE,,,,,,,,,,,,,,,,,,,,,,,,,,JacksonDatabind-94
JacksonDatabind-95,JacksonDatabind,TRUE,FALSE,,,,,,,,,,,,,,,,,,,,,,,,JacksonDatabind-95,,
JacksonDatabind-96,JacksonDatabind,TRUE,FALSE,JacksonDatabind-96,,JacksonDatabind-96,,,,,,,JacksonDatabind-96,JacksonDatabind-96,,JacksonDatabind-96,,,,,,,,,JacksonDatabind-96,,JacksonDatabind-96,,
JacksonDatabind-97,JacksonDatabind,TRUE,FALSE,,,JacksonDatabind-97,,,JacksonDatabind-97,,,,JacksonDatabind-97,,,JacksonDatabind-97,,,,,,,,,,,,JacksonDatabind-97,
JacksonDatabind-98,JacksonDatabind,TRUE,FALSE,,,,,,,,,,,,,,,,,,,,,,,,,,JacksonDatabind-98
JacksonDatabind-99,JacksonDatabind,TRUE,FALSE,JacksonDatabind-99,,JacksonDatabind-99,,,JacksonDatabind-99,,,,JacksonDatabind-99,JacksonDatabind-99,,,,,JacksonDatabind-99,JacksonDatabind-99,,JacksonDatabind-99,JacksonDatabind-99,JacksonDatabind-99,JacksonDatabind-99,,,JacksonDatabind-99,
JacksonDatabind-100,JacksonDatabind,TRUE,FALSE,,,,,,,,,,,,,,,,,,,,,,,,,,
JacksonDatabind-101,JacksonDatabind,TRUE,FALSE,,,,,,,,,,,,,,,,,,,,,,JacksonDatabind-101,,JacksonDatabind-101,,
JacksonDatabind-102,JacksonDatabind,TRUE,FALSE,,,,,,,,,,,JacksonDatabind-102,,JacksonDatabind-102,,,,JacksonDatabind-102,,,JacksonDatabind-102,JacksonDatabind-102,JacksonDatabind-102,,JacksonDatabind-102,JacksonDatabind-102,
JacksonDatabind-103,JacksonDatabind,TRUE,FALSE,,,,,,,,,,,,,,,,,,,,,,,,,,
JacksonDatabind-104,JacksonDatabind,TRUE,FALSE,,,,,,,,,,,,,,,,,,,,,,,,,,
JacksonDatabind-105,JacksonDatabind,TRUE,FALSE,,,,,,,,,,,,,,,,,,,,,,,,,,
JacksonDatabind-106,JacksonDatabind,TRUE,FALSE,,,,,,,,,,,,,,,,,,,,,,,,,,
JacksonDatabind-107,JacksonDatabind,TRUE,FALSE,,,,,,JacksonDatabind-107,,,,JacksonDatabind-107,,,,,,,JacksonDatabind-107,,,,,,,,,JacksonDatabind-107
JacksonDatabind-108,JacksonDatabind,TRUE,FALSE,,,,,,,,,,,,,,,,,,,,,,,,,,
JacksonDatabind-109,JacksonDatabind,TRUE,FALSE,,,,,,,,,,,,,,,,,,,,,,,,,,
JacksonDatabind-110,JacksonDatabind,TRUE,FALSE,,,,,,,,,,,,,,,,,,,,,,,,,,JacksonDatabind-110
JacksonDatabind-111,JacksonDatabind,TRUE,FALSE,,,,,,,,,,,,,,,,,,,,,,,,,,
JacksonDatabind-112,JacksonDatabind,TRUE,FALSE,,,,,,,,,,,,,,,,,,,,,,,,,,
JacksonXml-1,JacksonXml,TRUE,FALSE,,,,,,,,,,,,,,,,,,,,,,,,,,JacksonXml-1
JacksonXml-2,JacksonXml,TRUE,FALSE,,,,,,,,,,,,,,,,,,,,,,,,,,JacksonXml-2
JacksonXml-3,JacksonXml,TRUE,FALSE,,,,,,,,,,,,,,,,,,,,,,,,JacksonXml-3,JacksonXml-3,JacksonXml-3
JacksonXml-4,JacksonXml,TRUE,FALSE,,,,,,,,,,,,,,,,,,,,,,,,,,JacksonXml-4
JacksonXml-5,JacksonXml,TRUE,FALSE,,,JacksonXml-5,,,,,,,,,,JacksonXml-5,,,,JacksonXml-5,,,,JacksonXml-5,,,,JacksonXml-5,JacksonXml-5
JacksonXml-6,JacksonXml,TRUE,FALSE,,,,,,,,,,,,,,,,,,,,,,,,,,JacksonXml-6
Jsoup-1,Jsoup,TRUE,FALSE,,,,,,,,,,,,,,,,,,,,,,,,,,
Jsoup-2,Jsoup,TRUE,FALSE,,,,,,,,,,Jsoup-2,,,,,,,,,,,,,,,,
Jsoup-3,Jsoup,TRUE,FALSE,,,,,,,,,,,,,,,,,,,,,,,,,,
Jsoup-4,Jsoup,TRUE,FALSE,,,,,,,,,,,,,,,,,,,,,,,,,,
Jsoup-5,Jsoup,TRUE,FALSE,,,,,,,,,,,,,,,,,,,,,,,,,,
Jsoup-6,Jsoup,TRUE,FALSE,,,,,,,,,,,,,,,,,,,,,,,,,Jsoup-6,
Jsoup-7,Jsoup,TRUE,FALSE,,,,,,,,,,,,,,,,,,,,,,,,,,
Jsoup-8,Jsoup,TRUE,FALSE,,,,,,,,,,,,,,,,,,,,,,,,,,
Jsoup-9,Jsoup,TRUE,FALSE,,,,,,,,,,,,,,,,,,,,,,Jsoup-9,,,,
Jsoup-10,Jsoup,TRUE,FALSE,,,,,,,,,,,,,,,,,,,,,,,,,,
Jsoup-11,Jsoup,TRUE,FALSE,,,,,,,,,,,,,,,,,,,,,,,,,,
Jsoup-12,Jsoup,TRUE,FALSE,,,,,,,,,,,,,,,,,,,,,,,,,,
Jsoup-13,Jsoup,TRUE,FALSE,,,,,,,,,,,,,,,,,,,,,,,,,,
Jsoup-14,Jsoup,TRUE,FALSE,,,,,,,,,,,,,,,,,,,,,,,,,,
Jsoup-15,Jsoup,TRUE,FALSE,Jsoup-15,,,,,,,,,Jsoup-15,,,,,,,,,Jsoup-15,,,Jsoup-15,,,,
Jsoup-16,Jsoup,TRUE,FALSE,,,,,,,,,,,,,,,,,,,,,,,,,,
Jsoup-17,Jsoup,TRUE,FALSE,,,,,,,,,,,,,,,,,Jsoup-17,,Jsoup-17,,Jsoup-17,,,,,
Jsoup-18,Jsoup,TRUE,FALSE,,,,,,,,,,,,,,,,,,,,,,,,,,
Jsoup-19,Jsoup,TRUE,FALSE,,,,,,,,,,,,,,,,,,,,,,,,,Jsoup-19,
Jsoup-20,Jsoup,TRUE,FALSE,,,,,,,,,,,,,,,,,,,,,,,,,Jsoup-20,
Jsoup-21,Jsoup,TRUE,FALSE,,,,,,,,,,,,,,,,,,,,,,,,,,
Jsoup-22,Jsoup,TRUE,FALSE,,,,,,,,,,,,,,,,,,,,,,,,,,
Jsoup-23,Jsoup,TRUE,FALSE,,,,,,,,,,,,,,,,Jsoup-23,,,,,,,,,,
Jsoup-24,Jsoup,TRUE,FALSE,Jsoup-24,,,,,Jsoup-24,,,,,Jsoup-24,,Jsoup-24,,,,,Jsoup-24,Jsoup-24,Jsoup-24,Jsoup-24,Jsoup-24,Jsoup-24,Jsoup-24,Jsoup-24,
Jsoup-25,Jsoup,TRUE,FALSE,,,,,,,,,,,,,,,,,,,,,,,,,,
Jsoup-26,Jsoup,TRUE,FALSE,,,,,,Jsoup-26,,,,Jsoup-26,,,,,,Jsoup-26,,Jsoup-26,Jsoup-26,,,Jsoup-26,Jsoup-26,Jsoup-26,Jsoup-26,
Jsoup-27,Jsoup,TRUE,FALSE,,,,,,,,,,,,,,,,Jsoup-27,,,,,,,,,Jsoup-27,
Jsoup-28,Jsoup,TRUE,FALSE,,,,,,,,,,,,,,,,,,,,,,,,,,
Jsoup-29,Jsoup,TRUE,FALSE,,,,,,,,,,,,,,,,,,,,,,,,,,
Jsoup-30,Jsoup,TRUE,FALSE,,,,,,,,,,,,,,,,,,,,,,,,,,
Jsoup-31,Jsoup,TRUE,FALSE,,,,,,,,,,,,,,,,,,,,,,,,,,
Jsoup-32,Jsoup,TRUE,FALSE,Jsoup-32,,Jsoup-32,,,,,,,Jsoup-32,Jsoup-32,,,,,,Jsoup-32,,Jsoup-32,,,Jsoup-32,,Jsoup-32,,
Jsoup-33,Jsoup,TRUE,FALSE,,,Jsoup-33,,,Jsoup-33,,,,,,,,,,,,,,,,,,,,
Jsoup-34,Jsoup,TRUE,FALSE,,,Jsoup-34,,,,,,,,,,,,,,,,,,,,,,Jsoup-34,
Jsoup-35,Jsoup,TRUE,FALSE,,,,,,Jsoup-35,,,,,,,,,,,,,,,,,,,,
Jsoup-36,Jsoup,TRUE,FALSE,,,,,,,,,,,,,,,,,,,,,,,,,,
Jsoup-37,Jsoup,TRUE,FALSE,,,,,,,,,,,,,,,,Jsoup-37,,,,,,,,,,
Jsoup-38,Jsoup,TRUE,FALSE,,,,,,,,,,,,,,,,,,,,,,,,,,
Jsoup-39,Jsoup,TRUE,FALSE,Jsoup-39,,,,,Jsoup-39,,,,Jsoup-39,Jsoup-39,,Jsoup-39,,,Jsoup-39,,,Jsoup-39,,,Jsoup-39,Jsoup-39,Jsoup-39,,
Jsoup-40,Jsoup,TRUE,FALSE,Jsoup-40,,,,,Jsoup-40,,,,,Jsoup-40,,Jsoup-40,,,,Jsoup-40,Jsoup-40,Jsoup-40,,Jsoup-40,Jsoup-40,Jsoup-40,Jsoup-40,,
Jsoup-41,Jsoup,TRUE,FALSE,,,,,,,,,,,,,,,,,Jsoup-41,,Jsoup-41,,Jsoup-41,,,,Jsoup-41,
Jsoup-42,Jsoup,TRUE,FALSE,,,,,,,,,,,,,,,,,,,,,,,,,,
Jsoup-43,Jsoup,TRUE,FALSE,Jsoup-43,,Jsoup-43,,,Jsoup-43,Jsoup-43,,,Jsoup-43,Jsoup-43,,Jsoup-43,,,Jsoup-43,Jsoup-43,,Jsoup-43,Jsoup-43,,Jsoup-43,Jsoup-43,,Jsoup-43,
Jsoup-44,Jsoup,TRUE,FALSE,,,,,,,,,,,,,,,,,,,,,,,,,,
Jsoup-45,Jsoup,TRUE,FALSE,,,Jsoup-45,,,Jsoup-45,,,,Jsoup-45,,,,,,,Jsoup-45,,Jsoup-45,,Jsoup-45,Jsoup-45,,,Jsoup-45,
Jsoup-46,Jsoup,TRUE,FALSE,,,Jsoup-46,,,Jsoup-46,,,,,,,,,,Jsoup-46,,,Jsoup-46,,Jsoup-46,,,,,
Jsoup-47,Jsoup,TRUE,FALSE,,,Jsoup-47,,,Jsoup-47,,,,,,,,,,,,,,,,,,Jsoup-47,Jsoup-47,
Jsoup-48,Jsoup,TRUE,FALSE,,,,,,,,,,,,,,,,,,,,,,,,,Jsoup-48,
Jsoup-49,Jsoup,TRUE,FALSE,,,,,,,,,,,,,,,,,,,,Jsoup-49,,Jsoup-49,,Jsoup-49,Jsoup-49,
Jsoup-50,Jsoup,TRUE,FALSE,,,,,,,,,,,,,,,,,,,,,,,,,,
Jsoup-51,Jsoup,TRUE,FALSE,,,,,,,,,,Jsoup-51,,,,,,,,,Jsoup-51,,,,,,Jsoup-51,
Jsoup-52,Jsoup,TRUE,FALSE,,,,,,,,,,,,,,,,,,,,Jsoup-52,,,,,,
Jsoup-53,Jsoup,TRUE,FALSE,,,,,,,,,,,,,,,,,,,,,,,,,,
Jsoup-54,Jsoup,TRUE,FALSE,,,,,,,,,,,,,,,,Jsoup-54,,,,,,,,,Jsoup-54,
Jsoup-55,Jsoup,TRUE,FALSE,Jsoup-55,,Jsoup-55,,,Jsoup-55,,,,Jsoup-55,,,Jsoup-55,,,,,Jsoup-55,Jsoup-55,Jsoup-55,,,Jsoup-55,,Jsoup-55,
Jsoup-56,Jsoup,TRUE,FALSE,,,,,,,,,,,,,,,,,,,,,,,,,,
Jsoup-57,Jsoup,TRUE,FALSE,Jsoup-57,,Jsoup-57,,,Jsoup-57,,,,Jsoup-57,Jsoup-57,,,,,,Jsoup-57,,Jsoup-57,Jsoup-57,,Jsoup-57,Jsoup-57,,Jsoup-57,
Jsoup-58,Jsoup,TRUE,FALSE,,,,,,,,,,,,,,,,,,,,,,,,,,
Jsoup-59,Jsoup,TRUE,FALSE,,,,,,,,,,,,,,,,Jsoup-59,,,,,,,,,Jsoup-59,
Jsoup-60,Jsoup,TRUE,FALSE,,,,,,,,,,,Jsoup-60,,,,,Jsoup-60,,,,,,,,,,
Jsoup-61,Jsoup,TRUE,FALSE,,,Jsoup-61,,,Jsoup-61,,,,Jsoup-61,Jsoup-61,,Jsoup-61,,,,,Jsoup-61,,,,,Jsoup-61,,,
Jsoup-62,Jsoup,TRUE,FALSE,Jsoup-62,,Jsoup-62,,,,,,,Jsoup-62,Jsoup-62,,,,,,Jsoup-62,,Jsoup-62,,Jsoup-62,Jsoup-62,,Jsoup-62,Jsoup-62,
Jsoup-63,Jsoup,TRUE,FALSE,,,,,,,,,,,,,,,,,,,,,,,,,,
Jsoup-64,Jsoup,TRUE,FALSE,,,,,,,,,,,Jsoup-64,,,,,,,Jsoup-64,,Jsoup-64,,,Jsoup-64,Jsoup-64,Jsoup-64,
Jsoup-65,Jsoup,TRUE,FALSE,,,,,,,,,,,,,,,,,,,,,,,,,,
Jsoup-66,Jsoup,TRUE,FALSE,,,,,,,,,,,,,,,,,,,,,,,,,,
Jsoup-67,Jsoup,TRUE,FALSE,,,,,,,,,,,,,,,,,,,,,,,,,,
Jsoup-68,Jsoup,TRUE,FALSE,,,,,,,Jsoup-68,,,,,,,,,Jsoup-68,Jsoup-68,Jsoup-68,,,Jsoup-68,Jsoup-68,Jsoup-68,Jsoup-68,Jsoup-68,
Jsoup-69,Jsoup,TRUE,FALSE,,,,,,,,,,,,,,,,,,,,,,,,,,
Jsoup-70,Jsoup,TRUE,FALSE,,,,,,,,,,,,,,,,,,,,,,,,,,
Jsoup-71,Jsoup,TRUE,FALSE,,,,,,,,,,,,,,,,,,,,,,,,,,
Jsoup-72,Jsoup,TRUE,FALSE,,,,,,,,,,,,,,,,Jsoup-72,,,,,,,,,Jsoup-72,
Jsoup-73,Jsoup,TRUE,FALSE,,,,,,,,,,,,,,,,,,,,,,,,,,
Jsoup-74,Jsoup,TRUE,FALSE,,,,,,,,,,,,,,,,,,,,,,,,,,
Jsoup-75,Jsoup,TRUE,FALSE,,,,,,,,,,,,,,,,,,,,,,,,,,
Jsoup-76,Jsoup,TRUE,FALSE,,,,,,,,,,,,,,,,,,,,,,,,,,
Jsoup-77,Jsoup,TRUE,FALSE,,,Jsoup-77,,,,Jsoup-77,,,,,,Jsoup-77,,,Jsoup-77,,,Jsoup-77,,,Jsoup-77,Jsoup-77,,,
Jsoup-78,Jsoup,TRUE,FALSE,,,,,,,,,,,,,,,,,,,,,,,,,,
Jsoup-79,Jsoup,TRUE,FALSE,,,,,,,,,,,,,,,,,,,,,,,,,,
Jsoup-80,Jsoup,TRUE,FALSE,,,,,,,,,,,,,,,,,,,,,,,,,Jsoup-80,
Jsoup-81,Jsoup,TRUE,FALSE,,,,,,,,,,,,,,,,,,,,,,,,,,
Jsoup-82,Jsoup,TRUE,FALSE,,,,,,,,,,,,,,,,,,,,,,,,,,
Jsoup-83,Jsoup,TRUE,FALSE,,,,,,,,,,,,,,,,,,,,,,,,,,Jsoup-83
Jsoup-84,Jsoup,TRUE,FALSE,,,,,,,,,,,,,,,,,,,,,,,,,,Jsoup-84
Jsoup-85,Jsoup,TRUE,FALSE,,,,,,,,,,,,,,,,,,,,,,Jsoup-85,Jsoup-85,Jsoup-85,Jsoup-85,Jsoup-85
Jsoup-86,Jsoup,TRUE,FALSE,,,Jsoup-86,,,,,,,Jsoup-86,Jsoup-86,,,,,Jsoup-86,Jsoup-86,,Jsoup-86,Jsoup-86,,Jsoup-86,,,Jsoup-86,Jsoup-86
Jsoup-87,Jsoup,TRUE,FALSE,,,,,,,,,,,,,,,,,,,,,,,,,,Jsoup-87
Jsoup-88,Jsoup,TRUE,FALSE,,,Jsoup-88,,,,Jsoup-88,,,,,,Jsoup-88,,,,,,Jsoup-88,,,Jsoup-88,Jsoup-88,Jsoup-88,Jsoup-88,Jsoup-88
Jsoup-89,Jsoup,TRUE,FALSE,,,,,,,,,,,,,,,,,,,,,,,Jsoup-89,,Jsoup-89,Jsoup-89
Jsoup-90,Jsoup,TRUE,FALSE,,,,,,,,,,,,,,,,,,,,,,,,,Jsoup-90,Jsoup-90
Jsoup-91,Jsoup,TRUE,FALSE,,,,,,,,,,,,,,,,,,,,,,,,,,
Jsoup-92,Jsoup,TRUE,FALSE,,,,,,,,,,,,,,,,,,,,,,,,,,Jsoup-92
Jsoup-93,Jsoup,TRUE,FALSE,,,,,,Jsoup-93,,,,,,,,,,,,,,,,,,,,Jsoup-93
JxPath-1,JxPath,TRUE,FALSE,,,,,,,,,,,,,,,,,,,,JxPath-1,,,,,,
JxPath-2,JxPath,TRUE,FALSE,,,,,,,,,,,,,,,,,,,,,,,,,,
JxPath-3,JxPath,TRUE,FALSE,,,,,,,,,,,,,,,,,,,,,,,,,,
JxPath-4,JxPath,TRUE,FALSE,,,,,,,,,,,,,,,,,,,,,,,,,,JxPath-4
JxPath-5,JxPath,TRUE,FALSE,,,,,,,JxPath-5,,,,JxPath-5,,JxPath-5,,,JxPath-5,JxPath-5,,,JxPath-5,,JxPath-5,,,,JxPath-5
JxPath-6,JxPath,TRUE,FALSE,,,,,,,,,,,,,,,,,,,,,,,,,,JxPath-6
JxPath-7,JxPath,TRUE,FALSE,,,,,,,,,,,,,,,,,,,,,,,,,,JxPath-7
JxPath-8,JxPath,TRUE,FALSE,,,,,,,,,,,,,,,,JxPath-8,,,,,,,,,JxPath-8,JxPath-8
JxPath-9,JxPath,TRUE,FALSE,,,,,,,,,,,,,,,,,,,,,,,,,,JxPath-9
JxPath-10,JxPath,TRUE,FALSE,JxPath-10,,,,,,JxPath-10,,,JxPath-10,,,,,,,,,JxPath-10,JxPath-10,,JxPath-10,,,,JxPath-10
JxPath-11,JxPath,TRUE,FALSE,,,,,,,,,,,,,,,,,,,,,,,,,,JxPath-11
JxPath-12,JxPath,TRUE,FALSE,,,,,,,,,,,,,,,,,,,,,JxPath-12,,,,,JxPath-12
JxPath-13,JxPath,TRUE,FALSE,,,,,,,,,,,,,,,,,,,,,,,,,,JxPath-13
JxPath-14,JxPath,TRUE,FALSE,,,,,,,,,,,,,,,,,,,,,,,,,,JxPath-14
JxPath-15,JxPath,TRUE,FALSE,,,,,,,,,,,,,,,,,,,,,,,,,,JxPath-15
JxPath-16,JxPath,TRUE,FALSE,,,,,,,,,,,JxPath-16,,JxPath-16,,,JxPath-16,,,,JxPath-16,,JxPath-16,,,,JxPath-16
JxPath-17,JxPath,TRUE,FALSE,,,,,,,,,,,,,,,,,,,,,,,,,,JxPath-17
JxPath-18,JxPath,TRUE,FALSE,,,,,,,,,,,,,,,,,,,,,,,,,,JxPath-18
JxPath-19,JxPath,TRUE,FALSE,,,,,,,,,,,,,,,,,,,,,,,,,,JxPath-19
JxPath-20,JxPath,TRUE,FALSE,,,,,,,,,,,,,,,,,,,,,,,,,,JxPath-20
JxPath-21,JxPath,TRUE,FALSE,,,,,,,,,,,,,JxPath-21,,,JxPath-21,,,,,,,,,,JxPath-21
JxPath-22,JxPath,TRUE,FALSE,,,,,,,,,,,,,,,,,,,,,,,,,JxPath-22,JxPath-22
Lang-1,Lang,TRUE,FALSE,,,,,,,,,,,,,,,,,,,,,,,,,,
Lang-2,Lang,FALSE,TRUE,,,,,,,,,,,,,,,,,,,,,,,,,,
Lang-3,Lang,TRUE,FALSE,,,,,,,,,,,,,,,,,,,,,,,,,,
Lang-4,Lang,TRUE,FALSE,Lang-4,,,,,,,,,Lang-4,,,,,,Lang-4,,,,,,,,Lang-4,,
Lang-5,Lang,TRUE,FALSE,,,,,,,,,,,,,,,,,,,,,,,,,,
Lang-6,Lang,TRUE,FALSE,Lang-6,,,Lang-6,,,Lang-6,Lang-6,Lang-6,Lang-6,,Lang-6,Lang-6,Lang-6,Lang-6,Lang-6,Lang-6,Lang-6,Lang-6,Lang-6,Lang-6,,Lang-6,Lang-6,,
Lang-7,Lang,TRUE,FALSE,Lang-7,Lang-7,,,,,,,Lang-7,,,,,,,,Lang-7,Lang-7,,,Lang-7,Lang-7,,Lang-7,,
Lang-8,Lang,TRUE,FALSE,,,,,,,,,,Lang-8,,,,,,,,,,,,,,,,
Lang-9,Lang,TRUE,FALSE,,,,,,,,,,,,,,,,,,,,,,,,,,
Lang-10,Lang,TRUE,FALSE,Lang-10,,,Lang-10,Lang-10,,Lang-10,,,,,,Lang-10,,Lang-10,,Lang-10,,,,Lang-10,Lang-10,Lang-10,Lang-10,,
Lang-11,Lang,TRUE,FALSE,,,Lang-11,,,,,,,Lang-11,,,,,,,,,,,,,,,Lang-11,
Lang-12,Lang,TRUE,FALSE,,,,,,,,,,,,,,,,,,,,,,,,,,
Lang-13,Lang,TRUE,FALSE,,,,,,,,,,,,,,,,,,,,,,,,,,
Lang-14,Lang,TRUE,FALSE,,,,,,,,,,,,,,,,,,,,,,,,,Lang-14,
Lang-15,Lang,TRUE,FALSE,,,,,,,,,,,,,,,,,,,,,,,,,,
Lang-16,Lang,TRUE,FALSE,,,Lang-16,,,,,,,Lang-16,,,,,,Lang-16,,,,,,,Lang-16,Lang-16,Lang-16,
Lang-17,Lang,TRUE,FALSE,,,,,,,,,,,,,,,,,,,,,,,,,Lang-17,
Lang-18,Lang,FALSE,TRUE,,,,,,,,,,,,,,,,,,,,,,,,,,
Lang-19,Lang,TRUE,FALSE,,,,,,,,,,,,,,,,,,,,,,,,,,
Lang-20,Lang,TRUE,FALSE,,Lang-20,,,,,,,,,,,,,,Lang-20,,,,,,Lang-20,,,,
Lang-21,Lang,TRUE,FALSE,,,Lang-21,,,Lang-21,,,,Lang-21,,,Lang-21,,,,,,Lang-21,Lang-21,Lang-21,Lang-21,,Lang-21,Lang-21,
Lang-22,Lang,TRUE,FALSE,,,,Lang-22,,,,,Lang-22,,,,,,,,,,,,,Lang-22,,,,
Lang-23,Lang,TRUE,FALSE,,,,,,,,,,,,,,,,,,,,,,,,,,
Lang-24,Lang,TRUE,FALSE,Lang-24,Lang-24,Lang-24,,,Lang-24,,,,Lang-24,,,,Lang-24,,Lang-24,,,Lang-24,,,Lang-24,Lang-24,Lang-24,Lang-24,
Lang-25,Lang,FALSE,TRUE,,,,,,,,,,,,,,,,,,,,,,,,,,
Lang-26,Lang,TRUE,FALSE,,,Lang-26,Lang-26,Lang-26,Lang-26,Lang-26,,,Lang-26,,Lang-26,,Lang-26,,Lang-26,Lang-26,Lang-26,Lang-26,,Lang-26,Lang-26,Lang-26,,,
Lang-27,Lang,TRUE,FALSE,,,Lang-27,,,,,Lang-27,,,,,,,,,,,,,,,,,,
Lang-28,Lang,TRUE,FALSE,,,Lang-28,,,,,,,,,,,,,,,,,,,,,,Lang-28,
Lang-29,Lang,TRUE,FALSE,Lang-29,,Lang-29,Lang-29,Lang-29,Lang-29,Lang-29,,,Lang-29,,,Lang-29,,Lang-29,,Lang-29,Lang-29,Lang-29,Lang-29,Lang-29,Lang-29,Lang-29,,Lang-29,
Lang-30,Lang,TRUE,FALSE,,,,,,,,,,,,,,,,,,,,,,,,,,
Lang-31,Lang,TRUE,FALSE,,,,,,,,,,,,,,,,,,,,,,,,,,
Lang-32,Lang,TRUE,FALSE,,,,,,,,,,,,,,,,,,,,,,,,,,
Lang-33,Lang,TRUE,FALSE,Lang-33,Lang-33,Lang-33,Lang-33,Lang-33,Lang-33,,Lang-33,Lang-33,Lang-33,,,Lang-33,Lang-33,,Lang-33,,Lang-33,Lang-33,Lang-33,Lang-33,,Lang-33,Lang-33,Lang-33,
Lang-34,Lang,TRUE,FALSE,,Lang-34,,Lang-34,,,,,,,,Lang-34,,,Lang-34,,Lang-34,,,,Lang-34,,,,,
Lang-35,Lang,TRUE,FALSE,,,,,,,,,,,,,,,,Lang-35,Lang-35,,,,,Lang-35,,,,
Lang-36,Lang,TRUE,FALSE,,,,,,,,,,,,,,,,,,,,,,,,,,
Lang-37,Lang,TRUE,FALSE,,,,,,,,,,,,,,,,,,,,,,,,,,
Lang-38,Lang,TRUE,FALSE,,,Lang-38,,,Lang-38,Lang-38,,,Lang-38,,,Lang-38,Lang-38,,,,Lang-38,Lang-38,,,,Lang-38,Lang-38,,
Lang-39,Lang,TRUE,FALSE,,Lang-39,Lang-39,,,,,,,,,,,,,,,,Lang-39,,,,,Lang-39,,
Lang-40,Lang,TRUE,FALSE,,,Lang-40,,,,,,,,,,,,,,,,,,,,,,Lang-40,
Lang-41,Lang,TRUE,FALSE,,,,,,,,,,,,,,,,,,,,,,,,,,
Lang-42,Lang,TRUE,FALSE,,,,,,,,,,,,,,,,,,,,,,,,,Lang-42,
Lang-43,Lang,TRUE,FALSE,Lang-43,Lang-43,Lang-43,,,Lang-43,Lang-43,Lang-43,Lang-43,Lang-43,,Lang-43,Lang-43,,Lang-43,Lang-43,,Lang-43,Lang-43,,,Lang-43,Lang-43,Lang-43,Lang-43,
Lang-44,Lang,TRUE,FALSE,,Lang-44,Lang-44,,,,,,,,,,,,,Lang-44,,,Lang-44,,,,,,,
Lang-45,Lang,TRUE,FALSE,Lang-45,,Lang-45,,,,,,,Lang-45,,,,Lang-45,,Lang-45,,,Lang-45,Lang-45,Lang-45,,Lang-45,,Lang-45,
Lang-46,Lang,TRUE,FALSE,,,,,,,,,,,,,,,,,,,,,,Lang-46,Lang-46,Lang-46,,
Lang-47,Lang,TRUE,FALSE,,,,,,,,Lang-47,,,,Lang-47,,,,Lang-47,,,,,,,,Lang-47,,
Lang-48,Lang,FALSE,TRUE,,,,,,,,,,,,,,,,,,,,,,,,,,
Lang-49,Lang,TRUE,FALSE,,,,,,,,,,,,,,,,,,,,,,,,,,
Lang-50,Lang,TRUE,FALSE,,,,,,,,,,,,,,,,,,,,,,,,,,
Lang-51,Lang,TRUE,FALSE,Lang-51,,Lang-51,Lang-51,Lang-51,Lang-51,Lang-51,,Lang-51,Lang-51,,Lang-51,Lang-51,Lang-51,Lang-51,Lang-51,Lang-51,Lang-51,Lang-51,,Lang-51,Lang-51,,,Lang-51,
Lang-52,Lang,TRUE,FALSE,,,Lang-52,,,,,,,Lang-52,,,,,,,Lang-52,,Lang-52,,,,,,Lang-52,
Lang-53,Lang,TRUE,FALSE,,,,,,,,,,,,,,,,,,,,,,,,,,
Lang-54,Lang,TRUE,FALSE,,,,,,,,,,,,,,,,,,,,,,,,,,
Lang-55,Lang,TRUE,FALSE,Lang-55,,Lang-55,,,,,,,Lang-55,,Lang-55,,Lang-55,,Lang-55,,Lang-55,,,,,Lang-55,Lang-55,Lang-55,
Lang-56,Lang,TRUE,FALSE,,,,,,,,,,,,,,,,,,,,,,,,,,
Lang-57,Lang,TRUE,FALSE,,,Lang-57,,Lang-57,Lang-57,Lang-57,Lang-57,Lang-57,Lang-57,,Lang-57,Lang-57,,Lang-57,Lang-57,Lang-57,Lang-57,Lang-57,Lang-57,Lang-57,Lang-57,Lang-57,Lang-57,,
Lang-58,Lang,TRUE,FALSE,,,,,,,,,,,,,,,,Lang-58,,,,,Lang-58,,,,Lang-58,
Lang-59,Lang,TRUE,FALSE,Lang-59,,Lang-59,Lang-59,Lang-59,Lang-59,Lang-59,Lang-59,Lang-59,Lang-59,,Lang-59,Lang-59,Lang-59,Lang-59,Lang-59,,Lang-59,Lang-59,Lang-59,Lang-59,Lang-59,Lang-59,Lang-59,Lang-59,
Lang-60,Lang,TRUE,FALSE,,,,Lang-60,,,,Lang-60,,,,,,,,Lang-60,Lang-60,,,,Lang-60,,,,,
Lang-61,Lang,TRUE,FALSE,Lang-61,Lang-61,Lang-61,,,Lang-61,,,,Lang-61,,,Lang-61,,,Lang-61,,,,,,,,,Lang-61,
Lang-62,Lang,TRUE,FALSE,,,,,,,,,,,,,,,,,,,,,,,,,,
Lang-63,Lang,TRUE,FALSE,,,,,,,,,,,,,,,,,,Lang-63,,,,Lang-63,,,,
Lang-64,Lang,TRUE,FALSE,,,,,,,,,,,,,,,Lang-64,,,,,,,,,,,
Lang-65,Lang,TRUE,FALSE,,,,,,,,,,,,,,,,,,,,,,,,,,
Math-1,Math,TRUE,FALSE,,,,,,,,,,,,Math-1,,,,,,,,,,,,,,
Math-2,Math,TRUE,FALSE,Math-2,,Math-2,Math-2,Math-2,,Math-2,,,Math-2,,,,,Math-2,Math-2,,,,Math-2,,Math-2,,Math-2,Math-2,
Math-3,Math,TRUE,FALSE,,,Math-3,,,,,,,Math-3,,,,Math-3,,,,,,,,,Math-3,,Math-3,
Math-4,Math,TRUE,FALSE,,Math-4,,,,,,Math-4,,,,,,,,Math-4,,,,,,,,Math-4,,
Math-5,Math,TRUE,FALSE,Math-5,Math-5,Math-5,Math-5,,Math-5,,Math-5,Math-5,Math-5,,Math-5,Math-5,Math-5,Math-5,Math-5,Math-5,Math-5,Math-5,,Math-5,,Math-5,Math-5,Math-5,
Math-6,Math,TRUE,FALSE,,,,,,,,,,,,,,,,,,,,,,,,,,
Math-7,Math,TRUE,FALSE,,,,,,,,,,,,,,,,,,,,,,,,,,
Math-8,Math,TRUE,FALSE,,,,,,,,,,,,,,,Math-8,,,,,,,,,,,
Math-9,Math,TRUE,FALSE,,,,,,,,,,Math-9,,,,,,,,,Math-9,,,,,,,
Math-10,Math,TRUE,FALSE,,,Math-10,,,Math-10,,,,,,,,,,,,,,,,,,,,
Math-11,Math,TRUE,FALSE,Math-11,Math-11,Math-11,Math-11,,Math-11,,,,Math-11,,,Math-11,,,Math-11,,,Math-11,Math-11,Math-11,Math-11,,Math-11,Math-11,
Math-12,Math,TRUE,FALSE,,,,,,,,,,,,,,,,,,,,,,,,,,
Math-13,Math,TRUE,FALSE,,,,,,,,,,,,,,,,,,,,,,,,,,
Math-14,Math,TRUE,FALSE,,,,,,,,,,,,,,,,,,,,,,,,,,
Math-15,Math,TRUE,FALSE,,,,Math-15,,,,,,,,Math-15,,,,,,,,,,,,,,
Math-16,Math,TRUE,FALSE,,,,,,,,,,,,,,,,,,,,,,,,,,
Math-17,Math,TRUE,FALSE,,,,,,,,,,,,,,,,,,,,,,,,,,
Math-18,Math,TRUE,FALSE,,,,,,,,,,,,,,,,,,,,,,,,,,
Math-19,Math,TRUE,FALSE,,,,,,,,,,,,,,,,,,,,,,,,,,
Math-20,Math,TRUE,FALSE,,,,,,,,,,,,,,,,,,,,,,,,,,
Math-21,Math,TRUE,FALSE,,,,,,,,,,,,,,,,,,,,,,,,,,
Math-22,Math,TRUE,FALSE,,Math-22,,Math-22,Math-22,,Math-22,Math-22,,,,Math-22,,,Math-22,Math-22,Math-22,,,,Math-22,,,Math-22,,
Math-23,Math,TRUE,FALSE,,,,,,,,,,,,,,,,,,,,,,,,,,
Math-24,Math,TRUE,FALSE,,,,,,,,Math-24,,,,,,,,,,,,,,,,,,
Math-25,Math,TRUE,FALSE,,Math-25,,,,,,,,,,,,,,,,,,,,,,,,
Math-26,Math,TRUE,FALSE,,,,,,,,,,,,,,,,Math-26,,,,,,,,,Math-26,
Math-27,Math,TRUE,FALSE,,,Math-27,Math-27,Math-27,,Math-27,,,Math-27,,,Math-27,,Math-27,,,Math-27,Math-27,,,,Math-27,,Math-27,
Math-28,Math,TRUE,FALSE,,,,,,,,,,,,,,,,,,,,,,,,,,
Math-29,Math,TRUE,FALSE,,,,,,,,,,,,,,,,,,,,,,,,,,
Math-30,Math,TRUE,FALSE,Math-30,Math-30,Math-30,Math-30,Math-30,Math-30,Math-30,Math-30,Math-30,Math-30,,Math-30,Math-30,,Math-30,Math-30,Math-30,Math-30,Math-30,Math-30,Math-30,Math-30,Math-30,Math-30,Math-30,
Math-31,Math,TRUE,FALSE,,,,,,,,,,,,,,,,,,,,,,,,,,
Math-32,Math,TRUE,FALSE,,,,,,,,,,,,Math-32,,,Math-32,,,,,,Math-32,,,,,
Math-33,Math,TRUE,FALSE,,,Math-33,,,Math-33,,Math-33,Math-33,,,Math-33,Math-33,Math-33,,,,Math-33,,Math-33,Math-33,,Math-33,,,
Math-34,Math,TRUE,FALSE,Math-34,Math-34,Math-34,Math-34,Math-34,Math-34,Math-34,,,Math-34,,,Math-34,Math-34,Math-34,Math-34,Math-34,Math-34,Math-34,Math-34,,Math-34,Math-34,Math-34,Math-34,
Math-35,Math,TRUE,FALSE,,,,Math-35,,,,Math-35,,,,Math-35,,,,Math-35,Math-35,,,,,Math-35,,Math-35,,
Math-36,Math,TRUE,FALSE,,,,,,,,,,,,,,,,,,,,,,,,,,
Math-37,Math,TRUE,FALSE,,,,,,,,,,,,,,,,,,,,,,,,,,
Math-38,Math,TRUE,FALSE,,,,Math-38,,,,,,,,,,,,,,,,,,,,,,
Math-39,Math,TRUE,FALSE,,Math-39,,,,,,,,,,,,,,,,,,,,,,,,
Math-40,Math,TRUE,FALSE,,,,,,,,,,,,,,,,,,,,,,,,,,
Math-41,Math,TRUE,FALSE,Math-41,,Math-41,,,Math-41,Math-41,Math-41,Math-41,Math-41,,Math-41,Math-41,,Math-41,Math-41,Math-41,Math-41,Math-41,Math-41,Math-41,Math-41,Math-41,,Math-41,
Math-42,Math,TRUE,FALSE,,,,,,,,,,,,,,,,,,,,,,,,,,
Math-43,Math,TRUE,FALSE,,,,Math-43,,,,Math-43,,,,Math-43,,,,,,,,,,,,,,
Math-44,Math,TRUE,FALSE,,,,,,,,,,,,,,,,,,,,,,,,,,
Math-45,Math,TRUE,FALSE,,,Math-45,,,,,,,,,,,,,,,,,,,,,,,
Math-46,Math,TRUE,FALSE,,,,,,,,,,,,Math-46,,,Math-46,,,,,,Math-46,Math-46,,,,
Math-47,Math,TRUE,FALSE,,,,,,,,,,,,,,,,,,,,,,,,,,
Math-48,Math,TRUE,FALSE,,,,,,,,,,,,,,,,,,,,,,,,,,
Math-49,Math,TRUE,FALSE,,,,Math-49,,,,,,,,,,,,Math-49,Math-49,,,,Math-49,Math-49,,,,
Math-50,Math,TRUE,FALSE,Math-50,,Math-50,Math-50,,,Math-50,Math-50,Math-50,,,Math-50,Math-50,Math-50,,,,Math-50,Math-50,Math-50,Math-50,Math-50,Math-50,Math-50,Math-50,
Math-51,Math,TRUE,FALSE,,,,,,,,,,,,,,,,,,,,,,,,,,
Math-52,Math,TRUE,FALSE,,,,,,,,,,,,,,,,,,,,,,,,Math-52,,
Math-53,Math,TRUE,FALSE,,Math-53,Math-53,,,,,,,Math-53,,,,Math-53,,,,,,,,,,,,
Math-54,Math,TRUE,FALSE,,,,,,,,,,,,,,,,,,,,,,,,,,
Math-55,Math,TRUE,FALSE,,,,,,,,,,,,,,,,,,,,,,,,,,
Math-56,Math,TRUE,FALSE,,Math-56,Math-56,Math-56,Math-56,,Math-56,,,Math-56,,,Math-56,,,,,,Math-56,,,,Math-56,Math-56,Math-56,
Math-57,Math,TRUE,FALSE,Math-57,Math-57,Math-57,Math-57,Math-57,Math-57,Math-57,Math-57,Math-57,Math-57,,Math-57,Math-57,,Math-57,Math-57,Math-57,Math-57,Math-57,Math-57,Math-57,Math-57,Math-57,,Math-57,
Math-58,Math,TRUE,FALSE,Math-58,Math-58,Math-58,Math-58,Math-58,Math-58,Math-58,Math-58,Math-58,Math-58,,,Math-58,Math-58,Math-58,,,Math-58,Math-58,,,Math-58,Math-58,Math-58,,
Math-59,Math,TRUE,FALSE,Math-59,,Math-59,Math-59,Math-59,Math-59,Math-59,Math-59,Math-59,Math-59,,Math-59,Math-59,Math-59,,,,,Math-59,Math-59,Math-59,Math-59,Math-59,Math-59,Math-59,
Math-60,Math,TRUE,FALSE,,,,,,,,,,,,,,,,,,,,,,,,,Math-60,
Math-61,Math,TRUE,FALSE,,,,,,,,,,,,,,,,,,,,,,,,,,
Math-62,Math,TRUE,FALSE,,,,,,,,,,,,,,,,,,,,,,,,,,
Math-63,Math,TRUE,FALSE,Math-63,,,,,Math-63,,,,Math-63,,,,,Math-63,,,,Math-63,,Math-63,,,,,
Math-64,Math,TRUE,FALSE,,,,,,,,,,,,,,,,,,,,,,,,,,
Math-65,Math,TRUE,FALSE,Math-65,Math-65,,,Math-65,,Math-65,,,Math-65,,,Math-65,,,,,Math-65,,,,Math-65,Math-65,Math-65,,
Math-66,Math,TRUE,FALSE,,,,,,,,,,,,,,,,,,,,,,,,,,
Math-67,Math,TRUE,FALSE,,,,,,,,,,,,,,,,,Math-67,,,,,,,,,
Math-68,Math,TRUE,FALSE,,,,,,,,,,,,,,,,,,,,,,,,,,
Math-69,Math,TRUE,FALSE,,,Math-69,,,Math-69,,,,,,,,,,,,,,,,,,,Math-69,
Math-70,Math,TRUE,FALSE,Math-70,Math-70,Math-70,Math-70,,Math-70,Math-70,Math-70,Math-70,Math-70,,Math-70,Math-70,Math-70,Math-70,Math-70,Math-70,Math-70,Math-70,Math-70,Math-70,Math-70,Math-70,Math-70,Math-70,
Math-71,Math,TRUE,FALSE,,,,,,,,Math-71,,,,,,,,,,,,,,,,,,
Math-72,Math,TRUE,FALSE,,,Math-72,,,,,Math-72,,,,,,,Math-72,Math-72,Math-72,,,,Math-72,,,,Math-72,
Math-73,Math,TRUE,FALSE,,Math-73,Math-73,,,,,,,,,,,,,,,,,,Math-73,,,,,
Math-74,Math,TRUE,FALSE,,,,,,,,,,,,,,,,,,,,,,,,,,
Math-75,Math,TRUE,FALSE,Math-75,Math-75,,Math-75,,Math-75,Math-75,Math-75,Math-75,Math-75,,Math-75,Math-75,Math-75,Math-75,Math-75,Math-75,Math-75,Math-75,Math-75,Math-75,Math-75,Math-75,Math-75,,
Math-76,Math,TRUE,FALSE,,,,,,,,,,,,,,,,,,,,,,,,,,
Math-77,Math,TRUE,FALSE,,,,Math-77,Math-77,,,,,,,Math-77,,,Math-77,,Math-77,,,,Math-77,,,Math-77,,
Math-78,Math,TRUE,FALSE,,,,,,,,,,,,,,,,,,,,,,,,,,
Math-79,Math,TRUE,FALSE,,Math-79,Math-79,Math-79,,,Math-79,,,,,,,,Math-79,Math-79,Math-79,,,,Math-79,,,Math-79,Math-79,
Math-80,Math,TRUE,FALSE,Math-80,,Math-80,Math-80,Math-80,Math-80,Math-80,,,Math-80,,,Math-80,Math-80,Math-80,Math-80,Math-80,,Math-80,Math-80,Math-80,Math-80,Math-80,,Math-80,
Math-81,Math,TRUE,FALSE,,,,,,,,,,,,,,,,,,,,,,Math-81,,,,
Math-82,Math,TRUE,FALSE,Math-82,,Math-82,Math-82,Math-82,Math-82,Math-82,Math-82,Math-82,Math-82,,Math-82,Math-82,Math-82,Math-82,,,Math-82,Math-82,Math-82,Math-82,Math-82,Math-82,Math-82,Math-82,
Math-83,Math,TRUE,FALSE,,,,,,,,,,,,,,,,,,,,,,,,,,
Math-84,Math,TRUE,FALSE,,,,,,,,,,,,,,,,,,,,,,,,,,
Math-85,Math,TRUE,FALSE,Math-85,,Math-85,Math-85,,Math-85,,,Math-85,Math-85,,Math-85,Math-85,Math-85,Math-85,Math-85,,Math-85,Math-85,Math-85,Math-85,Math-85,Math-85,,Math-85,
Math-86,Math,TRUE,FALSE,,Math-86,,,,,,,,,,,,,,,,,,,,,,,,
Math-87,Math,TRUE,FALSE,,,,,,,,,,,,,,,,,,,,,,,,,,
Math-88,Math,TRUE,FALSE,,,,,,,,,,,,,,,,,,,,,,,,,,
Math-89,Math,TRUE,FALSE,,Math-89,Math-89,,,,,,,,,,,,,Math-89,,,,,,,,Math-89,Math-89,
Math-90,Math,TRUE,FALSE,Math-90,,,,Math-90,,,Math-90,,,,,,,,,,,,,,,,,,
Math-91,Math,TRUE,FALSE,,,Math-91,,,,,Math-91,,,,,,,,,,,,,,,,,Math-91,
Math-92,Math,TRUE,FALSE,,,,,,,,,,,,,,,,,,,,,,,,,,
Math-93,Math,TRUE,FALSE,,,,,,,,,,,,,,,,,,,,,,,,,,
Math-94,Math,TRUE,FALSE,Math-94,Math-94,Math-94,Math-94,Math-94,Math-94,Math-94,,,Math-94,,,Math-94,,,Math-94,,Math-94,Math-94,Math-94,Math-94,Math-94,Math-94,Math-94,Math-94,
Math-95,Math,TRUE,FALSE,,,Math-95,,,,,,,,,,,,,,,,,,Math-95,,,,,
Math-96,Math,TRUE,FALSE,Math-96,,Math-96,Math-96,,Math-96,,,,Math-96,,,,,,Math-96,,Math-96,Math-96,,,Math-96,Math-96,,,
Math-97,Math,TRUE,FALSE,,,,,,,,,,,,,,,,,,,,,,,,,,
Math-98,Math,TRUE,FALSE,Math-98,Math-98,,Math-98,Math-98,,Math-98,Math-98,Math-98,,,Math-98,Math-98,,Math-98,Math-98,Math-98,Math-98,,,,,Math-98,Math-98,,
Math-99,Math,TRUE,FALSE,,,,,,,,,,,,,,,,,,,,,,,,,,
Math-100,Math,TRUE,FALSE,,,,,,,,,,,,,,,,Math-100,,,,,,,,,,
Math-101,Math,TRUE,FALSE,,,,,,,,,,Math-101,,,,,,,,,,,,,,,Math-101,
Math-102,Math,TRUE,FALSE,,,,,,,,,,,,,,,,,,,,,,,,,,
Math-103,Math,TRUE,FALSE,,,,,,,,,,,,,,,,,,,,,,,,,,
Math-104,Math,TRUE,FALSE,,,,,,,,,,,,,,,Math-104,,Math-104,,Math-104,Math-104,Math-104,Math-104,,,,
Math-105,Math,TRUE,FALSE,,,Math-105,,,,,,,,,,,,,,,Math-105,,Math-105,,,Math-105,,Math-105,
Math-106,Math,TRUE,FALSE,,,Math-106,,,,,,,,,,,,,,,,,,,,,,Math-106,
Mockito-1,Mockito,TRUE,FALSE,,,,,,,,,,,,,,,Mockito-1,,,,,,,,,,,
Mockito-2,Mockito,TRUE,FALSE,,,,,,,,,,,,,,,,,,,,,,,,,,
Mockito-3,Mockito,TRUE,FALSE,,,,,,,,,,,,,,,,,,,,,,,,,,
Mockito-4,Mockito,TRUE,FALSE,,,,,,,,,,,,,,,,Mockito-4,,,,,,,,,,
Mockito-5,Mockito,TRUE,FALSE,,,,Mockito-5,Mockito-5,,Mockito-5,,,Mockito-5,,,Mockito-5,,Mockito-5,Mockito-5,Mockito-5,,,Mockito-5,Mockito-5,Mockito-5,,,,
Mockito-6,Mockito,TRUE,FALSE,,,,,,,,,,,,,,,,,,,,,,,,,,
Mockito-7,Mockito,TRUE,FALSE,,,,,,,,,,,,,,,,,,,,,,,,,,
Mockito-8,Mockito,TRUE,FALSE,,,,,Mockito-8,,Mockito-8,,,Mockito-8,,,Mockito-8,Mockito-8,,Mockito-8,,,,,,,,,,
Mockito-9,Mockito,TRUE,FALSE,,,,,,,,,,,,,,,,,,,,,,,,,,
Mockito-10,Mockito,TRUE,FALSE,,,,,,,,,,,,,,,,,,,,,,,,,,
Mockito-11,Mockito,TRUE,FALSE,,,,,,,,,,,,,,,,,,,,,,,,,,
Mockito-12,Mockito,TRUE,FALSE,,,Mockito-12,,,,,,,,,,,,,,,,,,,,,,,
Mockito-13,Mockito,TRUE,FALSE,,,,,,,,,,,,,,,,,,,,,,,,,Mockito-13,
Mockito-14,Mockito,TRUE,FALSE,,,,,,,,,,,,,,,,,,,,,,,,,,
Mockito-15,Mockito,TRUE,FALSE,,,,,,,,,,,,,,,,,,,,,,,,,,
Mockito-16,Mockito,TRUE,FALSE,,,,,,,,,,,,,,,,,,,,,,,,,,
Mockito-17,Mockito,TRUE,FALSE,,,,,,,,,,,,,,,,,,,,,,,,,,
Mockito-18,Mockito,TRUE,FALSE,Mockito-18,,,,,,,,,,,,,,,,,,,,,,,,,
Mockito-19,Mockito,TRUE,FALSE,,,,,,,,,,,,,,,,,,,,,,,,,,
Mockito-20,Mockito,TRUE,FALSE,,,,,,,,,,,,,,,,,,,,,,,,,,
Mockito-21,Mockito,TRUE,FALSE,,,,,,,,,,,,,,,,,,,,,,,,,,
Mockito-22,Mockito,TRUE,FALSE,,,Mockito-22,,,,,,,,,,Mockito-22,Mockito-22,Mockito-22,Mockito-22,,,,,,,,Mockito-22,,
Mockito-23,Mockito,TRUE,FALSE,,,,,,,,,,,,,,,,,,,,,,,,,,
Mockito-24,Mockito,TRUE,FALSE,,,Mockito-24,,,Mockito-24,,,,,,,,,,,,,,,,,,,Mockito-24,
Mockito-25,Mockito,TRUE,FALSE,,,,,,,,,,,,,,,,,,,,,,,,,,
Mockito-26,Mockito,TRUE,FALSE,Mockito-26,,,,,,,,,Mockito-26,,,,,,Mockito-26,Mockito-26,,,Mockito-26,Mockito-26,Mockito-26,,Mockito-26,,
Mockito-27,Mockito,TRUE,FALSE,,,,,,,,,,,,,,,,,,,,,,,,,,
Mockito-28,Mockito,TRUE,FALSE,,,,,,,,,,,,,,,,,,,,,,,,,,
Mockito-29,Mockito,TRUE,FALSE,Mockito-29,,Mockito-29,,Mockito-29,,Mockito-29,,,Mockito-29,,,Mockito-29,,Mockito-29,Mockito-29,,Mockito-29,,,Mockito-29,Mockito-29,Mockito-29,Mockito-29,Mockito-29,
Mockito-30,Mockito,TRUE,FALSE,,,,,,,,,,,,,,,,,,,,,,,,,,
Mockito-31,Mockito,TRUE,FALSE,,,,,,,,,,,,,,,,,,,,,,,,,,
Mockito-32,Mockito,TRUE,FALSE,,,,,,,,,,,,,,,,,,,,,,,,,,
Mockito-33,Mockito,TRUE,FALSE,,,,,,,,,,,,,,,,,,,,,,,,,Mockito-33,
Mockito-34,Mockito,TRUE,FALSE,Mockito-34,,Mockito-34,,,,,,,Mockito-34,,,,,,,,,,,,Mockito-34,,,Mockito-34,
Mockito-35,Mockito,TRUE,FALSE,,,,,,,,,,,,,,,,,,,,,,,,,,
Mockito-36,Mockito,TRUE,FALSE,,,,,,,,,,,,,,,,,,,,,,,,,,
Mockito-37,Mockito,TRUE,FALSE,,,,,,,,,,,,,,,,,,,,,,,,,,
Mockito-38,Mockito,TRUE,FALSE,Mockito-38,,Mockito-38,,Mockito-38,,Mockito-38,Mockito-38,Mockito-38,Mockito-38,,,Mockito-38,,,Mockito-38,,Mockito-38,,Mockito-38,,Mockito-38,Mockito-38,Mockito-38,Mockito-38,
Time-1,Time,TRUE,FALSE,,,,,,,,,,,,,,,,,,,,,,,,,,
Time-2,Time,TRUE,FALSE,,,,,,,,,,,,,,,,,,,,,,,,,,
Time-3,Time,TRUE,FALSE,,,,,,,,,,,,,,,,Time-3,,,,,,,,,,
Time-4,Time,TRUE,FALSE,Time-4,,Time-4,Time-4,,Time-4,,,,Time-4,,Time-4,Time-4,Time-4,Time-4,,,Time-4,Time-4,,,Time-4,Time-4,Time-4,,
Time-5,Time,TRUE,FALSE,,,,,,,,,,,,,,,,,,,,,,,,,,
Time-6,Time,TRUE,FALSE,,,,,,,,,,,,,,,,,,,,,,,,,,
Time-7,Time,TRUE,FALSE,Time-7,Time-7,,,,,,Time-7,Time-7,Time-7,,,,Time-7,,,,Time-7,,,Time-7,Time-7,Time-7,Time-7,,
Time-8,Time,TRUE,FALSE,,,,,,,,,,,,,,,,,,,,,,,,,,
Time-9,Time,TRUE,FALSE,,,,,,,,,,,,,,,,,,,,,,,,,,
Time-10,Time,TRUE,FALSE,,,,,,,,,,,,,,,,,,,,,,,,,,
Time-11,Time,TRUE,FALSE,,,,,,,,,,,,,,,,,,,,,,,,,,
Time-12,Time,TRUE,FALSE,,,,,,,,,,,,,,,,,,,,,,,,,,
Time-13,Time,TRUE,FALSE,,,,,,,,,,,,,,,,,,,,,,,,,,
Time-14,Time,TRUE,FALSE,,,,,,,,,,,,,,,,,,,,,,,,,,
Time-15,Time,TRUE,FALSE,,Time-15,Time-15,,,,,,,,,,,,,,,,,,Time-15,,,,Time-15,
Time-16,Time,TRUE,FALSE,,,Time-16,,,,,,,,,,,,,,,,,,,,,,Time-16,
Time-17,Time,TRUE,FALSE,,,,,,,,,,,,,,,Time-17,,,,,,,,,,,
Time-18,Time,TRUE,FALSE,,,,,,,,,,,,,,,,,,,,,,,,,,
Time-19,Time,TRUE,FALSE,Time-19,,,Time-19,Time-19,,Time-19,Time-19,Time-19,Time-19,,Time-19,Time-19,Time-19,Time-19,Time-19,Time-19,Time-19,Time-19,Time-19,Time-19,Time-19,Time-19,Time-19,Time-19,
Time-20,Time,TRUE,FALSE,,,,,,,,,,,,,,,,,,,,,,,,,Time-20,
Time-21,Time,FALSE,TRUE,,,,,,,,,,,,,,,,,,,,,,,,,,
Time-22,Time,TRUE,FALSE,,,,,,,,,,,,,,,,,,,,,,,,,,
Time-23,Time,TRUE,FALSE,,,,,,,,,,,,,,,,Time-23,,,,,,,,,,
Time-24,Time,TRUE,FALSE,,,,,,,,,,,,,,,,,,,,,,,,,,
Time-25,Time,TRUE,FALSE,,,,,,,,,,,,,,,,,,,,,,,,,,
Time-26,Time,TRUE,FALSE,,,,,,,,Time-26,,,,,,,,Time-26,,,,,,,,Time-26,,
Time-27,Time,TRUE,FALSE,,,,,,,,,,,,,,,,,,,,,,,,,,