analysis,outcome,feature,n,raw_cliffs_delta,raw_coef,raw_p,corr_with_scale,adj_coef,adj_p,attenuation_pct,strat_low,strat_mid,strat_high,verdict
all_vs_none,any_vs_none_top1,txt_description_line_count,827,0.4388,1.0443,0.0,-0.3159,0.9059,0.0,13.3,0.078,0.562,0.439,survives
all_vs_none,any_vs_none_top1,txt_description_avg_sentence_len,827,0.3334,0.5359,0.0,-0.3236,0.4322,0.0,19.3,0.104,0.412,0.325,survives
all_vs_none,any_vs_none_top1,txt_title_avg_sentence_len,827,0.3496,0.6816,0.0,-0.2322,0.6027,0.0,11.6,0.101,0.507,0.314,survives
all_vs_none,any_vs_none_top1,embedding_cluster_distance,827,0.2675,0.4838,0.0,-0.2769,0.4044,0.0,16.4,0.121,0.362,0.187,survives
all_vs_none,any_vs_none_top1,txt_title_digit_density,827,0.3432,1.005,0.0,-0.186,0.9172,0.0,8.7,0.142,0.442,0.33,survives
all_vs_none,any_vs_none_top1,embedding_cluster_size,827,-0.2832,-0.5532,0.0,0.3885,-0.4404,0.0,20.4,-0.117,-0.237,-0.338,survives
all_vs_none,any_vs_none_top1,ari,826,-0.3204,-0.4581,0.0,0.2699,-0.3554,0.0001,22.4,-0.081,-0.318,-0.359,survives
all_vs_none,any_vs_none_top1,description_length,827,0.3647,0.5999,0.0,-0.2737,0.4783,0.0,20.3,0.019,0.492,0.357,survives
all_vs_none,any_vs_none_top1,z_ambiguity,827,-0.2775,-0.4921,0.0,0.0969,-0.4662,0.0,5.3,-0.171,-0.377,-0.245,survives
all_vs_none,any_vs_none_top1,flesch,826,0.2725,0.312,0.0001,-0.2839,0.2186,0.007,29.9,0.054,0.301,0.27,survives
all_vs_none,any_vs_none_top1,z_clarity,827,0.239,0.4756,0.0,-0.0957,0.4465,0.0,6.1,0.134,0.189,0.324,survives
all_vs_none,any_vs_none_top1,z_actionability,827,0.2948,0.5306,0.0,-0.1314,0.4871,0.0,8.2,0.173,0.394,0.247,survives
all_vs_none,any_vs_none_top1,kincaid,826,-0.2599,-0.3131,0.0002,0.2563,-0.2228,0.0069,28.8,-0.038,-0.301,-0.256,survives
all_vs_none,any_vs_none_top1,code_vocab_overlap_count,827,0.2121,0.3251,0.0001,0.0894,0.3832,0.0,-17.9,0.394,0.189,0.175,survives
all_vs_none,any_vs_none_top1,z_specificity,827,-0.2422,-0.4294,0.0,0.1121,-0.3913,0.0,8.9,-0.227,-0.169,-0.279,survives
all_vs_none,any_vs_none_top1,z_repair_readiness,827,0.224,0.3861,0.0,-0.0539,0.3825,0.0,0.9,0.078,0.312,0.262,survives
all_vs_none,any_vs_none_top1,technical_completeness,827,0.2233,0.4326,0.0,-0.0313,0.4253,0.0,1.7,0.11,0.342,0.201,survives
all_vs_none,any_vs_none_top1,z_hidden_reproducibility,827,-0.2389,-0.4184,0.0,0.0324,-0.41,0.0,2.0,-0.093,-0.379,-0.22,survives
all_vs_none,any_vs_none_top1,z_reproducibility,827,-0.2391,-0.4037,0.0,0.1,-0.3715,0.0,8.0,-0.31,-0.114,-0.276,survives
all_vs_none,any_vs_none_top1,num_versions,827,0.3002,1.2889,0.0,-0.0757,1.2095,0.0,6.2,0.025,0.452,0.344,survives
all_vs_none,any_vs_none_top1,code_vocab_jaccard,827,0.1982,0.3381,0.0,-0.0783,0.3199,0.0001,5.4,0.19,0.146,0.22,survives
all_vs_none,any_vs_none_top1,z_root_cause_evidence,827,0.1532,0.264,0.0006,-0.0547,0.2519,0.0013,4.6,0.207,0.067,0.171,survives
all_vs_none,any_vs_none_top1,buggy_vocab_size,827,0.1247,0.2107,0.0092,0.1573,0.2938,0.0006,-39.4,0.379,0.072,0.077,survives
all_vs_none,any_vs_none_top1,num_causal_markers,827,0.1016,0.0615,0.4259,-0.0485,0.0567,0.4653,7.8,0.072,0.164,0.052,not_significant_raw
all_vs_none,all_vs_notall_top1,txt_description_line_count,827,0.2789,0.1182,0.3907,-0.3159,0.0272,0.8823,77.0,0.09,0.327,0.625,not_significant_raw
all_vs_none,all_vs_notall_top1,txt_description_avg_sentence_len,827,0.414,0.5231,0.0005,-0.3236,0.3621,0.0381,30.8,0.293,0.347,0.379,survives
all_vs_none,all_vs_notall_top1,txt_title_avg_sentence_len,827,0.3968,0.5757,0.0002,-0.2322,0.3982,0.0183,30.8,0.221,0.577,0.812,survives
all_vs_none,all_vs_notall_top1,embedding_cluster_distance,827,0.5026,1.1565,0.0001,-0.2769,0.8519,0.0063,26.3,0.349,0.317,0.971,survives
all_vs_none,all_vs_notall_top1,txt_title_digit_density,827,0.2649,0.1636,0.194,-0.186,0.1356,0.4483,17.1,0.134,0.422,0.426,not_significant_raw
all_vs_none,all_vs_notall_top1,embedding_cluster_size,827,-0.2634,-0.4376,0.0455,0.3885,-0.0541,0.8629,87.6,-0.087,-0.131,-0.173,vanishes_after_adjustment
all_vs_none,all_vs_notall_top1,ari,826,-0.3525,-1.3005,0.0086,0.2699,-0.9467,0.1002,27.2,-0.197,-0.381,-0.426,vanishes_after_adjustment
all_vs_none,all_vs_notall_top1,description_length,827,0.1818,0.0917,0.6119,-0.2737,-0.1378,0.6059,250.2,-0.007,0.191,0.441,not_significant_raw
all_vs_none,all_vs_notall_top1,z_ambiguity,827,-0.2638,-0.6421,0.0066,0.0969,-0.5755,0.0212,10.4,-0.261,-0.175,0.048,survives
all_vs_none,all_vs_notall_top1,flesch,826,0.3839,1.5699,0.0029,-0.2839,1.1241,0.0521,28.4,0.179,0.412,0.441,vanishes_after_adjustment
all_vs_none,all_vs_notall_top1,z_clarity,827,0.1396,0.3202,0.1711,-0.0957,0.1629,0.4854,49.1,0.106,0.003,0.309,not_significant_raw
all_vs_none,all_vs_notall_top1,z_actionability,827,-0.1482,-0.1056,0.5797,-0.1314,-0.298,0.1307,-182.3,-0.185,-0.313,-0.551,not_significant_raw
all_vs_none,all_vs_notall_top1,kincaid,826,-0.293,-1.1464,0.0111,0.2563,-0.7237,0.1357,36.9,-0.058,-0.346,-0.574,vanishes_after_adjustment
all_vs_none,all_vs_notall_top1,code_vocab_overlap_count,827,0.1465,0.0637,0.7369,0.0894,0.3323,0.1342,-421.8,0.183,0.408,-0.232,not_significant_raw
all_vs_none,all_vs_notall_top1,z_specificity,827,-0.2214,-0.3464,0.0815,0.1121,-0.3037,0.1593,12.3,-0.094,-0.308,-0.743,not_significant_raw
all_vs_none,all_vs_notall_top1,z_repair_readiness,827,0.3854,0.8054,0.003,-0.0539,0.73,0.0063,9.4,0.41,0.202,0.949,survives
all_vs_none,all_vs_notall_top1,technical_completeness,827,0.2535,0.5276,0.0122,-0.0313,0.4959,0.023,6.0,0.159,0.384,0.673,survives
all_vs_none,all_vs_notall_top1,z_hidden_reproducibility,827,-0.2617,-0.4749,0.0213,0.0324,-0.4235,0.0444,10.8,-0.204,-0.33,-0.632,survives
all_vs_none,all_vs_notall_top1,z_reproducibility,827,0.0236,0.042,0.8336,0.1,0.1398,0.5151,-233.0,0.04,0.229,-0.143,not_significant_raw
all_vs_none,all_vs_notall_top1,num_versions,827,0.0624,-0.2262,0.6588,-0.0757,-0.2866,0.6478,-26.7,-0.027,0.24,0.004,not_significant_raw
all_vs_none,all_vs_notall_top1,code_vocab_jaccard,827,0.3238,0.4732,0.0016,-0.0783,0.4657,0.0065,1.6,0.293,0.298,0.566,survives
all_vs_none,all_vs_notall_top1,z_root_cause_evidence,827,0.2721,0.4811,0.0101,-0.0547,0.4792,0.0171,0.4,0.19,0.379,0.5,survives
all_vs_none,all_vs_notall_top1,buggy_vocab_size,827,-0.137,-0.4089,0.1201,0.1573,-0.2006,0.4392,50.9,-0.043,0.039,-0.713,not_significant_raw
all_vs_none,all_vs_notall_top1,num_causal_markers,827,0.3293,0.1871,0.1928,-0.0485,0.2262,0.1641,-20.9,0.284,0.452,0.158,not_significant_raw
all_vs_none,any_vs_none_top5,txt_description_line_count,827,0.3925,0.9886,0.0,-0.3159,0.8153,0.0002,17.5,0.055,0.442,0.338,survives
all_vs_none,any_vs_none_top5,txt_description_avg_sentence_len,827,0.329,0.6345,0.0,-0.3236,0.4959,0.0002,21.8,0.117,0.343,0.281,survives
all_vs_none,any_vs_none_top5,txt_title_avg_sentence_len,827,0.3467,0.8457,0.0,-0.2322,0.7452,0.0,11.9,0.114,0.454,0.28,survives
all_vs_none,any_vs_none_top5,embedding_cluster_distance,827,0.3464,0.5072,0.0,-0.2769,0.4436,0.0,12.5,0.168,0.447,0.257,survives
all_vs_none,any_vs_none_top5,txt_title_digit_density,827,0.3202,1.0322,0.0,-0.186,0.9152,0.0,11.3,0.167,0.354,0.285,survives
all_vs_none,any_vs_none_top5,embedding_cluster_size,827,-0.2657,-0.4669,0.0,0.3885,-0.314,0.0028,32.8,-0.245,-0.105,-0.274,survives
all_vs_none,any_vs_none_top5,ari,826,-0.2736,-0.3468,0.0001,0.2699,-0.258,0.003,25.6,-0.011,-0.197,-0.316,survives
all_vs_none,any_vs_none_top5,description_length,827,0.2967,0.4774,0.0004,-0.2737,0.3214,0.0118,32.7,-0.03,0.369,0.24,survives
all_vs_none,any_vs_none_top5,z_ambiguity,827,-0.2291,-0.4086,0.0,0.0969,-0.3826,0.0,6.4,-0.183,-0.208,-0.234,survives
all_vs_none,any_vs_none_top5,flesch,826,0.2565,0.2941,0.0003,-0.2839,0.2138,0.0107,27.3,0.027,0.23,0.256,survives
all_vs_none,any_vs_none_top5,z_clarity,827,0.2352,0.4161,0.0,-0.0957,0.3861,0.0,7.2,0.105,0.127,0.339,survives
all_vs_none,any_vs_none_top5,z_actionability,827,0.2692,0.4215,0.0,-0.1314,0.371,0.0001,12.0,0.028,0.286,0.305,survives
all_vs_none,any_vs_none_top5,kincaid,826,-0.2196,-0.2693,0.001,0.2563,-0.1911,0.0216,29.0,0.033,-0.199,-0.231,survives
all_vs_none,any_vs_none_top5,code_vocab_overlap_count,827,0.2287,0.3049,0.0098,0.0894,0.3503,0.0028,-14.9,0.345,0.312,0.165,survives
all_vs_none,any_vs_none_top5,z_specificity,827,-0.2163,-0.3778,0.0002,0.1121,-0.3266,0.0016,13.6,-0.307,-0.137,-0.197,survives
all_vs_none,any_vs_none_top5,z_repair_readiness,827,0.1591,0.2322,0.0151,-0.0539,0.2198,0.0259,5.3,0.167,0.139,0.167,survives
all_vs_none,any_vs_none_top5,technical_completeness,827,0.1696,0.3353,0.0011,-0.0313,0.3214,0.0021,4.1,0.179,0.205,0.134,survives
all_vs_none,any_vs_none_top5,z_hidden_reproducibility,827,-0.1889,-0.3254,0.0014,0.0324,-0.3098,0.0026,4.8,-0.14,-0.22,-0.17,survives
all_vs_none,any_vs_none_top5,z_reproducibility,827,-0.2308,-0.4036,0.0001,0.1,-0.3583,0.0005,11.2,-0.513,-0.072,-0.207,survives
all_vs_none,any_vs_none_top5,num_versions,827,0.2558,1.5571,0.0006,-0.0757,1.4132,0.0013,9.2,0.05,0.377,0.224,survives
all_vs_none,any_vs_none_top5,code_vocab_jaccard,827,0.1048,0.1313,0.2063,-0.0783,0.101,0.3321,23.1,0.122,0.101,0.059,not_significant_raw
all_vs_none,any_vs_none_top5,z_root_cause_evidence,827,0.1549,0.2736,0.0086,-0.0547,0.2551,0.0146,6.8,0.417,0.013,0.13,survives
all_vs_none,any_vs_none_top5,buggy_vocab_size,827,0.222,0.4646,0.0003,0.1573,0.5603,0.0,-20.6,0.376,0.25,0.223,survives
all_vs_none,any_vs_none_top5,num_causal_markers,827,0.1017,0.0318,0.755,-0.0485,0.0253,0.8027,20.5,-0.083,0.248,0.047,not_significant_raw
all_vs_none,all_vs_notall_top5,txt_description_line_count,827,0.2244,0.1269,0.1114,-0.3159,0.0187,0.8454,85.3,0.027,0.33,-0.13,not_significant_raw
all_vs_none,all_vs_notall_top5,txt_description_avg_sentence_len,827,0.2549,0.3563,0.0001,-0.3236,0.1638,0.1127,54.0,0.122,0.216,0.178,vanishes_after_adjustment
all_vs_none,all_vs_notall_top5,txt_title_avg_sentence_len,827,0.2396,0.3906,0.0,-0.2322,0.2188,0.0221,44.0,0.137,0.338,-0.176,attenuated_but_significant
all_vs_none,all_vs_notall_top5,embedding_cluster_distance,827,0.2308,0.5145,0.0001,-0.2769,0.2118,0.1137,58.8,0.147,0.079,0.122,vanishes_after_adjustment
all_vs_none,all_vs_notall_top5,txt_title_digit_density,827,0.1849,0.1866,0.0268,-0.186,0.1103,0.235,40.9,0.14,0.259,-0.233,vanishes_after_adjustment
all_vs_none,all_vs_notall_top5,embedding_cluster_size,827,-0.2571,-0.4744,0.0,0.3885,-0.1732,0.2007,63.5,0.003,-0.249,-0.151,vanishes_after_adjustment
all_vs_none,all_vs_notall_top5,ari,826,-0.2035,-0.503,0.0018,0.2699,-0.1097,0.499,78.2,-0.082,-0.226,0.067,vanishes_after_adjustment
all_vs_none,all_vs_notall_top5,description_length,827,0.1856,0.1947,0.0245,-0.2737,0.0493,0.6436,74.6,-0.081,0.366,0.052,vanishes_after_adjustment
all_vs_none,all_vs_notall_top5,z_ambiguity,827,-0.2669,-0.5406,0.0,0.0969,-0.4967,0.0001,8.1,-0.186,-0.295,-0.346,survives
all_vs_none,all_vs_notall_top5,flesch,826,0.2009,0.4114,0.0087,-0.2839,0.0283,0.8492,93.1,0.035,0.27,-0.202,vanishes_after_adjustment
all_vs_none,all_vs_notall_top5,z_clarity,827,0.2175,0.4976,0.0,-0.0957,0.3924,0.002,21.1,0.272,-0.007,0.297,survives
all_vs_none,all_vs_notall_top5,z_actionability,827,0.1249,0.3283,0.003,-0.1314,0.1735,0.1298,47.1,0.083,-0.034,0.254,vanishes_after_adjustment
all_vs_none,all_vs_notall_top5,kincaid,826,-0.1742,-0.3718,0.0155,0.2563,-0.0157,0.9154,95.8,-0.003,-0.241,0.19,vanishes_after_adjustment
all_vs_none,all_vs_notall_top5,code_vocab_overlap_count,827,0.1844,0.2469,0.0047,0.0894,0.5039,0.0,-104.1,0.11,0.491,0.354,survives
all_vs_none,all_vs_notall_top5,z_specificity,827,-0.164,-0.2794,0.0044,0.1121,-0.2262,0.0353,19.0,-0.028,-0.247,-0.252,survives
all_vs_none,all_vs_notall_top5,z_repair_readiness,827,0.2034,0.3668,0.0007,-0.0539,0.3364,0.0022,8.3,0.207,0.256,0.079,survives
all_vs_none,all_vs_notall_top5,technical_completeness,827,0.2136,0.4157,0.0,-0.0313,0.4025,0.0002,3.2,0.076,0.436,0.321,survives
all_vs_none,all_vs_notall_top5,z_hidden_reproducibility,827,-0.1943,-0.3727,0.0002,0.0324,-0.3481,0.0011,6.6,-0.065,-0.413,-0.257,survives
all_vs_none,all_vs_notall_top5,z_reproducibility,827,-0.1185,-0.177,0.0697,0.1,-0.12,0.2645,32.2,-0.047,-0.122,-0.112,not_significant_raw
all_vs_none,all_vs_notall_top5,num_versions,827,0.0736,-0.0883,0.5902,-0.0757,-0.0884,0.7053,-0.2,0.003,0.21,-0.115,not_significant_raw
all_vs_none,all_vs_notall_top5,code_vocab_jaccard,827,0.2087,0.2857,0.0016,-0.0783,0.2884,0.0046,-0.9,0.129,0.31,0.202,survives
all_vs_none,all_vs_notall_top5,z_root_cause_evidence,827,0.1581,0.262,0.006,-0.0547,0.2504,0.0158,4.4,0.087,0.25,0.162,survives
all_vs_none,all_vs_notall_top5,buggy_vocab_size,827,0.0526,0.0815,0.3816,0.1573,0.2382,0.019,-192.4,0.088,0.211,0.259,not_significant_raw
all_vs_none,all_vs_notall_top5,num_causal_markers,827,0.1916,0.1447,0.0858,-0.0485,0.1675,0.0756,-15.8,0.071,0.413,0.163,not_significant_raw
tool_vs_rest,FlexFL_top1,description_length,827,0.2334,0.2542,0.0008,-0.2737,0.1806,0.0175,28.9,-0.029,0.232,0.336,survives
tool_vs_rest,FlexFL_top1,embedding_cluster_distance,827,0.1974,0.3979,0.0,-0.2769,0.3254,0.0,18.2,0.038,0.209,0.221,survives
tool_vs_rest,FlexFL_top1,txt_description_line_count,827,0.3089,0.4254,0.0001,-0.3159,0.3267,0.002,23.2,0.001,0.323,0.432,survives
tool_vs_rest,FlexFL_top1,code_vocab_overlap_count,827,0.1152,0.1183,0.0953,0.0894,0.1646,0.0229,-39.2,0.252,0.085,0.084,not_significant_raw
tool_vs_rest,FlexFL_top1,code_vocab_jaccard,827,0.1119,0.1738,0.0155,-0.0783,0.1579,0.0301,9.2,0.123,0.055,0.125,survives
tool_vs_rest,FlexFL_top1,ari,826,-0.2418,-0.3936,0.0,0.2699,-0.3028,0.0007,23.1,-0.026,-0.205,-0.349,survives
tool_vs_rest,FlexFL_top1,embedding_cluster_size,827,-0.1898,-0.3794,0.0,0.3885,-0.2819,0.0003,25.7,0.016,-0.155,-0.285,survives
tool_vs_rest,FlexFL_top1,txt_description_avg_sentence_len,827,0.2843,0.4233,0.0,-0.3236,0.35,0.0,17.3,0.021,0.326,0.349,survives
tool_vs_rest,FlexFL_top5,description_length,827,0.1824,0.2657,0.0025,-0.2737,0.1843,0.0325,30.6,-0.109,0.159,0.267,survives
tool_vs_rest,FlexFL_top5,embedding_cluster_distance,827,0.1725,0.3907,0.0,-0.2769,0.332,0.0,15.0,0.018,0.16,0.191,survives
tool_vs_rest,FlexFL_top5,txt_description_line_count,827,0.2467,0.3607,0.0035,-0.3159,0.2617,0.0247,27.5,-0.042,0.194,0.371,survives
tool_vs_rest,FlexFL_top5,code_vocab_overlap_count,827,0.0928,0.1028,0.1903,0.0894,0.142,0.0728,-38.1,0.142,0.134,0.062,not_significant_raw
tool_vs_rest,FlexFL_top5,code_vocab_jaccard,827,0.0732,0.1248,0.1115,-0.0783,0.1061,0.1789,14.9,0.069,-0.009,0.113,not_significant_raw
tool_vs_rest,FlexFL_top5,ari,826,-0.1287,-0.1619,0.0271,0.2699,-0.0833,0.2665,48.5,0.076,-0.022,-0.258,vanishes_after_adjustment
tool_vs_rest,FlexFL_top5,embedding_cluster_size,827,-0.152,-0.2759,0.0003,0.3885,-0.1666,0.0402,39.6,-0.081,-0.045,-0.196,survives
tool_vs_rest,FlexFL_top5,txt_description_avg_sentence_len,827,0.2183,0.3613,0.0,-0.3236,0.2816,0.0012,22.1,0.043,0.202,0.247,survives
tool_vs_rest,FlexFL_top10,description_length,827,0.1824,0.2657,0.0025,-0.2737,0.1843,0.0325,30.6,-0.109,0.159,0.267,survives
tool_vs_rest,FlexFL_top10,embedding_cluster_distance,827,0.1725,0.3907,0.0,-0.2769,0.332,0.0,15.0,0.018,0.16,0.191,survives
tool_vs_rest,FlexFL_top10,txt_description_line_count,827,0.2467,0.3607,0.0035,-0.3159,0.2617,0.0247,27.5,-0.042,0.194,0.371,survives
tool_vs_rest,FlexFL_top10,code_vocab_overlap_count,827,0.0928,0.1028,0.1903,0.0894,0.142,0.0728,-38.1,0.142,0.134,0.062,not_significant_raw
tool_vs_rest,FlexFL_top10,code_vocab_jaccard,827,0.0732,0.1248,0.1115,-0.0783,0.1061,0.1789,14.9,0.069,-0.009,0.113,not_significant_raw
tool_vs_rest,FlexFL_top10,ari,826,-0.1287,-0.1619,0.0271,0.2699,-0.0833,0.2665,48.5,0.076,-0.022,-0.258,vanishes_after_adjustment
tool_vs_rest,FlexFL_top10,embedding_cluster_size,827,-0.152,-0.2759,0.0003,0.3885,-0.1666,0.0402,39.6,-0.081,-0.045,-0.196,survives
tool_vs_rest,FlexFL_top10,txt_description_avg_sentence_len,827,0.2183,0.3613,0.0,-0.3236,0.2816,0.0012,22.1,0.043,0.202,0.247,survives
tool_vs_rest,BRaIn_top1,code_vocab_jaccard,827,0.1412,0.2223,0.0041,-0.0783,0.2096,0.0085,5.7,0.118,0.185,0.081,survives
tool_vs_rest,BRaIn_top1,z_repair_readiness,827,0.221,0.4217,0.0,-0.0539,0.4024,0.0,4.6,0.19,0.234,0.275,survives
tool_vs_rest,BRaIn_top1,z_hidden_reproducibility,827,-0.2488,-0.4481,0.0,0.0324,-0.4366,0.0,2.5,-0.147,-0.363,-0.273,survives
tool_vs_rest,BRaIn_top1,quality_composite,827,0.1435,0.3197,0.0002,0.002,0.3255,0.0002,-1.8,0.063,0.283,0.148,survives
tool_vs_rest,BRaIn_top1,txt_description_line_count,827,0.3132,0.3236,0.0003,-0.3159,0.2589,0.0021,20.0,0.228,0.279,0.309,survives
tool_vs_rest,BRaIn_top1,description_length,827,0.2501,0.2948,0.0001,-0.2737,0.2329,0.0032,21.0,0.132,0.305,0.205,survives
tool_vs_rest,BRaIn_top5,code_vocab_jaccard,827,0.0766,0.093,0.1848,-0.0783,0.0665,0.3617,28.4,0.122,0.105,-0.052,not_significant_raw
tool_vs_rest,BRaIn_top5,z_repair_readiness,827,0.1945,0.3371,0.0,-0.0539,0.3296,0.0,2.2,0.247,0.216,0.151,survives
tool_vs_rest,BRaIn_top5,z_hidden_reproducibility,827,-0.2142,-0.4053,0.0,0.0324,-0.4016,0.0,0.9,-0.217,-0.277,-0.163,survives
tool_vs_rest,BRaIn_top5,quality_composite,827,0.1332,0.2793,0.0001,0.002,0.2944,0.0001,-5.4,0.193,0.219,0.042,survives
tool_vs_rest,BRaIn_top5,txt_description_line_count,827,0.3503,0.606,0.0,-0.3159,0.4294,0.0002,29.1,0.209,0.332,0.299,survives
tool_vs_rest,BRaIn_top5,description_length,827,0.2547,0.3386,0.0,-0.2737,0.2228,0.0043,34.2,0.116,0.297,0.158,survives
tool_vs_rest,BRaIn_top10,code_vocab_jaccard,827,0.0752,0.1036,0.1678,-0.0783,0.0742,0.338,28.4,0.063,0.126,-0.025,not_significant_raw
tool_vs_rest,BRaIn_top10,z_repair_readiness,827,0.2011,0.328,0.0,-0.0539,0.3244,0.0,1.1,0.2,0.233,0.197,survives
tool_vs_rest,BRaIn_top10,z_hidden_reproducibility,827,-0.227,-0.4324,0.0,0.0324,-0.4304,0.0,0.5,-0.218,-0.312,-0.168,survives
tool_vs_rest,BRaIn_top10,quality_composite,827,0.1179,0.2321,0.0014,0.002,0.2443,0.0012,-5.3,0.155,0.256,0.002,survives
tool_vs_rest,BRaIn_top10,txt_description_line_count,827,0.337,0.5431,0.0,-0.3159,0.3537,0.0046,34.9,0.123,0.326,0.277,survives
tool_vs_rest,BRaIn_top10,description_length,827,0.2694,0.3391,0.0001,-0.2737,0.1982,0.0189,41.6,0.053,0.329,0.163,attenuated_but_significant
tool_vs_rest,bluir_top1,z_clarity,827,0.2013,0.4417,0.0,-0.0957,0.436,0.0,1.3,0.142,0.203,0.247,survives
tool_vs_rest,bluir_top1,z_specificity,827,-0.2548,-0.4299,0.0,0.1121,-0.4256,0.0,1.0,-0.049,-0.373,-0.337,survives
tool_vs_rest,bluir_top1,specificity_repro_gap,827,-0.0823,-0.183,0.0235,0.0092,-0.1836,0.0231,-0.4,-0.043,-0.156,-0.056,survives
tool_vs_rest,bluir_top5,z_clarity,827,0.1371,0.2942,0.0001,-0.0957,0.27,0.0003,8.2,0.079,0.115,0.186,survives
tool_vs_rest,bluir_top5,z_specificity,827,-0.1741,-0.3042,0.0,0.1121,-0.2824,0.0001,7.2,-0.089,-0.176,-0.22,survives
tool_vs_rest,bluir_top5,specificity_repro_gap,827,-0.0394,-0.0821,0.2414,0.0092,-0.0837,0.2355,-2.0,0.023,-0.068,-0.07,not_significant_raw
tool_vs_rest,bluir_top10,z_clarity,827,0.1581,0.3137,0.0,-0.0957,0.2925,0.0001,6.8,0.087,0.155,0.198,survives
tool_vs_rest,bluir_top10,z_specificity,827,-0.1627,-0.2867,0.0001,0.1121,-0.2656,0.0002,7.3,-0.126,-0.107,-0.223,survives
tool_vs_rest,bluir_top10,specificity_repro_gap,827,-0.0633,-0.1356,0.0545,0.0092,-0.1375,0.0525,-1.3,-0.04,-0.085,-0.062,not_significant_raw
tool_vs_rest,buglocator_top1,quality_std,827,-0.0246,-0.0461,0.547,0.0256,-0.0363,0.6405,21.3,0.046,-0.066,-0.04,not_significant_raw
tool_vs_rest,buglocator_top1,z_impact_scope,827,0.0533,0.0593,0.4359,-0.013,0.0584,0.4517,1.5,-0.048,0.131,0.094,not_significant_raw
tool_vs_rest,buglocator_top5,quality_std,827,-0.0046,-0.0334,0.6315,0.0256,-0.0183,0.7987,45.2,0.1,-0.098,0.03,not_significant_raw
tool_vs_rest,buglocator_top5,z_impact_scope,827,0.0628,0.0768,0.2728,-0.013,0.0769,0.2861,-0.1,-0.073,0.134,0.117,not_significant_raw
tool_vs_rest,buglocator_top10,quality_std,827,-0.0206,-0.0574,0.4247,0.0256,-0.0419,0.5755,27.1,-0.015,0.002,-0.017,not_significant_raw
tool_vs_rest,buglocator_top10,z_impact_scope,827,0.1097,0.1775,0.0162,-0.013,0.1848,0.0153,-4.1,-0.015,0.152,0.157,survives
tool_vs_rest,locus_top1,txt_description_line_count,827,0.2501,0.1729,0.0222,-0.3159,0.0809,0.3135,53.2,-0.016,0.401,0.118,vanishes_after_adjustment
tool_vs_rest,locus_top1,description_length,827,0.2608,0.2993,0.0001,-0.2737,0.1993,0.0208,33.4,-0.044,0.355,0.409,survives
tool_vs_rest,locus_top1,txt_title_avg_sentence_len,827,0.1693,0.2247,0.0045,-0.2322,0.0571,0.5087,74.6,0.007,0.348,-0.166,vanishes_after_adjustment
tool_vs_rest,locus_top1,txt_description_avg_sentence_len,827,0.2698,0.3414,0.0,-0.3236,0.1834,0.039,46.3,0.167,0.291,0.083,attenuated_but_significant
tool_vs_rest,locus_top1,txt_title_digit_density,827,0.1697,0.2828,0.0011,-0.186,0.1908,0.0183,32.5,0.083,0.321,-0.188,survives
tool_vs_rest,locus_top5,txt_description_line_count,827,0.2045,0.251,0.0044,-0.3159,0.0998,0.2111,60.3,0.109,0.333,-0.191,vanishes_after_adjustment
tool_vs_rest,locus_top5,description_length,827,0.247,0.3945,0.0,-0.2737,0.2426,0.0026,38.5,0.086,0.346,0.048,survives
tool_vs_rest,locus_top5,txt_title_avg_sentence_len,827,0.1208,0.2104,0.0028,-0.2322,0.0209,0.7913,90.1,0.115,0.271,-0.363,vanishes_after_adjustment
tool_vs_rest,locus_top5,txt_description_avg_sentence_len,827,0.1563,0.2242,0.0016,-0.3236,0.0118,0.882,94.7,-0.004,0.24,-0.15,vanishes_after_adjustment
tool_vs_rest,locus_top5,txt_title_digit_density,827,0.1106,0.2008,0.0116,-0.186,0.0714,0.3437,64.5,0.157,0.264,-0.33,vanishes_after_adjustment
tool_vs_rest,locus_top10,txt_description_line_count,827,0.1195,0.1078,0.1582,-0.3159,-0.0448,0.5542,141.6,0.029,0.224,-0.268,not_significant_raw
tool_vs_rest,locus_top10,description_length,827,0.1884,0.3214,0.0,-0.2737,0.1417,0.0737,55.9,0.047,0.267,-0.059,vanishes_after_adjustment
tool_vs_rest,locus_top10,txt_title_avg_sentence_len,827,0.0377,0.1026,0.1442,-0.2322,-0.1258,0.1198,222.5,0.057,0.171,-0.417,not_significant_raw
tool_vs_rest,locus_top10,txt_description_avg_sentence_len,827,0.1134,0.1459,0.0398,-0.3236,-0.0927,0.2449,163.5,0.002,0.157,-0.208,sign_flip
tool_vs_rest,locus_top10,txt_title_digit_density,827,0.0094,0.0279,0.6919,-0.186,-0.1285,0.1253,561.2,0.053,0.146,-0.384,not_significant_raw
