fold,bug_id,triaged,selected_tool,score,success,score_FlexFL,adj_score_FlexFL,score_BRaIn,adj_score_BRaIn,score_boostnsift,adj_score_boostnsift,score_buglocator,adj_score_buglocator,score_locus,adj_score_locus
1,99,0,locus,0.2944,1,1.4931,0.0848,1.4247,-0.0625,1.6958,0.1841,1.4467,-0.0686,1.7568,0.2944
1,42,0,boostnsift,0.3477,0,1.3055,-0.0241,1.52,0.1114,1.6781,0.3477,1.3448,-0.0918,1.5754,0.1308
1,56,0,boostnsift,0.668,0,1.7674,-0.4173,1.7919,-0.4718,2.5332,0.668,2.0336,-0.2581,2.1102,-0.1895
1,43,0,buglocator,0.5063,0,1.5554,-0.411,2.05,0.0047,0.4933,-1.5766,2.3149,0.5063,0.0617,-2.0197
1,12,0,buglocator,0.4831,0,1.4832,-0.769,2.0156,-0.3156,2.3591,0.0034,2.6007,0.4831,1.9816,-0.3856
1,4,0,buglocator,0.505,1,1.4682,-0.9298,2.0903,-0.3866,2.4829,-0.0185,2.7464,0.505,2.0931,-0.4198
1,16,0,boostnsift,0.4287,0,-2.1507,0.1049,-2.0909,0.0858,-1.9072,0.4287,-2.4167,-0.268,-2.6653,-0.5246
1,28,0,boostnsift,0.4287,0,-2.1507,0.1049,-2.0909,0.0858,-1.9072,0.4287,-2.4167,-0.268,-2.6653,-0.5246
1,17,0,boostnsift,0.6616,1,1.7993,-0.2215,1.8016,-0.2982,2.3693,0.6616,1.918,-0.2098,1.9527,-0.1831
1,10,0,locus,0.2889,1,1.4312,-0.0277,1.5132,-0.0246,1.4714,-0.0909,1.752,0.1861,1.8073,0.2889
1,145,0,BRaIn,0.3888,0,-3.6383,0.2292,-3.5189,0.3888,-3.7476,0.0164,-4.6233,-0.8629,-5.2119,-1.4594
1,151,0,boostnsift,0.3377,0,-2.3729,0.2558,-2.4758,0.0739,-2.2802,0.3377,-2.7981,-0.2764,-3.7823,-1.2686
1,9,1,,0.0,0,,,,,,,,,,
1,24,0,boostnsift,0.4988,1,1.1679,-0.1954,1.458,0.0157,1.7118,0.4988,0.9278,-0.5425,1.1867,-0.2916
1,26,0,locus,0.9457,0,0.6323,-0.5707,0.6712,-0.6109,0.3548,-0.9517,0.8394,-0.4707,1.5516,0.9457
1,8,0,boostnsift,0.5892,0,0.6039,-0.3431,0.5745,-0.4515,1.2955,0.5892,0.9428,-0.1112,0.9513,-0.1107
1,54,0,boostnsift,0.7247,1,0.8792,-0.4189,1.1668,-0.2102,1.6466,0.7247,1.0082,-0.3968,1.0396,-0.3735
1,27,0,locus,1.129,0,0.2337,-0.7052,-0.1187,-1.1366,-0.5752,-1.6176,0.3919,-0.654,1.2874,1.129
1,83,0,BRaIn,0.3351,0,1.0141,0.2039,1.1587,0.3351,0.8767,-0.037,1.0899,0.1727,1.0931,0.1679
1,10,0,locus,0.5495,1,1.5718,-0.6499,1.4155,-0.8852,2.1588,-0.1664,2.2543,-0.0745,2.5703,0.5495
1,58,0,buglocator,0.2561,1,1.1577,-0.3301,1.2562,-0.3106,0.7378,-0.8535,1.8363,0.2561,1.8217,0.2189
1,144,1,,0.0,0,,,,,,,,,,
1,16,0,locus,0.4183,1,2.1803,-0.1215,1.6205,-0.7603,2.4655,0.0602,1.8308,-0.578,2.6503,0.4183
1,15,0,boostnsift,0.4287,0,-2.1507,0.1049,-2.0909,0.0858,-1.9072,0.4287,-2.4167,-0.268,-2.6653,-0.5246
1,16,0,buglocator,0.2719,1,1.8876,-0.506,1.656,-0.8166,2.5279,0.0308,2.7421,0.2719,2.7117,0.2031
1,11,0,BRaIn,0.3975,1,-1.5336,0.2205,-1.4056,0.3975,-3.5164,-1.8658,-3.3167,-1.6696,-5.1892,-3.5501
1,38,0,boostnsift,0.7098,0,1.6348,-0.6171,1.8607,-0.4702,2.6003,0.7098,1.9457,-0.4131,2.1355,-0.2313
1,12,0,locus,0.7038,1,1.8621,-0.3597,1.5828,-0.718,2.1,-0.2253,1.8259,-0.5029,2.5703,0.7038
1,168,0,FlexFL,0.707,0,-2.7979,0.707,-3.1564,-0.089,-3.2968,-0.2539,-3.34,-0.3006,-4.2757,-1.2443
1,154,1,,0.0,0,,,,,,,,,,
1,21,0,boostnsift,0.4009,1,0.6612,-0.0566,0.8275,0.0306,1.0664,0.4009,0.8623,0.0375,0.9104,0.0776
1,87,0,boostnsift,0.2635,1,1.0656,-0.0196,1.3673,0.2031,1.4337,0.2635,0.878,-0.3142,1.4152,0.215
1,78,0,boostnsift,0.2802,0,0.6706,0.1852,0.6814,0.117,0.8338,0.2802,0.7986,0.2063,0.5354,-0.065
1,50,0,boostnsift,0.7435,0,0.972,-0.6018,1.3724,-0.2803,1.9222,0.7435,1.0773,-0.6035,1.4238,-0.265
1,79,0,boostnsift,0.5715,1,0.861,-0.3306,1.2136,-0.057,1.5401,0.5715,1.0245,-0.2741,0.9998,-0.3068
1,12,1,,0.0,0,,,,,,,,,,
1,28,0,locus,0.4138,1,1.7468,-0.1774,1.5384,-0.4648,2.0924,0.0647,2.0299,-0.0014,2.2727,0.4138
1,13,0,buglocator,0.2593,1,1.1828,-0.3111,1.4727,-0.1002,1.5776,-0.0198,1.8424,0.2593,1.8246,0.2157
1,12,0,boostnsift,0.4287,0,-2.1507,0.1049,-2.0909,0.0858,-1.9072,0.4287,-2.4167,-0.268,-2.6653,-0.5246
1,9,0,boostnsift,0.5171,1,1.8505,-0.2944,1.7628,-0.4612,2.4934,0.5171,2.0234,-0.2286,2.2213,-0.0386
1,11,0,buglocator,0.4211,1,1.5003,-0.6577,1.5981,-0.6388,1.8703,-0.3911,2.5064,0.4211,2.3268,0.0539
1,143,1,,0.0,0,,,,,,,,,,
1,22,0,boostnsift,0.4266,1,1.157,-0.324,1.2335,-0.3265,1.8296,0.4266,1.648,0.0599,1.5279,-0.0682
1,90,0,locus,0.4297,1,0.7134,-0.0004,0.7545,-0.0383,0.0274,-0.7899,0.8661,0.0453,1.0623,0.4297
1,47,0,locus,0.3932,1,-1.1609,-0.1361,-1.6334,-0.6877,-3.7961,-2.8748,-0.836,0.0818,-0.6763,0.3932
1,91,0,BRaIn,0.5281,0,0.7853,0.0899,1.0439,0.5281,0.5857,-0.2132,0.621,-0.1814,0.565,-0.2453
1,16,0,locus,0.7283,1,1.9544,-0.6517,1.5557,-1.1294,2.3025,-0.4071,2.4598,-0.2533,2.9546,0.7283
1,39,0,BRaIn,0.435,0,-3.5304,0.1456,-3.3275,0.435,-3.4929,0.0795,-4.4723,-0.9034,-5.0742,-1.5133
1,10,0,boostnsift,0.8383,1,1.7812,-0.3197,1.618,-0.5618,2.4493,0.8383,1.8561,-0.3518,1.8097,-0.4061
1,8,0,buglocator,0.2522,1,1.4495,-0.0645,1.5372,-0.0558,1.7348,0.1172,1.8625,0.2522,1.8518,0.2228
1,89,0,BRaIn,0.3979,0,-3.6305,0.2201,-3.5021,0.3979,-3.7312,0.0159,-4.6122,-0.8686,-5.2015,-1.4659
1,1,0,locus,0.3501,0,-0.182,-0.1748,-0.3284,-0.4001,-0.3502,-0.4464,0.2246,0.1249,0.3412,0.3501
1,77,1,,0.0,0,,,,,,,,,,
1,38,0,locus,0.5539,1,1.4737,-0.6377,1.3627,-0.8276,1.3834,-0.8314,2.1394,-0.0789,2.4599,0.5539
1,29,0,locus,0.3839,1,1.1138,-1.2802,1.3478,-1.1251,1.6408,-0.8567,2.5921,0.0911,2.7425,0.3839
1,15,0,locus,0.4277,0,1.653,-0.2126,1.3302,-0.6145,2.02,0.0508,1.7076,-0.2651,2.2142,0.4277
1,60,0,boostnsift,1.0198,0,1.1025,-0.8265,1.4994,-0.5086,2.2775,1.0198,1.2486,-0.7874,1.5027,-0.5413
1,74,0,boostnsift,0.3519,0,1.478,-0.3345,1.7524,-0.1391,2.161,0.3519,1.8331,-0.0864,2.0541,0.1266
1,7,0,locus,0.2971,1,1.5096,0.1436,1.2236,-0.2213,1.6508,0.1814,1.2044,-0.2686,1.7144,0.2971
1,62,0,boostnsift,0.4355,0,1.2219,-0.5527,1.3953,-0.4583,2.1231,0.4355,1.73,-0.1516,1.9326,0.043
1,17,0,locus,0.6538,1,1.2269,-0.7459,1.2743,-0.7774,1.2389,-0.8374,1.901,-0.1788,2.3213,0.6538
1,3,0,locus,0.3435,0,-0.1652,-0.1787,-0.3141,-0.4066,-0.3274,-0.4444,0.2521,0.1315,0.362,0.3435
1,132,1,,0.0,0,,,,,,,,,,
1,22,0,boostnsift,0.6788,1,0.8656,-0.1568,0.8433,-0.2581,1.3709,0.6788,0.8684,-0.261,0.9371,-0.2003
1,12,0,locus,0.924,0,2.1693,-0.8701,1.6579,-1.4606,2.6975,-0.4455,1.7152,-1.4312,3.3879,0.924
1,88,0,boostnsift,0.3091,0,1.4505,-0.2829,1.7083,-0.1041,2.0818,0.3091,1.8103,-0.03,2.0177,0.1694
1,18,0,BRaIn,0.2852,1,0.806,-0.0078,1.1623,0.2852,1.1466,0.2293,0.6683,-0.2525,0.924,-0.0048
1,16,1,,0.0,0,,,,,,,,,,
1,110,0,locus,0.324,1,1.2161,0.0496,1.4033,0.1578,1.4245,0.1545,1.2876,0.0141,1.515,0.324
1,104,1,,0.0,0,,,,,,,,,,
1,64,1,,0.0,0,,,,,,,,,,
1,33,0,boostnsift,0.3232,0,1.0371,0.0505,1.2569,0.1913,1.3351,0.3232,1.1776,0.0839,1.2133,0.1117
1,27,0,boostnsift,0.7656,1,0.117,-0.3864,0.3314,-0.2511,0.852,0.7656,0.1318,-0.4786,-0.2346,-0.8531
1,122,0,BRaIn,0.3623,0,-3.4592,0.1135,-3.2242,0.3623,-3.3171,0.1522,-4.3838,-0.9181,-4.9944,-1.5367
1,3,0,locus,0.313,1,1.3863,-0.9365,1.5854,-0.8164,2.0296,-0.3967,2.5918,0.162,2.6713,0.313
1,1,0,locus,0.2816,1,1.8452,-0.2905,1.6909,-0.5238,2.4361,0.1969,2.1604,-0.0823,2.4842,0.2816
1,108,1,,0.0,0,,,,,,,,,,
1,134,0,FlexFL,0.3276,0,-3.7704,0.3276,-3.7495,0.2904,-4.0547,-0.0602,-4.7969,-0.8059,-5.3712,-1.3882
1,1,0,boostnsift,0.4711,1,2.0769,0.0659,1.4341,-0.6559,2.3595,0.4711,1.4875,-0.6305,2.1333,0.0074
1,8,0,boostnsift,0.4817,1,0.725,-0.1975,0.982,-0.0195,1.271,0.4817,0.9108,-0.1187,1.0343,-0.0032
1,30,0,BRaIn,0.2719,1,0.8983,-0.0368,1.2835,0.2719,0.9876,-0.0509,0.9164,-0.1256,1.2811,0.2311
1,25,0,locus,0.3264,0,-0.1533,0.2556,-0.2969,0.0329,-1.8418,-1.5365,-0.3843,-0.0825,-0.0603,0.3264
1,4,0,locus,0.3178,0,0.2854,-0.338,0.6166,-0.0859,0.8876,0.1607,0.7467,0.0162,0.9719,0.3178
1,7,0,boostnsift,0.8283,0,0.6664,-0.5681,0.9531,-0.3604,1.583,0.8283,0.9998,-0.3418,0.9549,-0.3946
1,17,0,BRaIn,0.5953,1,0.3142,0.0227,0.6399,0.5953,-1.3376,-1.7326,-0.1947,-0.5932,-2.2896,-2.6961
1,83,0,boostnsift,0.7636,0,0.5581,-0.5514,0.9394,-0.2491,1.458,0.7636,0.3286,-0.8879,0.6623,-0.5622
1,94,0,boostnsift,0.3214,0,-2.3895,0.2721,-2.5002,0.0824,-2.3131,0.3214,-2.8067,-0.2521,-3.7915,-1.2449
1,9,0,boostnsift,0.3215,0,-0.2722,0.1758,-0.2494,0.1196,-0.0995,0.3215,-0.3137,0.0273,-0.176,0.157
1,14,1,,0.0,0,,,,,,,,,,
1,15,0,BRaIn,0.4009,1,0.5586,0.1456,0.7615,0.4009,-0.0297,-0.5462,0.3922,-0.1278,0.6301,0.1021
1,139,1,,0.0,0,,,,,,,,,,
1,34,0,locus,0.9692,1,1.5282,-0.6519,1.6962,-0.563,1.4643,-0.8194,1.793,-0.4942,2.5287,0.9692
1,82,0,locus,0.569,1,0.7834,-0.2175,0.8484,-0.2315,0.1982,-0.9062,1.0139,-0.094,1.3494,0.569
1,24,0,locus,0.3887,1,1.7453,-0.4653,1.1955,-1.0941,2.179,-0.1351,2.4039,0.0863,2.5591,0.3887
1,18,0,boostnsift,0.5357,0,1.6262,-0.0304,1.5685,-0.1671,2.0051,0.5357,1.4583,-0.3053,1.7144,-0.0572
1,108,0,boostnsift,0.7102,1,1.1847,-0.6178,1.6857,-0.1957,2.1509,0.7102,1.004,-0.9055,1.2202,-0.6972
1,36,0,boostnsift,0.3203,1,1.5971,-0.1359,1.6105,-0.2015,2.0815,0.3203,1.6478,-0.1922,2.0062,0.1582
1,68,1,,0.0,0,,,,,,,,,,
1,53,0,locus,0.393,1,1.696,-0.317,1.8361,-0.2559,2.2021,0.0855,1.9558,-0.1642,2.3615,0.393
1,6,0,boostnsift,0.9348,1,1.3352,-0.5343,1.5282,-0.4203,2.218,0.9348,1.3901,-0.5864,1.5025,-0.4821
1,46,0,boostnsift,0.4995,1,1.6283,-0.0674,1.7897,0.015,2.0442,0.4995,1.7789,-0.0238,1.7272,-0.0834
1,52,0,buglocator,0.251,1,1.3432,-0.6003,1.5082,-0.5143,1.9118,-0.1352,2.2921,0.251,2.2825,0.224
1,10,0,locus,0.3149,1,1.5908,0.2671,1.0547,-0.348,1.4259,-0.0013,1.4795,0.0487,1.6722,0.3149
1,15,0,locus,0.3142,1,1.2429,0.0203,1.4206,0.119,1.4905,0.1643,1.3204,-0.0092,1.5711,0.3142
1,6,0,boostnsift,0.2712,1,1.4624,-0.2997,1.6455,-0.1957,2.1106,0.2712,1.5028,-0.3664,2.0845,0.2073
1,91,0,boostnsift,1.0409,0,1.1023,-0.8425,1.4909,-0.5328,2.2933,1.0409,1.225,-0.8268,1.4973,-0.5624
1,2,0,boostnsift,0.6999,1,1.2298,-0.3363,1.4222,-0.2229,1.9146,0.6999,1.3527,-0.3204,1.4597,-0.2214
1,84,0,boostnsift,0.904,0,1.0601,-0.7275,1.4771,-0.3895,2.1361,0.904,1.1866,-0.708,1.4223,-0.4804
1,2,0,locus,0.3646,0,0.6518,-0.2187,0.9677,0.0182,1.0879,0.1139,0.8189,-0.1586,1.219,0.3646
1,12,0,boostnsift,0.4521,0,1.3476,-0.095,1.584,0.0624,1.7912,0.4521,1.4071,-0.1426,1.3302,-0.2275
1,86,0,boostnsift,0.4212,1,1.1231,-0.0225,1.3179,0.0933,1.4941,0.4212,1.3024,0.0498,1.1858,-0.0748
1,8,0,locus,0.5841,1,1.565,-0.9904,1.6575,-0.9769,2.0218,-0.6371,2.5532,-0.1091,2.9039,0.5841
1,41,0,boostnsift,0.4228,0,1.6355,-0.144,1.5973,-0.2612,2.128,0.4228,1.9171,0.0306,1.9502,0.0557
1,129,1,,0.0,0,,,,,,,,,,
1,35,1,,0.0,0,,,,,,,,,,
1,11,0,locus,0.3142,0,0.2737,-0.2193,0.3475,-0.2245,0.7608,0.1643,0.6533,0.0533,0.8415,0.3142
1,10,0,boostnsift,0.6826,0,0.631,-0.4407,0.9826,-0.1681,1.4202,0.6826,0.9623,-0.2163,0.8106,-0.376
1,128,1,,0.0,0,,,,,,,,,,
1,44,0,boostnsift,0.4203,0,1.237,-0.267,1.6772,0.0942,1.8526,0.4203,1.0132,-0.5979,1.25,-0.3691
1,9,0,locus,0.4282,1,1.562,-0.7875,1.5011,-0.9275,2.2928,-0.1603,2.5034,0.0468,2.6981,0.4282
1,87,0,BRaIn,0.2956,1,0.6908,0.2043,0.835,0.2956,0.3475,-0.2425,0.6277,0.0342,0.8089,0.2074
1,27,0,locus,0.3571,0,1.4245,-0.8231,1.4349,-0.8916,1.6953,-0.6557,2.4725,0.1179,2.5961,0.3571
1,102,0,buglocator,0.2779,1,1.6765,-0.3837,1.7195,-0.4197,2.2353,0.0716,2.4087,0.2779,2.3723,0.1971
1,63,0,BRaIn,0.3341,1,0.4725,0.1996,0.6214,0.3341,-0.1723,-0.5487,0.2982,-0.0817,0.5568,0.1689
1,77,0,boostnsift,0.3312,0,0.3995,-0.0257,0.4098,-0.0944,0.7737,0.3312,0.6875,0.1553,0.4335,-0.1067
1,13,0,buglocator,0.4123,0,-0.0233,0.0622,-0.0844,-0.0779,0.0922,0.0742,0.263,0.4123,-0.6859,-0.7154
1,27,0,locus,0.4596,1,1.5514,-0.7977,1.5851,-0.843,2.1747,-0.2778,2.4714,0.0154,2.6976,0.4596
1,34,0,BRaIn,0.3663,0,0.7126,0.0965,0.9646,0.3663,0.4847,-0.2349,0.5332,-0.1899,0.8678,0.1367
1,170,1,,0.0,0,,,,,,,,,,
1,13,0,locus,1.1385,0,1.4171,-0.5976,1.1349,-0.9589,1.0736,-1.0446,1.4582,-0.6635,2.3632,1.1385
1,1,0,boostnsift,0.8434,1,1.7398,-0.4661,1.8923,-0.3927,2.5544,0.8434,1.956,-0.3569,1.9417,-0.3792
1,12,0,buglocator,0.7032,1,1.5654,-0.8964,2.1447,-0.3961,2.3487,-0.2167,2.8104,0.7032,1.6152,-0.9617
1,31,0,BRaIn,0.4246,1,1.4901,0.1934,1.6452,0.4246,1.4858,0.0855,1.3515,-0.0522,1.4469,0.0352
1,86,0,buglocator,0.2601,1,1.4504,-0.5998,1.7473,-0.3819,2.1652,0.0115,2.3987,0.2601,2.3801,0.2149
1,40,0,locus,0.443,1,1.5921,0.0064,1.2965,-0.3682,1.5671,-0.1221,1.7247,0.032,1.9342,0.443
1,20,1,,0.0,0,,,,,,,,,,
1,30,0,boostnsift,0.4287,0,-2.1507,0.1049,-2.0909,0.0858,-1.9072,0.4287,-2.4167,-0.268,-2.6653,-0.5246
1,18,0,boostnsift,0.309,0,1.0365,-0.7124,1.2203,-0.6076,2.0974,0.309,1.5334,-0.3225,2.0334,0.1695
1,25,0,locus,0.2777,1,1.7432,-0.2877,1.7322,-0.3777,2.3352,0.2008,2.2405,0.1026,2.3794,0.2777
1,31,0,boostnsift,0.3289,0,1.3474,-0.086,1.4918,-0.0206,1.7819,0.3289,1.4365,-0.1039,1.698,0.1496
1,41,0,FlexFL,0.3726,1,1.4809,0.3726,1.1152,-0.0962,1.4568,0.2209,0.9004,-0.339,1.223,-0.0244
1,69,0,boostnsift,0.3727,1,1.4957,0.0677,1.6148,0.1078,1.7765,0.3727,1.4665,-0.0685,1.6488,0.1058
1,161,1,,0.0,0,,,,,,,,,,
1,34,0,locus,0.3596,1,1.7839,-0.5404,1.6639,-0.7394,2.5467,0.1189,2.3635,-0.0678,2.6728,0.3596
1,20,1,,0.0,0,,,,,,,,,,
1,14,0,boostnsift,0.7778,0,0.6258,-0.5716,1.0131,-0.2633,1.5459,0.7778,0.9193,-0.3851,0.987,-0.3254
1,71,0,boostnsift,0.4633,0,0.5667,-0.4034,0.8133,-0.2358,1.3186,0.4633,0.8952,-0.1819,1.1003,0.0152
1,33,0,BRaIn,0.3676,0,-3.6278,0.2504,-3.5296,0.3676,-3.7275,0.0472,-4.645,-0.8738,-5.2299,-1.4668
1,4,1,,0.0,0,,,,,,,,,,
1,20,0,locus,0.3165,1,1.6033,-0.2481,1.5511,-0.3792,1.9442,-0.0107,2.1168,0.1585,2.1999,0.3165
1,54,0,locus,0.5579,0,1.8738,-0.6844,1.6926,-0.9446,2.4676,-0.1941,2.5823,-0.0829,2.9067,0.5579
1,7,0,buglocator,0.2912,1,1.5383,-0.6247,1.602,-0.6401,1.9086,-0.3579,2.5115,0.2912,2.4619,0.1838
1,30,0,boostnsift,0.2575,1,0.4771,-0.3359,0.8823,-0.0096,1.1615,0.2575,1.0513,0.1313,1.149,0.221
1,31,0,boostnsift,0.4287,0,-2.1507,0.1049,-2.0909,0.0858,-1.9072,0.4287,-2.4167,-0.268,-2.6653,-0.5246
1,33,1,,0.0,0,,,,,,,,,,
1,18,0,locus,0.3172,1,1.7361,-0.4031,1.7778,-0.4403,2.4039,0.1613,2.2808,0.0347,2.4876,0.3172
1,31,1,,0.0,0,,,,,,,,,,
1,1,0,boostnsift,0.3428,1,0.926,-0.1352,1.3119,0.1717,1.4097,0.3428,0.7787,-0.3895,1.265,0.0888
1,66,0,locus,0.4356,0,0.4727,-0.0679,0.687,0.0674,0.4182,-0.2259,0.6634,0.0158,0.8891,0.4356
1,22,0,buglocator,0.505,1,1.4682,-0.9298,2.0903,-0.3866,2.4829,-0.0185,2.7464,0.505,2.0931,-0.4198
1,57,0,locus,0.2813,1,1.9588,-0.1422,1.5987,-0.5813,2.4017,0.1972,2.1821,-0.0259,2.4495,0.2813
1,106,0,boostnsift,0.3173,1,1.1992,-0.1264,1.5163,0.1117,1.6741,0.3173,1.6018,0.1692,1.3832,-0.0574
1,94,0,boostnsift,0.3835,1,2.0364,-0.4188,1.7807,-0.7536,2.8038,0.3835,2.4168,-0.1454,2.6652,0.095
1,27,0,boostnsift,0.6031,1,1.2666,-0.5462,1.4612,-0.4306,2.1613,0.6031,1.5295,-0.3903,1.8032,-0.1246
1,33,0,boostnsift,0.7917,1,0.9937,-0.4964,1.2416,-0.3276,1.8386,0.7917,0.9759,-0.6213,1.292,-0.3132
1,1,1,,0.0,0,,,,,,,,,,
1,19,0,boostnsift,0.4966,1,1.5738,-0.1445,1.7814,-0.0159,2.0668,0.4966,1.8152,-0.0101,1.8052,-0.0281
2,17,1,,0.0,0,,,,,,,,,,
2,5,1,,0.0,0,,,,,,,,,,
2,14,0,buglocator,0.9159,0,1.5657,-0.4525,1.5133,-0.5838,1.6922,-0.4294,2.3666,0.9159,1.6864,-0.4467
2,16,0,boostnsift,0.4116,1,1.0334,-0.1783,0.9084,-0.3823,1.5602,0.4116,1.3467,0.028,1.3936,0.0669
2,13,0,boostnsift,0.2574,1,1.8291,0.1652,1.5645,-0.1784,2.0124,0.2574,2.0,0.2291,1.7114,-0.0676
2,146,1,,0.0,0,,,,,,,,,,
2,66,0,FlexFL,0.4033,1,2.3055,0.4033,1.6598,-0.3762,2.0492,-0.0113,2.0075,-0.0565,2.2507,0.1787
2,24,0,locus,0.9964,0,1.9936,-1.0785,1.6569,-1.4942,2.6507,-0.5248,2.6577,-0.5214,3.4206,0.9964
2,94,0,FlexFL,0.5623,0,0.8622,0.5623,0.455,-0.1377,0.6484,0.0312,0.6338,0.0131,0.5691,-0.0595
2,67,0,locus,0.3913,1,2.0692,0.1907,1.4873,-0.4702,1.8963,-0.0857,1.9962,0.0107,2.227,0.3913
2,147,1,,0.0,0,,,,,,,,,,
2,16,0,boostnsift,0.2946,0,-4.4069,-0.7088,-3.3991,0.2199,-3.3495,0.2946,-4.5478,-0.9567,-5.1067,-1.5237
2,39,0,buglocator,0.3427,1,2.3444,0.0581,1.9469,-0.4183,2.3866,-0.0031,2.6348,0.3427,2.5336,0.1323
2,18,0,FlexFL,0.3354,1,0.6711,0.3354,0.6842,0.2826,0.1375,-0.3017,0.2823,-0.1604,0.3196,-0.1311
2,69,1,,0.0,0,,,,,,,,,,
2,25,0,FlexFL,0.555,1,0.5705,0.555,0.364,0.063,-1.1596,-1.4851,-1.7613,-2.0903,-2.7169,-3.0539
2,74,0,locus,0.3091,1,1.9347,-0.2261,1.7103,-0.5295,1.8618,-0.4025,2.4338,0.1659,2.5093,0.3091
2,13,0,boostnsift,0.6847,0,-2.7791,-0.6207,-2.2496,-0.1702,-1.8099,0.6847,-2.6913,-0.6399,-3.6282,-1.5848
2,51,0,boostnsift,0.9031,1,0.6443,-0.6329,0.9366,-0.4196,1.6257,0.9031,0.8927,-0.4915,0.9676,-0.4246
2,92,0,boostnsift,0.4676,0,0.1509,-0.2425,0.5193,0.0469,0.7419,0.4676,-0.0822,-0.5826,0.055,-0.4534
2,155,1,,0.0,0,,,,,,,,,,
2,49,0,locus,0.4011,1,0.8254,0.0988,0.6425,-0.1631,-0.3651,-1.1952,0.9075,0.0739,1.0751,0.4011
2,169,1,,0.0,0,,,,,,,,,,
2,10,0,locus,0.4057,0,1.0958,0.1635,1.1086,0.0973,1.0349,-0.0009,0.9536,-0.0857,1.2808,0.4057
2,13,0,boostnsift,0.6002,1,1.1781,-0.3583,1.0437,-0.5717,1.8848,0.6002,1.3775,-0.2658,1.5296,-0.1217
2,88,0,locus,0.5256,1,1.7735,0.0154,1.6151,-0.2221,1.5624,-0.2993,1.8146,-0.0506,2.1066,0.5256
2,17,0,FlexFL,0.4411,0,1.7723,0.4411,1.5581,0.0553,1.6797,0.1524,1.5583,0.0275,1.5173,-0.0215
2,10,0,boostnsift,0.4154,0,-4.1528,-0.9122,-3.0624,0.0991,-2.892,0.4154,-4.3001,-1.1665,-4.8717,-1.7461
2,52,1,,0.0,0,,,,,,,,,,
2,9,0,FlexFL,0.4838,0,1.9567,0.4838,1.8214,0.1342,0.9526,-0.7591,0.7422,-0.973,0.1044,-1.6188
2,142,0,boostnsift,0.3612,0,-4.2579,-0.8277,-3.1979,0.1533,-3.0817,0.3612,-4.3991,-1.0758,-4.9658,-1.6506
2,156,1,,0.0,0,,,,,,,,,,
2,89,0,locus,0.3532,1,2.2614,0.2288,1.8134,-0.2982,2.1275,-0.0086,1.9404,-0.1992,2.3811,0.3532
2,10,0,locus,0.3129,0,1.8637,0.0473,1.6776,-0.2177,1.8357,-0.0841,2.0854,0.1621,2.1648,0.3129
2,13,1,,0.0,0,,,,,,,,,,
2,102,0,FlexFL,0.3316,1,1.4926,0.3316,1.2703,0.0302,1.5096,0.2619,1.1804,-0.0877,1.22,-0.0561
2,10,0,locus,0.2839,0,1.7137,-0.0945,1.2351,-0.6521,1.5553,-0.3564,2.1063,0.1911,2.1567,0.2839
2,4,0,locus,0.3357,1,1.9365,0.0623,1.5769,-0.3763,2.1205,0.1428,1.9856,0.0043,2.2227,0.3357
2,28,0,locus,0.7848,1,1.3117,-0.6893,1.207,-0.873,1.0206,-1.0839,1.7982,-0.3098,2.3495,0.7848
2,62,1,,0.0,0,,,,,,,,,,
2,125,1,,0.0,0,,,,,,,,,,
2,65,0,FlexFL,0.3509,1,1.5724,0.3509,1.5609,0.2581,1.3534,0.026,1.4738,0.1429,1.5699,0.2311
2,11,0,locus,1.025,0,3.3966,-0.443,1.7146,-2.2039,2.5441,-1.399,1.9903,-1.9563,4.188,1.025
2,20,0,BRaIn,0.345,0,0.6858,0.273,0.7613,0.345,0.5626,0.0463,0.3019,-0.2179,0.4661,-0.0616
2,64,0,boostnsift,0.2912,1,1.58,0.1515,1.4498,-0.0576,1.7769,0.2912,1.7307,0.1953,1.5929,0.0494
2,58,0,FlexFL,0.3149,0,2.2597,0.3149,1.6018,-0.422,2.1812,0.1329,2.0532,0.0014,2.2933,0.2671
2,88,1,,0.0,0,,,,,,,,,,
2,7,0,buglocator,0.4056,0,1.5567,-0.1383,1.521,-0.253,1.6859,-0.1126,2.0434,0.4056,1.8793,0.0694
2,89,0,boostnsift,0.5121,1,2.0905,-0.0181,1.8315,-0.3561,2.4571,0.5121,1.9959,-0.2197,2.1899,-0.0336
2,76,0,FlexFL,0.3757,0,1.1461,0.3757,1.1037,0.2271,1.1189,0.2178,0.6798,-0.2248,0.869,-0.0436
2,75,1,,0.0,0,,,,,,,,,,
2,77,0,locus,0.3935,1,1.5373,0.0871,1.4296,-0.0996,1.6387,0.085,1.6219,0.0647,1.7987,0.3935
2,67,0,boostnsift,0.5683,0,0.8713,0.0252,0.8536,-0.0715,1.1947,0.5683,0.8029,-0.1503,0.8519,-0.1092
2,123,1,,0.0,0,,,,,,,,,,
2,9,0,FlexFL,0.3354,0,1.0769,0.3354,1.0124,0.1918,0.817,-0.0281,1.0901,0.2546,0.9771,0.1206
2,16,0,locus,0.5241,1,3.3983,0.0579,1.98,-1.4394,3.1419,-0.302,2.1838,-1.2636,3.6889,0.5241
2,32,0,locus,0.3192,1,1.2919,0.1881,1.2444,0.0616,1.1067,-0.1006,1.3666,0.1558,1.4523,0.3192
2,13,0,locus,0.4702,0,1.5381,-0.5512,1.5253,-0.6429,1.7476,-0.4451,2.201,0.0048,2.4377,0.4702
2,72,0,locus,0.4485,0,1.322,-0.0893,1.2625,-0.2279,1.1813,-0.3336,1.5448,0.0265,1.7598,0.4485
2,17,0,buglocator,0.4227,0,1.6198,-1.0666,1.5997,-1.1657,1.9317,-0.8583,3.0349,0.4227,2.8537,0.0523
2,1,0,buglocator,0.4641,1,1.3969,-0.6298,1.4867,-0.619,1.5013,-0.6288,2.3752,0.4641,2.1525,0.0109
2,6,0,buglocator,0.8111,0,1.1624,-1.0395,0.9789,-1.3021,0.8404,-1.4651,2.5504,0.8111,1.9808,-0.3361
2,58,0,FlexFL,0.3717,1,1.2844,0.3717,1.228,0.2131,1.0204,-0.019,1.1291,0.0862,1.2612,0.2103
2,8,0,locus,0.7365,1,1.6117,-0.2388,1.4687,-0.4608,1.0989,-0.855,1.6959,-0.2615,2.1989,0.7365
2,73,1,,0.0,0,,,,,,,,,,
2,5,0,locus,0.3073,0,1.1756,0.2747,1.0541,0.0742,0.8034,-0.201,0.9687,-0.0392,1.2494,0.3073
2,24,0,locus,0.6388,0,1.157,-0.0568,0.6937,-0.5991,0.3437,-0.9736,0.8056,-0.5153,1.5623,0.6388
2,9,0,boostnsift,0.7337,1,2.1791,-0.1402,1.8829,-0.5154,2.6678,0.7337,1.9997,-0.4266,2.0592,-0.3751
2,121,1,,0.0,0,,,,,,,,,,
2,109,0,boostnsift,0.4116,0,-3.2147,-0.2419,-2.7909,0.1029,-2.6243,0.4116,-3.1291,-0.2633,-4.0318,-1.174
2,65,0,FlexFL,0.5297,1,1.1989,0.5297,1.0177,0.0883,0.8355,-0.1184,0.3972,-0.5602,0.6069,-0.3584
2,112,0,boostnsift,0.8106,1,0.7964,-0.4206,0.9999,-0.2961,1.5655,0.8106,0.7297,-0.5943,0.8674,-0.4646
2,28,0,locus,0.366,0,1.4519,0.141,1.2345,-0.1553,0.728,-0.6864,1.5269,0.109,1.6593,0.366
2,80,1,,0.0,0,,,,,,,,,,
2,21,0,locus,0.6443,0,1.8391,-0.656,1.7233,-0.8508,2.0903,-0.5083,2.4328,-0.1693,2.8436,0.6443
2,43,0,boostnsift,0.4009,0,-4.1644,-0.9009,-3.0709,0.1136,-2.915,0.4009,-4.3076,-1.1511,-4.8785,-1.73
2,138,1,,0.0,0,,,,,,,,,,
2,50,0,FlexFL,0.3716,1,1.8308,0.3716,1.5677,0.0064,1.765,0.1792,1.637,0.0478,1.8077,0.2104
2,4,0,BRaIn,0.3351,1,0.8495,0.2829,0.9151,0.3351,0.4985,-0.1716,0.4659,-0.2077,0.4694,-0.2122
2,8,0,locus,0.5111,0,0.1052,-0.0579,0.234,-0.0081,-0.293,-0.5596,0.1713,-0.0988,0.5116,0.5111
2,56,0,BRaIn,0.2709,0,-4.4492,-0.6612,-3.4395,0.2709,-3.4409,0.2436,-4.598,-0.917,-5.1483,-1.4753
2,42,1,,0.0,0,,,,,,,,,,
2,20,0,locus,0.4966,0,1.9243,-0.0279,1.6196,-0.4116,1.8194,-0.2363,2.0376,-0.0216,2.3007,0.4966
2,81,1,,0.0,0,,,,,,,,,,
2,13,0,FlexFL,0.3451,0,2.0815,0.3451,1.7331,-0.0824,2.0849,0.2484,1.6616,-0.1818,1.826,-0.0255
2,14,0,FlexFL,0.3557,0,0.7556,0.3557,0.7484,0.2623,0.3101,-0.2005,0.3202,-0.1939,0.6346,0.1125
2,3,0,boostnsift,0.4343,1,1.3209,-0.2212,1.2288,-0.3924,1.8907,0.4343,1.5204,-0.1288,1.7013,0.0442
2,43,0,boostnsift,0.3477,1,0.8994,0.2365,0.9088,0.1668,1.0114,0.3477,0.4487,-0.3212,0.6852,-0.0927
2,83,0,BRaIn,0.4402,1,-4.6765,-0.6255,-3.7025,0.4402,-3.8732,0.0743,-4.8185,-0.8745,-5.3494,-1.4134
2,5,0,locus,0.2862,0,1.8109,-0.2085,1.6158,-0.4826,2.0082,-0.1147,2.3152,0.1888,2.3679,0.2862
2,4,0,buglocator,0.5366,0,1.9335,-0.8921,1.7983,-1.1062,2.5617,-0.3674,3.174,0.5366,2.8789,-0.0616
2,41,0,boostnsift,0.6804,0,-2.7876,-0.6036,-2.2708,-0.1659,-1.8354,0.6804,-2.7274,-0.6505,-3.6563,-1.5874
2,82,0,BRaIn,0.2985,0,-3.4799,-0.034,-3.0973,0.2985,-3.1264,0.216,-3.3818,-0.043,-4.2635,-0.9326
2,96,1,,0.0,0,,,,,,,,,,
2,2,0,boostnsift,0.4736,1,0.704,-0.1034,0.9274,0.0409,1.1559,0.4736,0.7568,-0.1577,0.6719,-0.2505
2,7,0,locus,0.3598,0,1.1253,0.1573,1.1542,0.1071,1.1902,0.1187,0.8029,-0.2721,1.3165,0.3598
2,11,0,FlexFL,0.56,0,1.4715,0.56,1.26,0.058,0.848,-0.3785,0.7733,-0.4566,0.2272,-1.0108
2,14,0,buglocator,0.3205,1,2.2963,-0.2189,1.8115,-0.7827,2.5693,-0.0493,2.8636,0.3205,2.7846,0.1545
2,85,0,boostnsift,0.4781,0,2.1127,-0.036,1.761,-0.4666,2.4971,0.4781,2.0352,-0.2205,2.2641,0.0004
2,27,0,locus,0.4757,1,1.5104,0.1063,1.3218,-0.1614,0.8565,-0.6512,1.3707,-0.1405,1.7526,0.4757
2,33,0,locus,0.5254,0,1.7483,-0.6759,1.4183,-1.0848,1.8882,-0.6394,2.4807,-0.0504,2.7726,0.5254
2,51,1,,0.0,0,,,,,,,,,,
2,13,0,boostnsift,0.4091,1,0.7618,0.1844,0.4437,-0.2126,0.9259,0.4091,0.6015,-0.0829,0.3177,-0.3747
2,1,1,,0.0,0,,,,,,,,,,
2,44,1,,0.0,0,,,,,,,,,,
2,103,1,,0.0,0,,,,,,,,,,
2,87,0,BRaIn,0.381,0,-4.5982,-0.6453,-3.6044,0.381,-3.7158,0.1335,-4.7205,-0.8747,-5.2642,-1.4263
2,3,1,,0.0,0,,,,,,,,,,
2,51,0,boostnsift,0.3263,0,1.3643,-0.2043,1.3197,-0.3279,1.9171,0.3263,1.8357,0.1602,1.6401,-0.0434
2,18,0,locus,0.5167,1,0.6475,-1.4923,0.5212,-1.6975,-0.3135,-2.5568,2.205,-0.0417,2.4882,0.5167
2,55,0,buglocator,0.314,1,1.6268,-0.3731,1.5495,-0.5293,1.7828,-0.3205,2.3483,0.314,2.2759,0.161
2,40,0,locus,0.5364,1,1.9702,0.0456,1.0565,-0.9472,1.7583,-0.2698,1.5468,-0.4849,2.2731,0.5364
2,2,0,locus,0.5038,0,2.1165,-0.2608,1.5317,-0.9246,2.1279,-0.3529,2.4555,-0.0288,2.7258,0.5038
2,100,0,boostnsift,0.4415,0,-3.1723,-0.2724,-2.7479,0.073,-2.5514,0.4415,-3.1072,-0.3143,-4.0081,-1.2232
2,20,0,FlexFL,0.6792,1,1.9532,0.6792,1.332,-0.3517,1.3909,-0.3173,1.2354,-0.4763,1.6225,-0.0972
2,31,0,locus,0.418,1,-0.755,-0.7588,-0.898,-0.9808,-3.3585,-3.4658,0.1678,0.057,0.3523,0.418
2,84,1,,0.0,0,,,,,,,,,,
2,13,0,boostnsift,0.7788,1,1.1846,-0.2541,1.2535,-0.2643,1.7872,0.7788,1.0369,-0.5089,0.8122,-0.7416
2,22,1,,0.0,0,,,,,,,,,,
2,26,0,buglocator,0.3216,1,1.9105,-0.5676,1.5519,-1.0052,2.0944,-0.4872,2.8266,0.3216,2.7466,0.1534
2,32,0,FlexFL,0.5174,1,1.8234,0.5174,1.4576,-0.0963,1.4062,-0.1722,1.4654,-0.1165,1.6545,0.0646
2,53,0,locus,0.2661,1,2.1779,-0.4496,1.7087,-0.9978,2.3563,-0.3747,2.9434,0.2089,2.976,0.2661
2,33,0,buglocator,0.5137,0,1.3994,-0.4973,1.0039,-0.9718,1.973,-0.0272,2.2452,0.5137,1.9468,-0.0649
2,11,0,boostnsift,0.3411,1,1.6371,0.1799,1.5471,0.0109,1.8057,0.3411,1.3339,-0.2303,1.7096,0.1374
2,52,0,locus,0.4607,0,1.9324,0.1213,1.9159,0.0258,1.8416,-0.073,1.8565,-0.0616,2.1596,0.4607
2,32,0,buglocator,0.3077,0,1.8375,-0.4857,1.6439,-0.7583,2.0116,-0.415,2.6717,0.3077,2.6055,0.1673
2,46,0,locus,0.4222,1,1.6662,-0.3004,1.3205,-0.725,1.8191,-0.2509,2.1264,0.0528,2.3151,0.4222
2,4,0,boostnsift,0.4043,1,1.858,0.1892,1.5415,-0.2064,2.0174,0.4043,1.8246,0.0487,1.8221,0.0383
2,166,1,,0.0,0,,,,,,,,,,
2,43,0,locus,0.5598,1,1.7952,-0.6242,1.6314,-0.867,1.7309,-0.792,2.4416,-0.0848,2.7679,0.5598
2,23,1,,0.0,0,,,,,,,,,,
2,21,0,BRaIn,0.4234,0,0.5132,0.0287,0.833,0.4234,0.6791,0.0911,0.3803,-0.2112,0.2281,-0.3714
2,41,0,locus,0.4423,1,1.7536,0.1397,1.4581,-0.2348,1.6626,-0.0548,1.7266,0.0057,1.9624,0.4423
2,87,0,locus,0.53,1,2.0082,-0.1621,1.6457,-0.6036,1.9263,-0.3475,2.2222,-0.055,2.5188,0.53
2,78,0,buglocator,0.3344,1,1.9793,-0.6848,2.0976,-0.6455,2.3334,-0.4342,3.0126,0.3344,2.9197,0.1406
2,50,0,FlexFL,0.3577,1,1.7229,0.3577,1.4071,-0.0463,1.1577,-0.3202,1.3257,-0.1557,1.7137,0.2243
2,49,0,FlexFL,0.4935,0,1.4843,0.4935,1.2933,0.0786,1.3393,0.1,1.1914,-0.0514,1.1336,-0.1171
2,61,0,BRaIn,0.4296,1,0.5724,0.1884,0.7324,0.4296,0.1809,-0.3065,0.2531,-0.2378,0.2973,-0.2016
2,6,0,BRaIn,1.4478,0,0.3984,-0.8298,1.5767,1.4478,-2.9187,-4.2505,-0.6035,-1.9387,-4.757,-6.1002
2,51,0,FlexFL,0.3577,1,1.7229,0.3577,1.4071,-0.0463,1.1577,-0.3202,1.3257,-0.1557,1.7137,0.2243
2,24,0,locus,0.4349,1,1.6956,0.084,1.4953,-0.1953,1.3112,-0.4039,1.7587,0.0401,1.9601,0.4349
2,7,0,locus,0.9238,1,2.1295,-0.3418,1.4156,-1.1347,1.5495,-1.0254,1.9331,-0.6453,2.8199,0.9238
2,34,1,,0.0,0,,,,,,,,,,
2,3,0,FlexFL,0.3878,1,2.2063,0.3878,1.6006,-0.3362,2.0736,0.1123,1.6745,-0.2903,2.1671,0.1942
2,96,0,buglocator,0.2707,1,1.8978,-0.042,1.5881,-0.4308,1.6762,-0.3672,2.2884,0.2707,2.2592,0.2043
2,21,0,locus,0.4265,1,2.0785,0.1555,1.5283,-0.4737,1.8456,-0.181,1.7156,-0.3145,2.2716,0.4265
2,5,0,BRaIn,0.4231,0,-3.6883,0.0247,-3.3645,0.4231,-3.5181,0.0914,-3.6035,0.0025,-4.4663,-0.8683
2,16,0,boostnsift,0.3655,1,2.3271,0.228,1.5947,-0.5834,2.4476,0.3655,1.1932,-1.0129,2.3147,0.1006
2,2,0,buglocator,0.3959,0,2.6993,0.0699,2.8235,0.1151,2.0025,-0.7303,2.9778,0.3959,1.8151,-0.9293
2,70,0,locus,0.2597,1,-0.0632,0.2028,-0.1165,0.0705,-0.7741,-0.6116,0.0563,0.2153,0.0825,0.2597
2,17,0,locus,0.5799,1,2.0311,0.0021,1.5352,-0.5728,1.8449,-0.2877,1.2147,-0.9214,2.3775,0.5799
2,174,1,,0.0,0,,,,,,,,,,
2,21,0,locus,0.3729,0,2.213,-0.0057,1.6848,-0.6128,1.8543,-0.4678,2.4278,0.1021,2.5671,0.3729
2,34,0,buglocator,0.2888,1,1.9158,-0.3147,1.6677,-0.6418,1.9618,-0.3722,2.579,0.2888,2.5317,0.1862
2,19,0,boostnsift,0.8822,0,0.882,-0.5552,1.1486,-0.3677,1.7858,0.8822,1.0191,-0.5251,1.1186,-0.4336
2,32,0,boostnsift,0.7295,1,1.0603,-0.1433,1.0284,-0.2542,1.5521,0.7295,0.7551,-0.5554,1.0676,-0.251
2,5,0,FlexFL,0.4557,1,2.0383,0.4557,1.4735,-0.2954,1.7614,-0.0319,1.4236,-0.3732,1.9311,0.1263
2,47,0,locus,0.6207,1,1.4583,-0.084,1.1533,-0.468,0.835,-0.8107,1.5035,-0.1457,1.8908,0.6207
2,56,0,locus,0.2933,1,2.2199,0.1853,1.7951,-0.3185,2.3233,0.1852,2.2217,0.0801,2.3831,0.2933
2,176,0,boostnsift,0.4464,0,-4.1447,-0.9264,-3.0713,0.0681,-2.8698,0.4464,-4.2998,-1.1885,-4.8735,-1.7701
2,6,1,,0.0,0,,,,,,,,,,
2,17,0,boostnsift,0.5006,0,0.443,-0.252,0.788,0.0139,1.0435,0.5006,0.6201,-0.1819,0.672,-0.138
2,72,0,FlexFL,0.3371,0,-0.3554,0.3371,-0.5033,0.1101,-1.9802,-1.3913,-0.6044,-0.019,-0.3439,0.2449
2,6,0,boostnsift,0.608,1,0.8627,-0.0983,0.9465,-0.0935,1.3095,0.608,0.8407,-0.2273,0.8441,-0.2319
2,16,0,boostnsift,0.4762,1,1.2439,0.1173,1.0237,-0.1819,1.4751,0.4762,0.8424,-0.3912,0.6763,-0.5652
2,46,0,buglocator,0.3968,0,1.801,-0.7905,1.7067,-0.9638,1.8651,-0.8299,2.94,0.3968,2.7847,0.0782
2,8,0,buglocator,0.2607,1,2.1386,-0.189,1.7248,-0.6818,2.4553,0.0242,2.6761,0.2607,2.6569,0.2143
3,29,0,FlexFL,0.4069,1,-2.689,0.4069,-2.7473,0.2111,-3.2717,-0.3377,-2.9458,-0.0153,-4.2065,-1.2841
3,81,0,boostnsift,0.5046,1,0.4936,-0.4181,0.6521,-0.3386,1.2602,0.5046,0.6178,-0.4009,1.0006,-0.0261
3,18,0,locus,0.3917,1,1.5448,-0.6424,1.5119,-0.7544,2.3776,0.0868,1.1877,-1.1066,2.5358,0.3917
3,80,0,boostnsift,0.4854,1,0.4891,-0.5868,0.6942,-0.4607,1.4244,0.4854,0.6256,-0.5574,1.1841,-0.0069
3,28,1,,0.0,0,,,,,,,,,,
3,73,0,locus,0.4221,1,1.7935,-0.8717,1.4656,-1.2786,2.635,-0.1338,2.8251,0.0529,3.0137,0.4221
3,15,0,locus,0.5567,1,1.8096,-0.3681,1.5752,-0.6815,2.203,-0.0782,1.8854,-0.3994,2.5262,0.5567
3,29,0,boostnsift,0.9922,0,1.2405,-1.206,1.3713,-1.1541,2.795,0.9922,1.5701,-0.9834,2.0477,-0.5137
3,11,0,boostnsift,0.3962,1,1.8853,-0.475,1.5871,-0.8522,2.7088,0.3962,2.2917,-0.1756,2.5576,0.0823
3,96,0,locus,0.6118,0,0.2984,-0.3697,0.2767,-0.4704,0.6383,-0.1333,0.2537,-0.5214,1.0166,0.6118
3,82,1,,0.0,0,,,,,,,,,,
3,41,0,boostnsift,0.9061,0,1.1786,-1.1985,1.3702,-1.0859,2.7256,0.9061,1.7677,-0.7164,2.0644,-0.4276
3,9,0,boostnsift,0.5205,0,0.7465,-0.438,1.1336,-0.1299,1.533,0.5205,0.7167,-0.5748,1.2575,-0.042
3,40,0,boostnsift,1.0256,0,0.8854,-1.075,1.1483,-0.8911,2.3089,1.0256,1.5283,-0.5391,1.5282,-0.5471
3,8,0,boostnsift,0.422,0,-2.0374,-0.1051,-1.7608,0.0925,-1.5838,0.422,-2.1685,-0.3432,-3.5081,-1.6908
3,39,0,locus,0.3328,1,1.5206,-0.2211,1.4706,-0.3501,1.8318,-0.0134,1.9909,0.1422,2.0902,0.3328
3,150,0,BRaIn,0.6916,1,-3.3149,-0.0736,-2.8928,0.6916,-3.6549,-0.5171,-3.9842,-0.8499,-5.2313,-2.105
3,29,1,,0.0,0,,,,,,,,,,
3,12,0,locus,0.4061,1,1.0543,-0.4276,1.2672,-0.2937,1.6448,0.0594,1.6578,0.0689,1.8304,0.4061
3,29,0,boostnsift,0.5344,1,1.8073,-0.4346,1.7164,-0.6044,2.5904,0.5344,2.301,-0.0479,2.1367,-0.2202
3,14,0,boostnsift,0.3834,1,1.7033,-0.2301,1.6405,-0.3719,2.2819,0.3834,1.9299,-0.1105,2.1435,0.0951
3,48,0,locus,0.6066,1,1.4319,-0.0526,1.4401,-0.1234,1.4599,-0.1281,1.278,-0.3135,1.833,0.6066
3,15,0,buglocator,0.3015,0,1.5169,-0.7441,1.6951,-0.6448,2.4615,0.097,2.6095,0.3015,2.5495,0.1735
3,140,1,,0.0,0,,,,,,,,,,
3,23,0,boostnsift,0.4355,1,1.7633,-1.684,1.6549,-1.8714,3.7958,0.4355,2.6441,-0.9102,3.6053,0.043
3,93,0,locus,0.5411,1,-1.245,0.0409,-1.9311,-0.7242,-4.8574,-3.675,-1.7308,-0.5519,-0.9374,0.5411
3,44,0,boostnsift,0.3892,0,-0.2618,-0.2162,-0.0933,-0.1267,0.3029,0.3892,-0.197,-0.2584,0.1588,0.0893
3,20,0,boostnsift,0.7574,1,0.8455,-0.483,1.1646,-0.2429,1.677,0.7574,0.5646,-0.8709,0.9976,-0.4459
3,13,0,locus,0.2523,0,1.7852,-0.656,1.9368,-0.5835,2.771,0.2262,2.6311,0.0829,2.7898,0.2523
3,2,0,buglocator,0.3324,0,1.4404,-0.1273,1.4676,-0.1791,1.8253,0.1541,1.9162,0.3324,1.8086,0.1259
3,38,0,BRaIn,0.5813,1,-3.5602,0.0367,-3.2484,0.5813,-4.3069,-0.8136,-4.2883,-0.7985,-5.4913,-2.0094
3,63,0,boostnsift,0.2526,1,2.0822,-0.3033,1.5827,-0.8818,2.734,0.2526,2.0297,-0.4628,2.7264,0.2259
3,20,0,locus,1.2303,0,1.1265,-0.6483,0.922,-0.9318,0.7576,-1.1207,0.8665,-1.0154,2.1233,1.2303
3,46,0,locus,0.6768,0,0.7447,-0.1737,0.6718,-0.3255,0.8235,-0.1983,0.7898,-0.2355,1.2669,0.6768
3,62,0,buglocator,0.2823,1,1.0067,-0.4657,1.4144,-0.137,1.4832,-0.0927,1.8209,0.2823,1.7801,0.1927
3,12,0,locus,0.3454,1,1.1456,0.1884,0.8574,-0.1787,1.1937,0.1331,0.8246,-0.2395,1.3056,0.3454
3,1,0,boostnsift,0.9975,0,1.5037,-0.9001,1.6734,-0.8094,2.7523,0.9975,1.9998,-0.511,1.9835,-0.5354
3,4,0,locus,0.2547,1,1.5703,-0.7028,1.6294,-0.7226,2.2399,-0.1367,2.6004,0.2203,2.6215,0.2547
3,14,0,locus,0.6927,1,0.1557,-1.7478,0.0703,-1.9121,-1.007,-3.014,1.7927,-0.2177,2.2519,0.6927
3,59,0,buglocator,0.3404,1,1.7154,-0.4895,1.7061,-0.5778,2.4546,0.1461,2.5534,0.3404,2.4346,0.1147
3,131,0,FlexFL,0.3875,0,-2.6907,0.3875,-2.7297,0.2305,-3.291,-0.3553,-2.9511,-0.0189,-4.2006,-1.2764
3,11,0,locus,0.5836,1,1.3689,-0.7186,1.5243,-0.6422,1.9813,-0.2097,2.0858,-0.1086,2.436,0.5836
3,34,0,boostnsift,0.5175,1,0.6365,-0.4328,0.7302,-0.4182,1.4178,0.5175,0.6788,-0.4975,1.1453,-0.039
3,10,0,boostnsift,0.5912,1,1.7442,-0.7932,1.8437,-0.7727,2.8859,0.5912,2.1274,-0.517,2.5398,-0.1127
3,124,0,BRaIn,0.5576,0,-3.6219,0.0604,-3.3338,0.5576,-4.4759,-0.8971,-4.3689,-0.7936,-5.5563,-1.989
3,5,0,boostnsift,0.7201,1,1.5992,-0.5221,1.5156,-0.6847,2.4699,0.7201,1.9948,-0.2336,1.9854,-0.251
3,5,1,,0.0,0,,,,,,,,,,
3,103,0,boostnsift,0.265,0,0.7199,-0.7344,0.7938,-0.7394,1.8027,0.265,1.4054,-0.1559,1.7827,0.2135
3,13,0,boostnsift,0.7142,0,1.5139,-0.2977,1.609,-0.2817,2.1601,0.7142,1.5021,-0.4166,1.691,-0.2357
3,12,0,locus,0.6769,0,1.5907,-0.1982,1.4333,-0.4346,1.6941,-0.1984,1.4593,-0.4367,2.1374,0.6769
3,2,0,locus,1.1195,0,1.3515,-0.7747,1.1289,-1.0762,1.5594,-0.6702,1.5887,-0.6445,2.4747,1.1195
3,6,0,locus,0.4217,0,1.6601,-0.1791,1.2385,-0.6797,1.9994,0.0568,1.8029,-0.1432,2.1876,0.4217
3,17,0,boostnsift,0.7368,1,1.7496,-0.457,1.5166,-0.769,2.5551,0.7368,1.8505,-0.4631,2.0633,-0.2583
3,63,0,locus,0.8189,1,1.3942,-0.6814,1.554,-0.6006,1.8387,-0.3404,1.7338,-0.4489,2.4242,0.8189
3,6,0,boostnsift,0.7456,0,0.8575,-0.488,1.1934,-0.2311,1.6941,0.7456,0.5988,-0.8538,1.1834,-0.2772
3,70,1,,0.0,0,,,,,,,,,,
3,26,0,boostnsift,0.3467,1,0.3407,-0.3266,0.5314,-0.2149,1.0158,0.3467,0.4342,-0.3401,0.9141,0.1318
3,17,0,locus,0.3806,1,2.0965,-1.0987,1.5338,-1.7403,3.3965,0.0979,1.8866,-1.4156,3.5436,0.3806
3,136,0,BRaIn,0.6554,0,-3.4065,-0.0374,-3.0205,0.6554,-3.9105,-0.645,-4.1135,-0.8515,-5.3316,-2.0776
3,71,1,,0.0,0,,,,,,,,,,
3,59,1,,0.0,0,,,,,,,,,,
3,16,0,boostnsift,0.4876,1,1.6048,-0.3076,1.6432,-0.3481,2.2608,0.4876,1.8839,-0.1355,2.0182,-0.0091
3,66,0,locus,0.3191,0,0.7209,0.1729,0.8108,0.1839,0.796,0.1446,0.381,-0.274,0.8965,0.3191
3,4,0,boostnsift,0.514,0,0.9542,-0.4338,1.2419,-0.225,1.7365,0.514,0.8514,-0.6436,1.4675,-0.0355
3,3,0,BRaIn,0.3201,0,1.3314,0.0739,1.606,0.3201,1.5553,0.1944,1.2546,-0.1099,1.2467,-0.1258
3,64,0,boostnsift,0.7471,0,1.0702,-0.374,1.2906,-0.2326,1.7927,0.7471,0.7974,-0.7538,1.2028,-0.3564
3,98,1,,0.0,0,,,,,,,,,,
3,11,0,locus,0.6848,1,1.6475,-1.2475,1.5989,-1.3751,2.4872,-0.5113,2.7922,-0.2098,3.2435,0.6848
3,14,0,locus,0.517,0,1.4446,-0.6502,1.5778,-0.5961,1.9853,-0.2131,2.1599,-0.042,2.4434,0.517
3,120,1,,0.0,0,,,,,,,,,,
3,49,0,boostnsift,0.4455,1,1.434,-1.0364,1.381,-1.1683,2.8189,0.4455,2.2388,-0.3385,2.6184,0.033
3,135,1,,0.0,0,,,,,,,,,,
3,66,0,BRaIn,0.544,0,-3.5896,0.074,-3.3152,0.544,-4.3762,-0.816,-4.3359,-0.7792,-5.5368,-1.9881
3,15,0,locus,0.2924,1,2.0863,-0.2559,1.6628,-0.7584,2.6318,0.1861,2.0025,-0.4467,2.6907,0.2924
3,10,0,locus,0.5817,1,1.6944,-0.654,1.7515,-0.6759,2.3487,-0.1032,2.1098,-0.3456,2.6969,0.5817
3,14,0,buglocator,0.4314,0,0.7032,-1.1228,0.5364,-1.3685,1.4375,-0.492,2.1744,0.4314,1.9845,0.0436
3,19,1,,0.0,0,,,,,,,,,,
3,12,0,boostnsift,0.5293,1,1.583,-0.2041,1.6574,-0.2087,2.1356,0.5293,1.6212,-0.273,1.8514,-0.0508
3,68,0,locus,0.3176,0,0.166,-0.3125,0.2586,-0.2988,0.7429,0.1609,0.4919,-0.0936,0.8269,0.3176
3,104,1,,0.0,0,,,,,,,,,,
3,24,0,locus,0.3008,1,1.5277,-0.6335,1.3672,-0.873,2.4424,0.1777,2.4073,0.139,2.5097,0.3008
3,30,0,buglocator,0.3038,1,1.4813,-0.4296,1.4024,-0.5876,1.7596,-0.2548,2.2595,0.3038,2.1972,0.1712
3,29,0,buglocator,0.7847,0,1.6761,-0.9447,2.4261,-0.2737,1.217,-1.5072,2.9693,0.7847,0.7671,-1.9687
3,51,0,boostnsift,0.4029,0,1.6706,-0.2802,1.5349,-0.495,2.2994,0.4029,1.9196,-0.1383,2.1415,0.0756
3,19,0,locus,0.4197,1,1.588,-0.6263,1.5714,-0.7219,2.2179,-0.0999,2.3766,0.0553,2.5628,0.4197
3,95,0,BRaIn,0.7038,0,-3.3139,-0.0858,-2.8795,0.7038,-3.6671,-0.5426,-3.996,-0.875,-5.2296,-2.1166
3,69,0,boostnsift,0.4473,1,1.6595,-0.2837,1.45,-0.5722,2.2918,0.4473,1.4649,-0.5853,2.0895,0.0312
3,1,0,boostnsift,0.9568,1,-0.6283,-0.5893,-0.4023,-0.4423,0.3095,0.9568,-0.4084,-0.4765,-0.4189,-0.4949
3,6,0,boostnsift,0.2927,0,0.8978,-0.3263,1.1396,-0.1634,1.5726,0.2927,0.7556,-0.5754,1.5249,0.1858
3,11,0,locus,0.3388,0,1.436,-1.2335,1.4407,-1.3077,2.555,-0.218,2.9126,0.1362,3.0179,0.3388
3,80,0,locus,0.91,1,1.1962,-0.7825,1.0848,-0.9729,1.0123,-1.0699,1.6507,-0.435,2.3272,0.91
3,22,0,locus,0.7049,0,1.2267,-1.275,1.3446,-1.2362,1.957,-0.6482,2.3789,-0.2299,2.8502,0.7049
3,7,0,locus,1.4556,1,1.7802,-0.8736,1.1647,-1.5682,1.1393,-1.618,1.6471,-1.1138,3.0024,1.4556
3,55,1,,0.0,0,,,,,,,,,,
3,6,0,locus,0.8913,1,1.7074,-1.5417,1.5476,-1.7805,1.9033,-1.4493,2.9398,-0.4163,3.5976,0.8913
3,37,1,,0.0,0,,,,,,,,,,
3,56,0,boostnsift,0.8687,0,0.8943,-0.5454,1.1645,-0.3542,1.7882,0.8687,0.6303,-0.9164,1.1097,-0.445
3,8,0,boostnsift,0.7902,0,0.3255,-0.7924,0.4649,-0.732,1.4664,0.7902,0.7082,-0.5168,0.9212,-0.3117
3,3,0,boostnsift,0.3394,0,0.9405,-0.1897,1.1296,-0.0795,1.4786,0.3394,0.6608,-0.5764,1.3842,0.1391
3,23,0,locus,0.3183,0,1.4897,-0.9937,1.5167,-1.0456,2.747,0.1602,2.7225,0.1321,2.8318,0.3183
3,52,0,boostnsift,0.4182,0,0.6662,-0.3414,0.9493,-0.1373,1.3561,0.4182,0.6452,-0.4694,1.1829,0.0603
3,2,0,locus,0.9032,1,2.1509,-0.8253,1.589,-1.4662,2.6549,-0.4247,2.4449,-0.6383,3.3247,0.9032
3,102,1,,0.0,0,,,,,,,,,,
3,117,1,,0.0,0,,,,,,,,,,
3,78,0,BRaIn,0.5434,1,-3.6396,0.0746,-3.3657,0.5434,-4.5095,-0.8988,-4.3741,-0.767,-5.572,-1.9729
3,43,0,buglocator,0.2502,1,1.4774,-0.5981,1.4073,-0.7472,1.7672,-0.4118,2.424,0.2502,2.4153,0.2248
3,53,0,FlexFL,0.4738,0,1.2522,0.4738,0.7744,-0.2082,1.0219,0.0148,0.6573,-0.3533,1.1269,0.1082
3,20,0,boostnsift,0.308,0,1.7343,-0.3694,1.6494,-0.5333,2.4522,0.308,2.3083,0.0976,2.3892,0.1705
3,8,0,locus,0.4102,0,1.4776,-0.6284,1.1246,-1.0605,2.2779,0.0683,1.9911,-0.222,2.4546,0.4102
3,79,0,boostnsift,0.8245,1,1.8361,-0.9655,1.7788,-1.1019,3.1502,0.8245,1.91,-0.9987,2.5707,-0.346
3,115,1,,0.0,0,,,,,,,,,,
3,46,1,,0.0,0,,,,,,,,,,
3,1,0,boostnsift,0.3569,0,1.1506,-0.0901,1.2106,-0.109,1.5892,0.3569,1.0593,-0.2884,1.4773,0.1216
3,3,0,boostnsift,0.5153,0,1.3966,0.0782,1.0843,-0.313,1.6669,0.5153,1.28,-0.1453,1.24,-0.1933
3,54,0,boostnsift,0.7373,1,1.6465,-0.2874,1.6022,-0.4107,2.2824,0.7373,1.5534,-0.4875,1.7901,-0.2588
3,78,0,boostnsift,0.2732,1,-0.2413,-0.0418,0.1207,0.2413,0.149,0.2732,-0.0849,0.0076,0.1135,0.198
3,4,0,locus,0.315,0,0.7545,-0.1798,0.6932,-0.3201,1.1544,0.1166,1.2013,0.16,1.2828,0.315
3,9,0,locus,0.4102,0,1.4776,-0.6284,1.2095,-0.9756,2.2779,0.0683,1.9911,-0.222,2.4546,0.4102
3,20,0,BRaIn,0.4715,1,-3.7496,0.1465,-3.5476,0.4715,-4.8047,-1.0121,-4.5406,-0.7515,-5.7088,-1.9277
3,5,1,,0.0,0,,,,,,,,,,
3,167,0,FlexFL,0.4122,0,-2.6734,0.4122,-2.737,0.2058,-3.2401,-0.3217,-2.9574,-0.0426,-4.206,-1.2991
3,3,1,,0.0,0,,,,,,,,,,
3,4,0,FlexFL,0.813,1,2.1847,0.813,1.7202,-0.195,0.8842,-1.0555,0.9144,-1.0288,1.0594,-0.8918
3,2,0,FlexFL,0.3933,0,1.0349,0.3933,0.9902,0.2247,0.9704,0.1805,0.3543,-0.4392,0.5689,-0.2325
3,76,0,boostnsift,0.4136,1,1.0282,-0.1359,1.344,0.1009,1.5126,0.4136,0.7244,-0.5467,0.8993,-0.3798
3,3,0,boostnsift,1.2961,0,0.6972,-1.1841,1.1648,-0.7955,2.2298,1.2961,1.0064,-0.9819,1.1787,-0.8176
3,62,0,locus,0.6411,1,-0.5934,-0.0591,-0.7239,-0.2686,-2.4578,-2.027,-0.7122,-0.2849,-0.1858,0.6411
3,5,0,locus,0.6721,1,-0.2701,-0.0901,-0.4426,-0.3416,-1.3481,-1.2716,-0.3298,-0.2567,0.1685,0.6721
3,103,0,locus,0.2979,1,1.2772,-0.6707,1.3649,-0.6621,2.2321,0.1806,1.9512,-0.1038,2.2965,0.2979
3,21,1,,0.0,0,,,,,,,,,,
3,37,1,,0.0,0,,,,,,,,,,
3,93,0,boostnsift,0.3808,1,2.0317,-0.1343,1.6978,-0.5472,2.5145,0.3808,1.5599,-0.7131,2.3787,0.0977
3,31,0,boostnsift,0.2798,0,1.5807,-0.6604,1.5043,-0.8158,2.5896,0.2798,1.8308,-0.5173,2.5548,0.1987
3,6,0,locus,0.6212,1,1.6135,-0.9015,1.7838,-0.8102,2.4758,-0.1427,2.3913,-0.2307,2.8635,0.6212
3,23,1,,0.0,0,,,,,,,,,,
3,25,0,locus,0.6821,1,1.4141,-0.4113,1.4528,-0.4515,1.6003,-0.3286,1.7252,-0.2071,2.1739,0.6821
3,30,0,boostnsift,0.2872,1,1.4782,0.2482,1.5364,0.2273,1.5786,0.2872,1.223,-0.1141,1.2698,-0.0752
3,158,1,,0.0,0,,,,,,,,,,
3,19,0,locus,0.3454,1,1.6318,-0.2722,1.4337,-0.5493,2.1406,0.1331,1.8629,-0.1481,2.2525,0.3454
3,1,0,FlexFL,0.3524,1,-2.581,0.3524,-2.585,0.2656,-3.0036,-0.1776,-2.8384,-0.0158,-4.0986,-1.2841
3,30,0,locus,0.4604,0,1.4186,-0.8084,1.5634,-0.7427,2.139,-0.1915,2.3487,0.0146,2.5756,0.4604
3,21,0,boostnsift,1.0863,0,0.9101,-0.8498,1.0988,-0.74,2.1083,1.0863,0.7733,-1.0935,1.267,-0.6078
3,24,1,,0.0,0,,,,,,,,,,
3,44,0,locus,0.3707,1,1.4386,-0.1656,1.2492,-0.434,1.5002,-0.2075,1.8155,0.1043,1.9527,0.3707
3,6,0,boostnsift,0.5513,1,1.8021,-0.3494,1.6021,-0.6285,2.5001,0.5513,1.9321,-0.3265,2.1938,-0.0728
3,35,0,boostnsift,0.4421,1,1.7223,0.1514,1.046,-0.6039,1.9194,0.4421,1.033,-0.6449,1.4426,-0.2433
3,26,1,,0.0,0,,,,,,,,,,
3,59,0,locus,0.7907,0,-0.0628,-0.3014,0.0299,-0.2877,-0.7381,-1.0803,0.0248,-0.3208,0.5871,0.7907
3,4,0,boostnsift,0.93,0,1.105,-0.9763,1.1957,-0.9646,2.4298,0.93,1.3962,-0.7921,1.7448,-0.4515
3,5,0,boostnsift,0.5454,1,0.7566,-0.2066,1.0113,-0.0309,1.3117,0.5454,0.4708,-0.5994,0.8555,-0.2227
3,64,0,boostnsift,0.4759,0,0.0332,-0.2474,-0.04,-0.3996,0.6291,0.4759,0.3982,0.0106,0.2357,-0.1599
3,2,0,locus,0.2558,0,1.4024,-0.6941,1.6038,-0.5718,2.4228,0.2227,1.9705,-0.233,2.4451,0.2558
3,160,1,,0.0,0,,,,,,,,,,
3,148,1,,0.0,0,,,,,,,,,,
3,18,0,boostnsift,0.4374,0,1.0387,-1.042,1.2561,-0.9036,2.4292,0.4374,1.7083,-0.4794,2.2368,0.0411
3,2,0,boostnsift,0.3855,1,1.5729,0.1222,1.3891,-0.1407,1.7992,0.3855,1.3109,-0.2468,1.6587,0.093
3,9,0,boostnsift,0.4261,1,2.125,-0.0495,1.6206,-0.6329,2.523,0.4261,1.5645,-0.717,2.3419,0.0524
3,26,0,boostnsift,0.372,1,1.2788,-0.3583,1.2917,-0.4243,1.9856,0.372,1.1248,-0.6193,1.8586,0.1065
3,95,0,boostnsift,0.4114,0,1.5526,-0.1496,1.49,-0.2912,2.0507,0.4114,1.6536,-0.1555,1.8843,0.0671
3,7,0,boostnsift,0.8008,0,0.6404,-0.5649,0.9026,-0.3817,1.5538,0.8008,0.6951,-0.6172,0.998,-0.3223
3,67,0,locus,0.275,1,0.4825,0.1053,0.6514,0.1952,0.6842,0.2035,0.3309,-0.1533,0.7257,0.275
3,14,0,locus,1.5074,0,0.8448,-1.5761,0.7997,-1.7002,0.8756,-1.6488,1.4955,-1.0324,2.7694,1.5074
3,36,1,,0.0,0,,,,,,,,,,
3,1,0,locus,0.932,0,0.8942,-1.035,1.1136,-0.8946,1.2298,-0.8029,1.5792,-0.457,2.2777,0.932
3,30,0,BRaIn,0.6753,0,-3.3729,-0.0573,-2.967,0.6753,-3.8061,-0.5941,-4.04,-0.8314,-5.2829,-2.0824
3,18,0,FlexFL,0.4007,0,-2.7207,0.4007,-2.7728,0.2173,-3.38,-0.4143,-3.0043,-0.0421,-4.2377,-1.2836
3,23,0,boostnsift,1.0439,0,1.7965,-0.4809,1.6549,-0.7015,2.6259,1.0439,1.5908,-0.7936,1.827,-0.5654
4,14,0,locus,0.5172,0,1.3569,-0.4872,1.1457,-0.7774,0.8914,-1.0562,1.9089,-0.0422,2.1926,0.5172
4,152,1,,0.0,0,,,,,,,,,,
4,15,1,,0.0,0,,,,,,,,,,
4,25,0,boostnsift,0.4063,1,1.5893,-0.0394,1.6762,-0.0315,1.9772,0.4063,1.0118,-0.7238,1.8159,0.0722
4,153,0,boostnsift,0.277,0,-4.509,0.0293,-4.2218,0.2375,-4.1898,0.277,-4.7372,-0.3059,-5.0908,-0.6675
4,8,0,buglocator,0.4965,1,1.7318,-0.5471,1.4293,-0.9286,2.0401,-0.3423,2.6274,0.4965,2.3725,-0.0215
4,17,0,boostnsift,0.8391,0,1.5623,-0.3496,1.6663,-0.3246,2.2603,0.8391,1.3404,-0.6785,1.4827,-0.5442
4,17,0,locus,0.6886,1,1.9115,-0.2868,1.5088,-0.7685,1.9251,-0.3767,2.0917,-0.2136,2.5468,0.6886
4,14,1,,0.0,0,,,,,,,,,,
4,65,0,locus,0.413,1,1.8636,-0.0537,1.4433,-0.5531,2.0864,0.0655,1.9234,-0.1009,2.2658,0.413
4,68,0,FlexFL,0.3824,1,-0.2343,0.3824,-0.2682,0.2356,-1.7884,-1.3091,-0.4748,0.001,-0.2805,0.1873
4,70,0,locus,0.2634,0,1.6748,0.1274,1.4902,-0.1362,1.866,0.2151,1.7901,0.1356,1.896,0.2634
4,11,0,buglocator,0.4547,1,1.7071,-0.4161,2.1843,-0.0179,2.2585,0.0318,2.4717,0.4547,1.9121,-0.3261
4,17,0,boostnsift,0.4986,0,-4.2658,-0.2167,-3.9542,0.0159,-3.7006,0.4986,-4.5431,-0.601,-4.9171,-0.983
4,3,0,buglocator,0.4827,0,1.678,-0.5859,2.1842,-0.1587,2.3711,0.0038,2.6124,0.4827,1.9049,-0.474
4,60,0,BRaIn,0.344,1,1.5023,0.206,1.6447,0.344,1.5702,0.1705,1.4437,0.0405,1.3761,-0.0351
4,45,0,FlexFL,0.8202,1,2.3284,0.8202,-0.1508,-2.2097,-1.5609,-3.6444,-2.2291,-4.3161,1.8568,-0.2382
4,22,0,locus,0.5663,0,1.9408,-0.1376,1.7539,-0.4035,2.0941,-0.0878,1.0456,-1.1398,2.4269,0.5663
4,14,0,FlexFL,0.3152,0,1.0474,0.3152,1.0363,0.225,0.2927,-0.543,1.0807,0.2748,1.0364,0.1891
4,75,0,boostnsift,0.5283,1,1.738,0.0641,1.5372,-0.2156,2.0223,0.5283,1.6438,-0.137,1.7391,-0.0498
4,15,0,FlexFL,0.3174,1,1.4895,0.3174,1.4698,0.2188,1.2579,-0.0177,1.3457,0.0666,1.5206,0.2646
4,38,1,,0.0,0,,,,,,,,,,
4,9,0,locus,0.3052,1,1.6265,0.2531,1.5256,0.0731,1.6502,0.1733,1.3742,-0.1063,1.722,0.3052
4,77,0,locus,0.5827,1,1.4055,-0.2285,0.7625,-0.9504,1.6333,-0.1042,1.3896,-0.3514,1.9825,0.5827
4,16,0,locus,0.4421,0,1.8984,-0.5935,1.8413,-0.7295,2.1707,-0.4247,2.6317,0.0329,2.8404,0.4421
4,53,1,,0.0,0,,,,,,,,,,
4,85,0,boostnsift,0.3294,1,1.3712,0.2641,1.3452,0.1591,1.4556,0.3294,1.1344,-0.0797,1.1019,-0.1202
4,8,0,boostnsift,0.4006,1,1.7959,-0.0665,1.7881,-0.1533,2.2109,0.4006,1.8263,-0.1432,2.0554,0.0779
4,3,0,boostnsift,0.5512,1,0.398,-0.2402,0.337,-0.3803,0.9868,0.5512,0.6805,-0.0647,0.4111,-0.3422
4,49,0,boostnsift,0.6324,1,1.8767,-0.1017,1.8305,-0.2269,2.3269,0.6324,1.8249,-0.2605,1.9396,-0.1539
4,75,0,boostnsift,0.6425,0,1.7406,-0.1804,1.872,-0.128,2.2695,0.6425,1.4362,-0.5918,1.5135,-0.5225
4,61,0,boostnsift,0.5723,0,1.446,-0.1622,1.6294,-0.0578,1.9567,0.5723,1.3257,-0.3895,1.2401,-0.4832
4,39,0,locus,0.3693,1,1.8834,0.073,1.7382,-0.1512,2.0231,0.1092,1.9817,0.0643,2.1589,0.3693
4,21,1,,0.0,0,,,,,,,,,,
4,118,1,,0.0,0,,,,,,,,,,
4,48,0,boostnsift,0.7253,0,1.782,-0.2227,1.5885,-0.4952,2.3532,0.7253,1.8728,-0.2388,1.802,-0.3177
4,2,0,boostnsift,0.6342,1,1.0068,-0.2806,1.2467,-0.1197,1.6359,0.6342,0.9765,-0.4179,0.8974,-0.505
4,61,0,boostnsift,0.6958,0,-3.9078,-0.5774,-3.4327,-0.1813,-2.9819,0.6958,-4.1338,-0.9103,-4.562,-1.3466
4,13,0,locus,0.5372,0,1.7308,-0.3448,1.7797,-0.3749,1.7504,-0.4287,2.1204,-0.0622,2.4241,0.5372
4,74,1,,0.0,0,,,,,,,,,,
4,127,0,boostnsift,0.3752,0,-4.3797,-0.103,-4.0583,0.1393,-3.9282,0.3752,-4.6088,-0.4391,-4.9794,-0.8177
4,63,0,boostnsift,0.6933,1,1.4805,-0.2808,1.6614,-0.1788,2.1098,0.6933,1.6033,-0.265,1.5553,-0.321
4,6,0,locus,0.3953,1,1.3201,0.1867,1.2389,0.0265,0.722,-0.5149,1.2575,0.0171,1.4819,0.3953
4,100,0,boostnsift,0.5358,1,1.3096,-0.0608,1.4281,-0.0213,1.7189,0.5358,1.1119,-0.3655,1.2744,-0.211
4,2,0,buglocator,0.3471,0,1.6727,0.0471,1.7469,0.0422,1.7852,0.056,1.9742,0.3471,1.8686,0.1279
4,137,1,,0.0,0,,,,,,,,,,
4,2,0,locus,0.4227,0,-0.0452,-0.0774,-0.5411,-0.6523,-0.3007,-0.4364,0.1915,0.0523,0.3807,0.4227
4,7,0,BRaIn,0.5069,1,0.792,0.1111,1.0294,0.5069,0.7896,0.0052,0.4754,-0.3125,0.7822,-0.0137
4,62,0,locus,1.6016,1,3.4086,-1.0196,0.8475,-3.6596,0.976,-3.5557,1.1274,-3.4077,4.7767,1.6016
4,105,0,BRaIn,0.4306,0,0.8153,-0.0008,1.1646,0.4306,1.0035,0.0839,0.6427,-0.2804,0.5744,-0.3567
4,107,0,buglocator,0.4414,0,0.5238,-0.2622,0.5318,-0.3331,0.1962,-0.6933,1.1345,0.4414,0.9346,0.0336
4,28,0,locus,0.3507,1,1.7597,-0.1077,1.9868,0.0404,2.0987,0.1278,1.9457,-0.0287,2.2159,0.3507
4,61,0,locus,0.5927,1,0.1598,-0.4475,0.1817,-0.5046,-1.6353,-2.346,0.5966,-0.1177,0.9558,0.5927
4,9,0,locus,0.324,1,1.85,-0.5745,1.7227,-0.7809,2.279,-0.249,2.6826,0.151,2.773,0.324
4,99,1,,0.0,0,,,,,,,,,,
4,59,0,boostnsift,0.8841,0,1.4553,-0.5045,1.5706,-0.4682,2.3083,0.8841,1.6278,-0.439,1.6691,-0.4056
4,71,0,boostnsift,0.5334,0,0.1117,-0.3116,0.3538,-0.1485,0.7718,0.5334,0.4834,-0.0469,0.1911,-0.3472
4,25,0,boostnsift,0.3072,1,1.6955,-0.1175,1.483,-0.4089,2.1615,0.3072,1.8823,-0.0377,2.0993,0.1713
4,5,0,FlexFL,0.458,1,0.4946,0.458,0.3851,0.16,-0.557,-0.8065,0.0581,-0.1949,0.3055,0.0445
4,40,0,boostnsift,0.7498,1,1.2517,-0.6077,1.4421,-0.4963,2.2078,0.7498,1.703,-0.2633,1.4216,-0.5527
4,35,0,locus,0.557,1,1.7907,-0.0658,1.2355,-0.7,1.8815,-0.0785,1.3604,-0.6031,2.205,0.557
4,4,0,locus,0.8114,1,1.8183,-0.4912,1.5654,-0.8231,1.5413,-0.8717,2.0801,-0.3364,2.658,0.8114
4,110,1,,0.0,0,,,,,,,,,,
4,6,0,locus,0.3573,0,2.1471,0.0651,2.0139,-0.1472,2.3067,0.1212,2.0245,-0.1646,2.4306,0.3573
4,31,0,locus,0.2938,0,1.3199,-0.0397,1.5799,0.1413,1.6144,0.1513,1.6479,0.1812,1.7082,0.2938
4,45,0,boostnsift,0.4606,1,1.9464,0.1329,1.5489,-0.3436,2.162,0.4606,1.6091,-0.3114,1.8808,-0.0477
4,5,0,locus,0.7292,1,1.5013,-0.2705,1.3742,-0.4766,0.9095,-0.9658,1.6246,-0.2542,2.1203,0.7292
4,41,0,boostnsift,0.6839,1,1.6902,-0.1274,1.7272,-0.1694,2.1662,0.6839,1.369,-0.5557,1.4317,-0.5009
4,55,0,boostnsift,0.7271,0,1.016,-0.3284,1.2108,-0.2126,1.6929,0.7271,0.9529,-0.4984,1.0167,-0.4427
4,4,0,boostnsift,0.4256,1,0.8853,-0.1699,1.1802,0.046,1.4037,0.4256,0.8525,-0.3097,1.2231,0.0529
4,16,0,BRaIn,1.0159,1,2.0084,-0.3979,2.7548,1.0159,0.4053,-2.1045,1.9477,-0.5656,0.2959,-2.2254
4,26,0,locus,0.4416,1,1.4792,-0.9046,1.3062,-1.1565,1.2782,-1.2091,2.5242,0.0334,2.7323,0.4416
4,57,0,boostnsift,0.2854,1,1.6981,0.1888,1.6419,0.0536,1.8578,0.2854,1.8108,0.1944,1.8175,0.1931
4,54,1,,0.0,0,,,,,,,,,,
4,107,0,boostnsift,0.4012,1,-4.31,-0.1659,-3.9518,0.1133,-3.7956,0.4012,-4.5439,-0.5067,-4.9169,-0.8878
4,113,0,boostnsift,0.3723,1,-3.0575,0.1556,-2.992,0.1422,-2.8646,0.3723,-3.0073,0.0988,-3.8741,-0.776
4,40,1,,0.0,0,,,,,,,,,,
4,33,0,locus,0.3851,0,1.56,-0.25,1.5774,-0.3115,1.6098,-0.3037,2.0069,0.0899,2.1585,0.3851
4,27,0,boostnsift,0.284,1,2.1677,0.1306,1.7342,-0.3819,2.3856,0.284,1.9451,-0.199,2.3466,0.1945
4,7,0,boostnsift,0.6741,0,1.3069,-0.0806,1.239,-0.2274,1.736,0.6741,1.0046,-0.4899,0.7741,-0.7283
4,112,0,boostnsift,0.2979,1,-4.5297,0.0412,-4.2753,0.2166,-4.2224,0.2979,-4.7603,-0.2964,-5.1171,-0.6612
4,42,0,boostnsift,0.5691,1,1.469,-0.178,1.6713,-0.0546,1.9955,0.5691,1.3066,-0.4474,1.2768,-0.4852
4,81,0,BRaIn,0.3702,0,0.879,0.2478,0.9797,0.3702,0.6391,-0.0956,0.556,-0.1822,0.674,-0.0722
4,109,0,BRaIn,0.5332,0,0.7316,0.0848,0.9953,0.5332,0.7141,-0.0362,0.4347,-0.3191,0.5346,-0.2272
4,86,1,,0.0,0,,,,,,,,,,
4,79,1,,0.0,0,,,,,,,,,,
4,12,0,BRaIn,0.2822,1,1.4486,0.1054,1.6916,0.2822,1.6789,0.2323,1.4274,-0.0227,1.4132,-0.0449
4,3,0,boostnsift,0.5163,1,1.2594,-0.115,1.3454,-0.1079,1.7228,0.5163,1.4516,-0.0298,1.0575,-0.4319
4,23,0,locus,0.2757,1,1.821,-0.2623,1.5626,-0.5997,2.1098,-0.077,2.3896,0.1993,2.4318,0.2757
4,37,0,locus,0.2591,1,2.0118,0.1236,1.6302,-0.337,2.2111,0.2194,1.8483,-0.1469,2.2367,0.2591
4,32,0,locus,1.4795,1,2.6908,-0.8975,1.5671,-2.1002,1.7838,-1.908,1.9046,-1.7907,3.9368,1.4795
4,26,0,boostnsift,0.4671,1,1.9447,0.0223,1.9945,-0.007,2.2709,0.4671,1.6795,-0.3499,2.0489,0.0114
4,47,0,boostnsift,0.6851,0,0.6732,-0.3102,0.8918,-0.1706,1.3319,0.6851,0.6888,-0.4016,0.8084,-0.29
4,15,0,buglocator,0.4236,1,1.564,-1.2615,1.7569,-1.1475,2.0001,-0.9288,3.1739,0.4236,2.9918,0.0514
4,22,0,buglocator,0.4113,0,1.9595,-0.3676,1.8538,-0.5523,2.0523,-0.3782,2.6755,0.4113,2.5058,0.0637
4,30,0,locus,0.4654,0,1.8883,-0.0155,1.8869,-0.0959,2.0204,0.0131,1.9732,-0.0376,2.2523,0.4654
4,85,0,boostnsift,0.4216,0,-4.329,-0.1546,-4.0025,0.0929,-3.8259,0.4216,-4.5673,-0.4999,-4.9426,-0.8832
4,24,0,locus,0.5679,1,0.8338,-0.7714,0.8353,-0.8489,0.0373,-1.6714,1.6193,-0.0929,1.9537,0.5679
4,52,1,,0.0,0,,,,,,,,,,
4,101,1,,0.0,0,,,,,,,,,,
4,39,0,BRaIn,0.3641,0,0.348,0.1283,0.5682,0.3641,0.1207,-0.2026,0.4737,0.1469,0.4474,0.1127
4,9,0,locus,1.0817,1,2.1795,-0.9591,1.8966,-1.321,2.6389,-0.6032,2.1906,-1.0549,3.4871,1.0817
4,53,1,,0.0,0,,,,,,,,,,
4,47,0,boostnsift,0.3491,0,-3.0974,0.1934,-3.05,0.1617,-2.9422,0.3491,-3.0463,0.1374,-3.9101,-0.7344
4,40,0,locus,0.4578,1,1.8325,-0.1972,1.5616,-0.5471,1.9328,-0.2005,2.1539,0.0172,2.3783,0.4578
4,90,1,,0.0,0,,,,,,,,,,
4,25,0,locus,0.7869,1,1.8314,-0.2049,1.8047,-0.3106,1.1596,-0.9802,1.5365,-0.6069,2.3848,0.7869
4,93,0,boostnsift,0.4195,1,1.5285,0.0821,1.6205,0.095,1.795,0.4195,1.2984,-0.255,1.3184,-0.2431
4,16,0,buglocator,0.3485,1,1.5922,0.1509,1.6828,0.1625,1.4917,-0.0531,1.7898,0.3485,1.588,0.0317
4,1,0,BRaIn,0.4105,0,0.93,0.099,1.1795,0.4105,0.8903,-0.0442,0.7507,-0.1873,1.0385,0.0925
4,21,0,BRaIn,0.4725,0,1.582,0.1455,1.785,0.4725,1.3218,-0.2183,1.291,-0.2526,1.4245,-0.127
4,36,1,,0.0,0,,,,,,,,,,
4,5,0,boostnsift,0.5392,1,1.7145,0.0097,1.718,-0.0658,2.0533,0.5392,1.724,-0.0878,1.7591,-0.0607
4,23,0,boostnsift,0.7527,1,1.9504,-0.1592,1.9064,-0.2822,2.4581,0.7527,1.9303,-0.2864,1.8671,-0.3575
4,42,0,locus,1.5674,1,2.3922,-1.0117,1.596,-1.8868,2.3192,-1.1881,2.4184,-1.0924,3.7523,1.5674
4,84,0,locus,0.354,0,1.5942,-0.1412,1.522,-0.2925,1.483,-0.356,1.9634,0.121,2.0839,0.354
4,173,0,boostnsift,0.32,1,-4.4452,-0.0321,-4.1396,0.1945,-4.0646,0.32,-4.683,-0.3769,-5.0404,-0.7423
4,34,1,,0.0,0,,,,,,,,,,
4,12,0,BRaIn,0.656,1,0.4404,-0.038,0.8268,0.656,0.3043,-0.2775,-0.1376,-0.723,-0.2923,-0.8857
4,10,0,locus,0.4429,0,0.2907,-0.1925,0.6224,0.0601,0.292,-0.2947,0.5239,-0.0664,0.8318,0.4429
4,88,0,BRaIn,0.3328,0,0.4878,0.2392,0.5971,0.3328,0.5339,0.1817,0.1699,-0.1857,0.0733,-0.2903
4,26,0,BRaIn,0.2952,1,1.5789,0.2569,1.6705,0.2952,1.4034,-0.0221,1.377,-0.052,1.6448,0.2078
4,35,0,boostnsift,0.5013,1,-4.3156,-0.1745,-4.0488,0.0132,-3.7926,0.5013,-4.6006,-0.5665,-4.9725,-0.9465
4,85,0,locus,0.4543,0,0.8078,-0.2205,0.7936,-0.3136,-0.2663,-1.3981,1.1559,0.0207,1.3768,0.4543
4,4,1,,0.0,0,,,,,,,,,,
4,22,1,,0.0,0,,,,,,,,,,
4,35,1,,0.0,0,,,,,,,,,,
4,6,0,locus,0.6627,0,1.8856,-0.0807,1.4817,-0.5636,1.678,-0.3918,1.6974,-0.3758,2.3147,0.6627
4,20,0,boostnsift,0.9132,1,1.4502,-0.499,1.492,-0.5362,2.2977,0.9132,1.6295,-0.4267,1.5575,-0.5067
4,164,1,,0.0,0,,,,,,,,,,
4,24,0,boostnsift,0.4185,1,2.18,0.175,1.6971,-0.3868,2.3535,0.4185,1.6578,-0.4541,2.0273,-0.0927
4,11,0,buglocator,0.521,1,-0.2119,-0.1663,0.0233,-0.01,-1.3146,-1.3724,0.3028,0.521,-0.0895,-0.1588
4,75,0,boostnsift,0.3286,0,1.3404,-0.0556,1.6608,0.1859,1.7445,0.3286,1.0578,-0.4452,0.8838,-0.6271
4,10,0,BRaIn,0.4958,1,0.4079,0.1222,0.6342,0.4958,-0.2883,-0.6775,0.3045,-0.0882,0.2331,-0.1676
4,159,0,boostnsift,0.5642,0,-4.1196,-0.3664,-3.7239,-0.0497,-3.4047,0.5642,-4.3522,-0.706,-4.7549,-1.1167
4,79,0,locus,0.5285,0,1.2864,-0.1308,1.2633,-0.233,0.512,-1.0088,1.4707,-0.0535,1.7658,0.5285
4,22,1,,0.0,0,,,,,,,,,,
4,36,1,,0.0,0,,,,,,,,,,
4,2,0,buglocator,0.3388,1,1.8057,-0.7195,1.646,-0.9582,2.179,-0.4497,2.8737,0.3388,2.7764,0.1362
4,7,0,buglocator,0.3089,1,1.7052,-0.5515,1.842,-0.4936,2.0986,-0.2616,2.6052,0.3089,2.5378,0.1661
4,82,0,locus,0.4891,0,2.0825,-0.067,2.2424,0.0139,1.9367,-0.3163,2.1347,-0.1218,2.498,0.4891
4,55,0,FlexFL,0.431,1,1.8695,0.431,1.787,0.187,1.686,0.0615,1.2678,-0.3602,1.6303,-0.0057
4,149,0,boostnsift,0.7404,0,-2.5481,-0.3612,-2.3338,-0.2259,-1.8384,0.7404,-2.4987,-0.4189,-3.4302,-1.3584
4,104,0,locus,0.4386,1,2.1961,-0.0634,1.7441,-0.5944,2.4029,0.0399,2.0261,-0.3404,2.608,0.4386
4,3,0,boostnsift,0.4955,1,1.7509,-0.2718,1.687,-0.4147,2.3712,0.4955,2.1208,-0.009,1.9511,-0.1866
4,175,1,,0.0,0,,,,,,,,,,
4,58,0,BRaIn,0.3431,1,0.0776,0.0301,0.396,0.3431,0.0401,-0.1108,0.1817,0.0273,0.3223,0.1599
4,3,0,boostnsift,0.604,0,1.0164,-0.2872,1.2931,-0.0895,1.6521,0.604,0.9341,-0.4765,0.8949,-0.5238
4,68,0,buglocator,0.5219,0,1.241,-0.6101,1.4405,-0.4897,1.4905,-0.4641,2.1996,0.5219,1.9193,-0.0469
4,45,0,boostnsift,0.2635,1,1.7143,0.1463,1.5261,-0.1209,1.9165,0.2635,1.898,0.223,1.7431,0.0601
4,83,0,boostnsift,0.4474,1,1.8718,-0.1114,2.1293,0.0671,2.3317,0.4474,1.8651,-0.225,2.0317,-0.0665
4,97,0,locus,0.3302,1,1.943,0.1498,1.5939,-0.2782,2.045,0.1483,1.7375,-0.1627,2.1417,0.3302
4,24,1,,0.0,0,,,,,,,,,,
4,25,1,,0.0,0,,,,,,,,,,
4,27,1,,0.0,0,,,,,,,,,,
4,19,1,,0.0,0,,,,,,,,,,
4,36,0,boostnsift,0.5143,1,1.9545,-0.0631,1.7051,-0.3914,2.3661,0.5143,1.9365,-0.1881,2.0968,-0.0358
4,162,0,boostnsift,0.3622,0,-4.4193,-0.0637,-4.1244,0.1523,-4.0072,0.3622,-4.6609,-0.4122,-5.0245,-0.7838
4,37,0,locus,0.3573,0,1.7823,-0.1626,1.9229,-0.1009,1.8569,-0.1914,2.1695,0.1177,2.2933,0.3573
4,99,0,locus,0.3727,0,1.0336,0.1034,1.1394,0.1303,1.097,0.0633,0.9768,-0.0603,1.2786,0.3727
4,73,0,BRaIn,0.3123,1,1.0375,0.033,1.353,0.3123,1.3102,0.2022,0.6641,-0.4474,0.5628,-0.5567
4,98,0,locus,0.3009,1,-1.1549,-0.1691,-1.226,-0.3192,-3.0195,-2.1372,-0.7047,0.1741,-0.6373,0.3009
4,7,1,,0.0,0,,,,,,,,,,
4,163,1,,0.0,0,,,,,,,,,,
4,43,0,FlexFL,0.3347,1,1.6476,0.3347,1.6614,0.2833,1.5676,0.1512,1.4864,0.0666,1.5486,0.1208
4,4,0,locus,0.3893,1,1.9419,0.1927,1.5078,-0.3204,1.88,0.0273,1.7598,-0.0964,2.0977,0.3893
4,32,1,,0.0,0,,,,,,,,,,
5,9,0,boostnsift,0.7213,1,1.7845,-0.1873,1.5634,-0.4874,2.3203,0.7213,1.7114,-0.3674,1.844,-0.2428
5,72,0,buglocator,0.272,1,1.5429,-0.8263,1.3946,-1.0536,2.2917,-0.181,2.7177,0.272,2.6872,0.203
5,12,0,boostnsift,0.9307,1,1.8212,-0.3463,1.8303,-0.4162,2.516,0.9307,1.7629,-0.5116,1.7028,-0.5797
5,19,0,locus,0.6502,1,1.3716,-0.5603,1.5286,-0.4823,1.8637,-0.1717,1.3065,-0.7324,2.2804,0.6502
5,95,0,locus,0.3044,1,0.3265,0.0917,0.5124,0.1986,0.4429,0.1046,0.337,-0.0048,0.5833,0.3044
5,57,0,BRaIn,0.324,1,0.32,0.2705,0.3981,0.324,0.2718,0.1187,0.1551,-0.0014,0.3436,0.179
5,26,0,BRaIn,0.5003,0,0.7564,0.1177,0.9873,0.5003,0.7435,0.0012,0.3411,-0.4046,0.5363,-0.2174
5,13,0,buglocator,0.2618,1,1.3818,-0.0978,1.5281,-0.0305,1.4171,-0.166,1.8281,0.2618,1.8078,0.2132
5,14,1,,0.0,0,,,,,,,,,,
5,98,0,locus,0.3473,1,1.8801,-0.4919,1.7376,-0.7133,2.6067,0.1312,2.4654,-0.0136,2.7205,0.3473
5,15,0,buglocator,0.264,0,1.3836,-0.3262,1.5453,-0.2435,1.5572,-0.2561,2.0583,0.264,2.0358,0.211
5,15,0,boostnsift,0.9152,0,0.9923,-0.747,1.4176,-0.4007,2.0878,0.9152,1.0954,-0.751,1.1209,-0.7335
5,59,0,locus,0.9592,0,3.1307,-0.3772,1.879,-1.7079,2.9157,-0.6956,1.763,-1.8518,3.8564,0.9592
5,71,0,locus,0.2799,0,1.5346,-0.0764,1.8534,0.1634,1.7382,0.0237,1.913,0.1951,1.9595,0.2799
5,38,0,buglocator,0.728,1,1.0994,-1.168,1.3956,-0.9509,2.0702,-0.3007,2.6159,0.728,2.1295,-0.253
5,55,0,boostnsift,0.9006,0,0.6488,-0.7465,1.0883,-0.3861,1.7439,0.9006,0.7163,-0.7861,0.8882,-0.6222
5,19,0,BRaIn,0.3487,1,0.3885,0.2693,0.4676,0.3487,-0.1895,-0.4122,0.0569,-0.1693,0.1033,-0.1309
5,97,0,BRaIn,0.4559,0,0.8717,0.0456,1.1746,0.4559,0.9882,0.0586,0.4896,-0.4435,0.4657,-0.4754
5,64,0,locus,0.3572,1,1.2465,-0.5413,1.5133,-0.3535,1.8473,-0.044,2.0126,0.1178,2.1363,0.3572
5,38,0,locus,0.3191,0,1.3494,-0.2309,1.8432,0.1839,1.7519,0.0681,1.7226,0.0353,1.9288,0.3191
5,14,0,boostnsift,0.5087,0,1.2114,-0.3859,1.6821,0.0058,1.9458,0.5087,0.8318,-0.8725,0.9515,-0.7608
5,28,0,locus,0.4425,0,1.0425,0.0178,1.1632,0.0595,1.1642,0.036,1.1387,0.007,1.3732,0.4425
5,7,0,locus,0.5592,0,1.3533,-0.7603,1.351,-0.8416,1.343,-0.874,2.1363,-0.0842,2.462,0.5592
5,10,0,locus,0.4398,1,0.298,0.0438,0.3157,-0.0175,0.3964,0.0387,0.3008,-0.0604,0.6027,0.4398
5,28,0,boostnsift,0.3128,0,1.6796,-0.1996,1.7469,-0.2114,2.2277,0.3128,2.1599,0.1737,2.1432,0.149
5,86,0,BRaIn,0.3499,0,0.7557,-0.2553,1.3595,0.3499,1.2791,0.1646,0.205,-0.913,0.4834,-0.6426
5,141,0,BRaIn,0.3197,0,-3.2469,-0.0559,-2.8425,0.3197,-2.8928,0.1948,-3.8678,-0.7838,-4.4941,-1.418
5,29,0,buglocator,0.3531,1,0.5915,-0.1062,0.7143,-0.0625,0.202,-0.5992,1.0462,0.3531,0.9346,0.1219
5,61,0,buglocator,0.3757,1,1.4946,0.0454,1.3952,-0.133,1.6635,0.1108,1.7977,0.3757,1.3689,-0.1953
5,39,0,boostnsift,0.3106,1,0.4989,0.1763,0.6055,0.2039,0.6712,0.3106,0.3801,-0.0496,0.536,0.0984
5,11,0,locus,0.294,1,-0.4929,-0.1087,-0.4024,-0.0972,-0.0961,0.1845,-0.1288,0.1484,-0.0356,0.294
5,11,0,buglocator,0.2521,0,1.1519,-0.1909,1.4535,0.0317,1.596,0.1498,1.6912,0.2521,1.6807,0.2229
5,157,1,,0.0,0,,,,,,,,,,
5,8,0,BRaIn,0.577,0,-0.3427,0.0368,-0.031,0.577,-0.8235,-0.5474,-0.3385,-0.066,-0.4497,-0.1851
5,84,0,boostnsift,0.8254,0,0.8589,-0.6612,1.2882,-0.3109,1.8686,0.8254,0.8421,-0.785,0.9896,-0.6455
5,23,0,boostnsift,0.9586,0,0.7529,-0.7611,1.1489,-0.4441,1.8625,0.9586,0.7798,-0.8412,0.6341,-0.9948
5,17,0,locus,0.3391,1,1.7168,-0.6185,1.6972,-0.717,2.2975,-0.1413,2.5781,0.1359,2.6838,0.3391
5,11,1,,0.0,0,,,,,,,,,,
5,76,1,,0.0,0,,,,,,,,,,
5,76,1,,0.0,0,,,,,,,,,,
5,119,0,BRaIn,0.4301,0,-3.6916,0.1879,-3.5309,0.4301,-3.9883,-0.2123,-4.4049,-0.6324,-4.9574,-1.1929
5,35,0,boostnsift,0.8102,1,0.5572,-0.654,0.9945,-0.2957,1.5597,0.8102,0.7821,-0.5361,0.8684,-0.4578
5,5,0,boostnsift,0.4849,1,2.2049,-0.5703,2.0927,-0.7615,3.1237,0.4849,2.3133,-0.5689,2.8838,-0.0064
5,130,0,BRaIn,0.4414,0,-3.6246,0.1766,-3.4526,0.4414,-3.8157,-0.1181,-4.3315,-0.6374,-4.9,-1.2139
5,11,0,locus,0.4449,0,1.5912,-0.3261,1.732,-0.2644,1.903,-0.1178,2.0545,0.0301,2.2659,0.4449
5,101,0,boostnsift,0.8411,1,1.4789,-0.4646,1.6959,-0.3266,2.292,0.8411,1.1312,-0.9193,1.3114,-0.7471
5,126,1,,0.0,0,,,,,,,,,,
5,49,0,BRaIn,0.4703,0,-3.5915,0.1477,-3.3907,0.4703,-3.7387,-0.103,-4.292,-0.6598,-4.8617,-1.2375
5,36,0,boostnsift,0.818,1,0.8512,-0.458,1.0847,-0.3035,1.6577,0.818,0.6644,-0.7518,0.7275,-0.6967
5,23,0,boostnsift,0.3769,0,-0.518,0.0864,-0.3877,0.1376,-0.2559,0.3769,-0.652,-0.1546,-0.9847,-0.4953
5,37,0,locus,0.7653,0,-1.6698,-0.1833,-2.6187,-1.2112,-4.9519,-3.5689,-1.7671,-0.3876,-1.138,0.7653
5,48,0,FlexFL,0.7222,1,-2.9409,0.7222,-3.3147,-0.1042,-3.6911,-0.5052,-3.4358,-0.2533,-4.2859,-1.1114
5,133,1,,0.0,0,,,,,,,,,,
5,60,0,BRaIn,0.4036,0,-3.6563,0.2144,-3.5221,0.4036,-3.8894,-0.1223,-4.3803,-0.6166,-4.9447,-1.189
5,16,0,locus,0.3075,0,1.405,-0.3201,1.6272,-0.1769,1.9927,0.1642,1.9996,0.1675,2.0735,0.3075
5,1,0,boostnsift,0.3856,1,0.892,0.0928,1.0071,0.1289,1.1477,0.3856,0.5122,-0.394,0.6209,-0.2934
5,12,1,,0.0,0,,,,,,,,,,
5,5,0,boostnsift,0.4379,0,1.216,-0.0933,1.4445,0.0562,1.6578,0.4379,1.2393,-0.177,1.4649,0.0406
5,73,0,boostnsift,0.4528,0,1.1599,-0.1827,1.4834,0.0617,1.6912,0.4528,0.7889,-0.6608,1.0355,-0.4222
5,12,0,locus,0.8558,0,0.1002,-1.7978,-0.4175,-2.3945,-2.3557,-4.3571,1.6241,-0.3808,2.2464,0.8558
5,58,1,,0.0,0,,,,,,,,,,
5,8,0,boostnsift,0.6712,0,1.5603,-0.4511,1.9337,-0.1567,2.3599,0.6712,1.7206,-0.3978,1.7371,-0.3893
5,65,1,,0.0,0,,,,,,,,,,
5,111,0,boostnsift,0.5339,0,0.9253,-0.4305,1.4154,-0.0194,1.7043,0.5339,0.7722,-0.6906,0.9978,-0.473
5,15,0,locus,0.3842,0,1.2022,0.0984,1.2158,0.0329,0.8544,-0.353,1.3016,0.0908,1.4523,0.3842
5,9,0,boostnsift,0.3922,0,1.5628,-0.1231,1.2562,-0.5087,2.0343,0.3922,1.3352,-0.4577,1.8871,0.0863
5,70,0,boostnsift,0.329,1,0.8504,0.1695,0.9454,0.1855,1.0294,0.329,0.5016,-0.2863,0.7283,-0.0676
5,39,0,locus,0.4064,0,1.475,0.1756,0.9566,-0.4218,1.2528,-0.1501,1.0099,-0.3965,1.6479,0.4064
5,60,0,buglocator,0.2967,1,1.5864,-0.5112,1.7105,-0.4661,2.3909,0.1898,2.446,0.2967,2.0111,-0.2015
5,67,0,FlexFL,0.5453,0,-2.6739,0.5453,-2.8708,0.0727,-3.0409,-0.122,-3.1003,-0.1849,-3.9913,-1.0838
5,18,0,boostnsift,0.5973,1,0.5601,-0.3667,0.923,-0.0828,1.2753,0.5973,0.2206,-0.8131,0.1703,-0.8715
5,31,0,boostnsift,0.8426,0,0.9215,-0.6012,1.2735,-0.3281,1.8711,0.8426,0.8868,-0.7428,0.7189,-0.9187
5,19,0,boostnsift,0.8111,0,0.6329,-0.5675,0.9828,-0.2966,1.5489,0.8111,0.6542,-0.6532,0.5392,-0.7762
5,72,1,,0.0,0,,,,,,,,,,
5,29,0,boostnsift,0.3161,1,1.4535,-0.1149,1.8458,0.1984,1.9169,0.3161,1.4025,-0.2729,1.4978,-0.1856
5,38,0,boostnsift,0.3852,1,1.8298,-0.917,2.0509,-0.7749,3.0953,0.3852,2.7714,-0.0824,2.9551,0.0933
5,8,0,boostnsift,0.3188,1,0.9141,-0.2257,0.8919,-0.3269,1.4883,0.3188,1.0683,-0.1785,1.4145,0.1597
5,106,0,BRaIn,0.4076,0,1.0867,-0.2726,1.7078,0.4076,1.5697,0.1069,1.1454,-0.3209,0.6453,-0.8291
5,54,0,BRaIn,0.3785,1,0.5923,0.0628,0.8779,0.3785,0.7689,0.136,0.3021,-0.3344,0.5716,-0.0728
5,18,0,boostnsift,0.4431,0,1.5647,-0.1686,1.8837,0.0714,2.0818,0.4431,1.607,-0.2334,1.6421,-0.2062
5,57,1,,0.0,0,,,,,,,,,,
5,44,0,boostnsift,0.2958,1,1.5134,-0.4478,1.5634,-0.4768,2.3097,0.2958,2.2589,0.1907,1.9436,-0.1326
5,28,0,buglocator,0.3447,1,0.7372,0.151,0.6782,0.013,0.2534,-0.4362,0.9347,0.3447,0.8315,0.1303
5,5,0,boostnsift,1.3359,1,1.828,-0.7424,1.6576,-0.9918,2.9189,1.3359,1.8163,-0.8611,1.7292,-0.9562
5,7,0,locus,0.4831,0,1.5571,-1.0236,1.6647,-0.995,2.3455,-0.3386,2.6796,-0.0081,2.9292,0.4831
5,25,0,buglocator,0.3885,1,1.0556,-0.2323,1.2167,-0.1502,1.4894,0.098,1.6364,0.3885,1.2542,-0.1487
5,105,1,,0.0,0,,,,,,,,,,
5,111,1,,0.0,0,,,,,,,,,,
5,9,0,boostnsift,0.9545,1,1.2383,-0.7545,1.412,-0.6597,2.3412,0.9545,1.6317,-0.468,1.5968,-0.5109
5,97,0,FlexFL,0.4963,1,-4.21,0.4963,-4.3579,0.1217,-5.2593,-0.8043,-5.0405,-0.589,-5.5103,-1.0668
5,47,0,buglocator,0.3914,1,1.6322,-0.4647,1.6777,-0.4982,2.2955,0.0951,2.4454,0.3914,2.2935,0.0816
5,17,0,BRaIn,0.3324,1,0.3742,0.2856,0.4372,0.3324,-0.3182,-0.5104,-0.0019,-0.1975,0.0867,-0.117
5,16,0,boostnsift,0.5328,0,0.9548,-0.4736,1.489,-0.0183,1.7768,0.5328,0.8369,-0.6984,0.7946,-0.7488
5,26,1,,0.0,0,,,,,,,,,,
5,69,0,BRaIn,0.4454,0,-3.385,0.0196,-3.0562,0.4454,-3.2321,0.0691,-4.0317,-0.7341,-4.6368,-1.3472
5,32,0,buglocator,0.286,0,1.5847,-0.7126,1.6925,-0.6838,2.3472,-0.0536,2.6458,0.286,2.6014,0.189
5,106,1,,0.0,0,,,,,,,,,,
5,23,0,locus,1.1748,1,1.752,-0.5928,1.4284,-0.9954,1.0341,-1.4142,1.6421,-0.8097,2.6934,1.1748
5,27,0,BRaIn,0.4711,0,1.1757,-0.058,1.5822,0.4711,0.8471,-0.4901,1.3521,0.0113,1.3806,0.0319
5,46,0,boostnsift,0.4865,0,1.2418,-0.3919,1.7406,0.028,1.9821,0.4865,0.8781,-0.8625,0.9421,-0.8066
5,92,1,,0.0,0,,,,,,,,,,
5,56,0,boostnsift,0.5393,1,1.6721,-0.3109,1.6118,-0.4502,2.3314,0.5393,2.0372,-0.0528,1.7554,-0.3425
5,36,0,boostnsift,0.3597,1,1.5057,0.1982,1.2097,-0.1768,1.6561,0.3597,0.9179,-0.4967,1.5413,0.1188
5,22,0,buglocator,0.3185,0,1.4312,-0.4237,1.6529,-0.2809,2.1263,0.168,2.2033,0.3185,2.0079,0.038
5,42,0,locus,0.4635,0,1.6205,0.1185,1.2228,-0.3582,1.5802,-0.0253,1.281,-0.328,1.8505,0.4635
5,45,1,,0.0,0,,,,,,,,,,
5,116,0,FlexFL,0.6032,1,-2.8179,0.6032,-3.0726,0.0148,-3.3968,-0.3339,-3.2538,-0.1944,-4.1256,-1.0742
5,50,1,,0.0,0,,,,,,,,,,
5,57,0,locus,0.3964,1,1.7986,-0.2446,1.6133,-0.5089,2.2288,0.0821,2.0857,-0.0644,2.3917,0.3964
5,90,0,buglocator,0.6356,1,0.9076,-1.3113,0.8084,-1.4895,0.4322,-1.8902,2.5674,0.6356,2.1733,-0.1606
5,10,0,FlexFL,0.4344,1,0.9219,0.4344,0.836,0.1836,0.6776,0.0007,0.4468,-0.2336,0.7475,0.0591
5,5,0,boostnsift,0.537,0,1.2783,-0.2819,1.5854,-0.0539,1.9088,0.537,1.4827,-0.1846,1.6167,-0.0585
5,92,0,boostnsift,0.8614,0,0.6868,-0.4388,0.5698,-0.6347,1.4741,0.8614,0.8576,-0.3749,0.7417,-0.4988
5,1,0,buglocator,0.6531,0,1.1633,-0.4633,1.0681,-0.6374,1.5634,-0.1666,1.975,0.6531,1.5485,-0.193
5,91,0,boostnsift,0.427,0,-2.2703,0.1219,-2.2257,0.0875,-2.0437,0.427,-2.5822,-0.297,-3.5514,-1.2742
5,21,0,buglocator,0.3704,1,1.0226,-1.0451,1.516,-0.6307,0.7083,-1.4629,2.4162,0.3704,2.2873,0.1046
5,38,0,boostnsift,0.9304,1,0.836,-0.8628,1.3618,-0.4159,2.0473,0.9304,0.8776,-0.9282,0.8166,-0.9972
5,114,1,,0.0,0,,,,,,,,,,
5,34,1,,0.0,0,,,,,,,,,,
5,19,0,locus,0.8888,0,1.6001,-0.8083,1.6918,-0.7956,2.0835,-0.4284,2.1016,-0.4138,2.7569,0.8888
5,50,0,boostnsift,0.6921,1,1.0421,-0.5965,1.54,-0.1776,1.9871,0.6921,0.7508,-0.9948,0.9412,-0.8124
5,21,0,boostnsift,0.3646,0,1.7518,0.118,1.8626,0.1499,1.9823,0.3646,1.5609,-0.1799,1.8274,0.0786
5,37,0,boostnsift,1.1713,0,1.1351,-1.1868,1.4926,-0.9083,2.6704,1.1713,1.7441,-0.6848,1.6542,-0.7827
5,90,0,boostnsift,0.333,1,1.9789,-0.1969,1.9996,-0.2553,2.5243,0.333,2.0043,-0.2786,2.4363,0.1455
5,47,0,locus,0.3044,1,1.9199,-0.6058,1.9266,-0.6781,2.8033,0.1741,2.5344,-0.0984,2.8742,0.3044
5,2,1,,0.0,0,,,,,,,,,,
5,33,0,locus,0.3687,1,1.6978,-0.1875,1.6532,-0.3111,2.0986,0.1098,2.0883,0.0959,2.2338,0.3687
5,172,1,,0.0,0,,,,,,,,,,
5,91,0,boostnsift,0.3222,1,1.65,0.1567,1.7646,0.1923,1.8418,0.3222,1.291,-0.3094,1.619,0.0107
5,1,0,boostnsift,0.3036,1,1.5985,-0.5847,1.7232,-0.539,2.5317,0.3036,2.4731,0.1829,2.3111,0.0129
5,22,0,boostnsift,1.0362,1,1.2535,-0.7856,1.3889,-0.7292,2.3877,1.0362,1.5589,-0.5873,1.5965,-0.5577
5,36,0,boostnsift,0.8165,1,0.6695,-0.5806,1.0271,-0.302,1.5986,0.8165,0.7558,-0.6013,0.7458,-0.6192
5,20,0,locus,0.3451,0,1.3903,-1.5684,1.5389,-1.4988,2.218,-0.8442,3.1956,0.1299,3.3072,0.3451
5,3,0,boostnsift,0.3551,1,1.8837,0.2384,1.6681,-0.0562,1.9938,0.3551,1.6588,-0.0935,1.7896,0.0293
5,37,1,,0.0,0,,,,,,,,,,
5,44,0,buglocator,0.3665,1,1.3779,-0.4715,1.5951,-0.3333,2.0729,0.12,2.1979,0.3665,1.8288,-0.1356
5,101,0,boostnsift,0.3707,1,1.6107,0.2228,1.069,-0.3979,1.7364,0.3707,1.1198,-0.3752,1.3806,-0.1223
5,7,0,boostnsift,0.8892,1,0.7676,-0.7025,1.1745,-0.3747,1.8186,0.8892,0.8958,-0.6813,0.9065,-0.6786
5,74,0,locus,0.5835,1,-0.5664,-0.0015,-0.8079,-0.3221,-1.4043,-0.943,-0.5954,-0.1376,-0.2164,0.5835
5,60,0,boostnsift,0.4301,0,0.4464,-0.3286,0.8734,0.0194,1.1235,0.4301,0.5142,-0.3678,0.9383,0.0484
5,48,0,FlexFL,0.3888,0,0.2162,0.3888,0.1759,0.2292,-0.6903,-0.6615,-0.1723,-0.147,-0.0003,0.0169
5,100,0,locus,0.3552,1,1.7347,-0.5697,1.6875,-0.6959,2.4039,-0.004,2.5312,0.1198,2.6529,0.3552
5,45,0,boostnsift,0.3534,1,1.8112,-0.0465,1.7817,-0.155,2.2062,0.3534,1.8216,-0.1431,2.0979,0.1251
5,18,0,locus,0.3321,1,1.6965,-0.1771,1.6019,-0.3507,2.1235,0.1464,1.9608,-0.0198,2.2221,0.3321
5,171,0,FlexFL,0.9038,0,-3.3198,0.9038,-3.8792,-0.2899,-4.627,-1.0622,-3.8751,-0.3138,-4.6654,-1.1121
5,19,0,buglocator,0.2522,0,1.4844,0.0274,0.9158,-0.6202,1.3327,-0.2278,1.8055,0.2522,1.7947,0.2228
5,165,1,,0.0,0,,,,,,,,,,
5,92,0,BRaIn,0.3992,1,1.249,0.2188,1.3786,0.3992,0.9812,-0.1525,0.9522,-0.185,1.1398,-0.0053
5,35,0,boostnsift,0.7449,0,0.7724,-0.4726,1.0936,-0.2304,1.5935,0.7449,0.8403,-0.5117,0.8586,-0.5014
5,19,0,boostnsift,0.9772,1,0.7928,-0.8005,1.2096,-0.4627,1.9418,0.9772,0.8454,-0.8549,0.8245,-0.8838
5,32,1,,0.0,0,,,,,,,,,,
5,15,0,boostnsift,0.4971,1,0.7481,-0.3737,0.8655,-0.3353,1.4703,0.4971,1.1912,-0.0376,1.2182,-0.0186
5,27,1,,0.0,0,,,,,,,,,,
5,35,0,locus,0.3808,1,1.8902,-0.2146,1.6876,-0.4963,2.306,0.0977,2.2048,-0.007,2.4533,0.3808
5,105,0,boostnsift,0.3309,1,1.6922,-0.3464,2.0486,-0.0689,2.387,0.3309,2.3011,0.1556,2.0973,-0.0562
5,40,0,boostnsift,0.4766,1,1.5352,-0.8013,2.0768,-0.3387,2.685,0.4766,2.4535,0.0099,2.3366,-0.1149
5,18,0,buglocator,0.2909,0,1.7528,-0.2942,1.6919,-0.4341,2.1715,0.021,2.3955,0.2909,2.3462,0.1841
5,81,0,locus,0.4586,1,0.6742,-0.0004,0.6712,-0.0824,-0.4708,-1.2488,0.798,0.0164,1.0231,0.4586
5,42,0,BRaIn,0.271,1,1.618,0.2004,1.766,0.271,1.6633,0.1423,1.4736,-0.0509,1.7645,0.232
5,22,0,FlexFL,0.3284,1,1.5844,0.3284,1.4677,0.1327,1.6045,0.2651,1.0718,-0.2912,1.4976,0.1265
5,25,1,,0.0,0,,,,,,,,,,
5,23,0,locus,0.4178,1,1.5049,-0.1005,1.6572,-0.0272,1.5972,-0.1117,1.7696,0.0572,1.9539,0.4178
5,15,0,boostnsift,0.8698,1,2.0557,-0.6519,2.1332,-0.6533,3.056,0.8698,1.5712,-1.2433,2.4312,-0.3913
5,24,0,FlexFL,0.8856,1,-3.2233,0.8856,-3.7604,-0.2676,-4.3919,-0.9236,-3.8013,-0.3365,-4.5926,-1.1359
5,37,0,boostnsift,0.6188,0,1.7341,-0.3943,1.7925,-0.4148,2.4768,0.6188,1.8625,-0.3728,2.103,-0.1403
5,80,0,locus,0.5987,1,0.6717,-0.496,0.6389,-0.6078,-0.7096,-1.9808,1.151,-0.1237,1.5162,0.5987
5,26,1,,0.0,0,,,,,,,,,,
