target,feature,corr,pval,n,missingness_pct,pval_adj,reject,practically_significant
gap_mrr5_FFL_minus_BNS,summary_chars,-0.12503011103836945,0.001255483992064167,663,0.1784386617100372,0.6804723236987785,False,False
gap_mrr5_FFL_minus_BNS,description_chars,0.04584510314182778,0.23845866117341283,663,0.1784386617100372,1.0,False,False
gap_mrr5_FFL_minus_BNS,n_tokens,0.021101775131259846,0.5875566182945293,663,0.1784386617100372,1.0,False,False
gap_mrr5_FFL_minus_BNS,n_words,-0.019167229014792557,0.622262143263498,663,0.1784386617100372,1.0,False,False
gap_mrr5_FFL_minus_BNS,n_sentences,0.0431933527416656,0.26674225273605673,663,0.1784386617100372,1.0,False,False
gap_mrr5_FFL_minus_BNS,flesch_reading_ease,-0.18071172419513212,3.0835238009709337e-06,658,0.18463444857496902,0.0018562813281845021,True,False
gap_mrr5_FFL_minus_BNS,smog_index,0.01889453178821778,0.6285314098917827,658,0.18463444857496902,1.0,False,False
gap_mrr5_FFL_minus_BNS,gunning_fog,-0.007153045131027126,0.8546882628188337,658,0.18463444857496902,1.0,False,False
gap_mrr5_FFL_minus_BNS,coleman_liau_index,0.192333064742246,6.669977960538621e-07,658,0.18463444857496902,0.00040553466000074816,True,False
gap_mrr5_FFL_minus_BNS,automated_readability_index,0.18003859434933017,3.3596725354212877e-06,658,0.18463444857496902,0.0020158035212527728,True,False
gap_mrr5_FFL_minus_BNS,has_stacktrace,0.032744272723296615,0.3999222889958267,663,0.1784386617100372,1.0,False,False
gap_mrr5_FFL_minus_BNS,has_code,0.009780258266206088,0.8015353358726518,663,0.1784386617100372,1.0,False,False
gap_mrr5_FFL_minus_BNS,has_patch,0.03594280328322013,0.3554676994425138,663,0.1784386617100372,1.0,False,False
gap_mrr5_FFL_minus_BNS,has_enumeration,-0.020740408076960946,0.5939713207965684,663,0.1784386617100372,1.0,False,False
gap_mrr5_FFL_minus_BNS,num_causal_markers,0.011683444554512803,0.7639658069282709,663,0.1784386617100372,1.0,False,False
gap_mrr5_FFL_minus_BNS,num_temporal_markers,-0.033093203404026814,0.3949166237679095,663,0.1784386617100372,1.0,False,False
gap_mrr5_FFL_minus_BNS,causal_density,-0.005061807355778095,0.8964949955660431,663,0.1784386617100372,1.0,False,False
gap_mrr5_FFL_minus_BNS,temporal_density,-0.03447638024075364,0.37544872205491153,663,0.1784386617100372,1.0,False,False
gap_mrr5_FFL_minus_BNS,num_os_mentions,-0.031942429801477636,0.4115686228605564,663,0.1784386617100372,1.0,False,False
gap_mrr5_FFL_minus_BNS,num_browser_mentions,0.03674074645599329,0.3448818222145372,663,0.1784386617100372,1.0,False,False
gap_mrr5_FFL_minus_BNS,num_env_mentions,0.06875405379997186,0.07687941757218913,663,0.1784386617100372,1.0,False,False
gap_mrr5_FFL_minus_BNS,num_versions,0.017292577255479814,0.6567130079162204,663,0.1784386617100372,1.0,False,False
gap_mrr5_FFL_minus_BNS,has_os_info,-0.03279798842009954,0.3991492288105991,663,0.1784386617100372,1.0,False,False
gap_mrr5_FFL_minus_BNS,has_version_info,-0.04126124381529597,0.2887471853499103,663,0.1784386617100372,1.0,False,False
gap_mrr5_FFL_minus_BNS,num_exception_types,0.05094487090211711,0.19014708759475954,663,0.1784386617100372,1.0,False,False
gap_mrr5_FFL_minus_BNS,stacktrace_depth,0.11437150281741473,0.0031874972855127815,663,0.1784386617100372,1.0,False,False
gap_mrr5_FFL_minus_BNS,num_caused_by,0.027285006418490146,0.4830779698997544,663,0.1784386617100372,1.0,False,False
gap_mrr5_FFL_minus_BNS,behavior_verb_count,,,663,0.1784386617100372,,False,False
gap_mrr5_FFL_minus_BNS,behavior_verb_density,,,663,0.1784386617100372,,False,False
gap_mrr5_FFL_minus_BNS,num_modal_verbs,-0.0383402253118904,0.32427355839684546,663,0.1784386617100372,1.0,False,False
gap_mrr5_FFL_minus_BNS,num_negative_modals,-0.028566669756515964,0.46275437643005446,663,0.1784386617100372,1.0,False,False
gap_mrr5_FFL_minus_BNS,modal_density,-0.06879390444831714,0.07670807587323301,663,0.1784386617100372,1.0,False,False
gap_mrr5_FFL_minus_BNS,redundancy,0.01783559778501073,0.6466544154284007,663,0.1784386617100372,1.0,False,False
gap_mrr5_FFL_minus_BNS,ambiguity,-0.055336855056252986,0.15466113957335256,663,0.1784386617100372,1.0,False,False
gap_mrr5_FFL_minus_BNS,actionability,-0.08188894399935565,0.035022028464590675,663,0.1784386617100372,1.0,False,False
gap_mrr5_FFL_minus_BNS,clarity,-0.09927379538422898,0.01053739510493183,663,0.1784386617100372,1.0,False,False
gap_mrr5_FFL_minus_BNS,specificity,-0.046722165411042536,0.22958635241238948,663,0.1784386617100372,1.0,False,False
gap_mrr5_FFL_minus_BNS,expected_observed_alignment,-0.05932383830979623,0.1270152051378778,663,0.1784386617100372,1.0,False,False
gap_mrr5_FFL_minus_BNS,technical_depth,-0.026226540794447282,0.500220238964683,663,0.1784386617100372,1.0,False,False
gap_mrr5_FFL_minus_BNS,hidden_s2r_present,0.010627086275286668,0.784756409969851,663,0.1784386617100372,1.0,False,False
gap_mrr5_FFL_minus_BNS,causal_reasoning_quality,-0.1263118762287351,0.0011168623038526706,663,0.1784386617100372,0.6075730932958529,False,False
gap_mrr5_FFL_minus_BNS,contradiction_present,0.039184464382247396,0.31372557048833466,663,0.1784386617100372,1.0,False,False
gap_mrr5_FFL_minus_BNS,repair_difficulty,0.12419933281661916,0.0013536202240952363,663,0.1784386617100372,0.7309549210114277,False,False
gap_mrr5_FFL_minus_BNS,description_length,-0.04536751316681735,0.2433902171277759,663,0.1784386617100372,1.0,False,False
gap_mrr5_FFL_minus_BNS,confidence,-0.10474795592410152,0.006944944306726648,663,0.1784386617100372,1.0,False,False
gap_mrr5_FFL_minus_BNS,fine_grained_description_length,-0.044696153548487945,0.25479220707309785,651,0.19330855018587356,1.0,False,False
gap_mrr5_FFL_minus_BNS,fine_grained_confidence,-0.07518539762940805,0.05519211575165051,651,0.19330855018587356,1.0,False,False
gap_mrr5_FFL_minus_BNS,has_OB,0.011149416249765065,0.7744560501944044,663,0.1784386617100372,1.0,False,False
gap_mrr5_FFL_minus_BNS,has_EB,-0.043786026483983186,0.2602292046091515,663,0.1784386617100372,1.0,False,False
gap_mrr5_FFL_minus_BNS,has_S2R,,,663,0.1784386617100372,,False,False
gap_mrr5_FFL_minus_BNS,missing_OB,-0.011149416249765065,0.7744560501944044,663,0.1784386617100372,1.0,False,False
gap_mrr5_FFL_minus_BNS,missing_EB,0.043786026483983186,0.2602292046091515,663,0.1784386617100372,1.0,False,False
gap_mrr5_FFL_minus_BNS,missing_S2R,,,663,0.1784386617100372,,False,False
gap_mrr5_FFL_minus_BNS,num_OB,-0.002009333497058249,0.9588152904158234,663,0.1784386617100372,1.0,False,False
gap_mrr5_FFL_minus_BNS,num_EB,-0.04135533869982714,0.2876480487122208,663,0.1784386617100372,1.0,False,False
gap_mrr5_FFL_minus_BNS,num_S2R,,,663,0.1784386617100372,,False,False
gap_mrr5_BNS_minus_FFL,summary_chars,0.12503011103836945,0.001255483992064167,663,0.1784386617100372,0.6804723236987785,False,False
gap_mrr5_BNS_minus_FFL,description_chars,-0.04584510314182778,0.23845866117341283,663,0.1784386617100372,1.0,False,False
gap_mrr5_BNS_minus_FFL,n_tokens,-0.021101775131259846,0.5875566182945293,663,0.1784386617100372,1.0,False,False
gap_mrr5_BNS_minus_FFL,n_words,0.019167229014792557,0.622262143263498,663,0.1784386617100372,1.0,False,False
gap_mrr5_BNS_minus_FFL,n_sentences,-0.0431933527416656,0.26674225273605673,663,0.1784386617100372,1.0,False,False
gap_mrr5_BNS_minus_FFL,flesch_reading_ease,0.18071172419513212,3.0835238009709337e-06,658,0.18463444857496902,0.0018562813281845021,True,False
gap_mrr5_BNS_minus_FFL,smog_index,-0.01889453178821778,0.6285314098917827,658,0.18463444857496902,1.0,False,False
gap_mrr5_BNS_minus_FFL,gunning_fog,0.007153045131027126,0.8546882628188337,658,0.18463444857496902,1.0,False,False
gap_mrr5_BNS_minus_FFL,coleman_liau_index,-0.192333064742246,6.669977960538621e-07,658,0.18463444857496902,0.00040553466000074816,True,False
gap_mrr5_BNS_minus_FFL,automated_readability_index,-0.18003859434933017,3.3596725354212877e-06,658,0.18463444857496902,0.0020158035212527728,True,False
gap_mrr5_BNS_minus_FFL,has_stacktrace,-0.032744272723296615,0.3999222889958267,663,0.1784386617100372,1.0,False,False
gap_mrr5_BNS_minus_FFL,has_code,-0.009780258266206088,0.8015353358726518,663,0.1784386617100372,1.0,False,False
gap_mrr5_BNS_minus_FFL,has_patch,-0.03594280328322013,0.3554676994425138,663,0.1784386617100372,1.0,False,False
gap_mrr5_BNS_minus_FFL,has_enumeration,0.020740408076960946,0.5939713207965684,663,0.1784386617100372,1.0,False,False
gap_mrr5_BNS_minus_FFL,num_causal_markers,-0.011683444554512803,0.7639658069282709,663,0.1784386617100372,1.0,False,False
gap_mrr5_BNS_minus_FFL,num_temporal_markers,0.033093203404026814,0.3949166237679095,663,0.1784386617100372,1.0,False,False
gap_mrr5_BNS_minus_FFL,causal_density,0.005061807355778095,0.8964949955660431,663,0.1784386617100372,1.0,False,False
gap_mrr5_BNS_minus_FFL,temporal_density,0.03447638024075364,0.37544872205491153,663,0.1784386617100372,1.0,False,False
gap_mrr5_BNS_minus_FFL,num_os_mentions,0.031942429801477636,0.4115686228605564,663,0.1784386617100372,1.0,False,False
gap_mrr5_BNS_minus_FFL,num_browser_mentions,-0.03674074645599329,0.3448818222145372,663,0.1784386617100372,1.0,False,False
gap_mrr5_BNS_minus_FFL,num_env_mentions,-0.06875405379997186,0.07687941757218913,663,0.1784386617100372,1.0,False,False
gap_mrr5_BNS_minus_FFL,num_versions,-0.017292577255479814,0.6567130079162204,663,0.1784386617100372,1.0,False,False
gap_mrr5_BNS_minus_FFL,has_os_info,0.03279798842009954,0.3991492288105991,663,0.1784386617100372,1.0,False,False
gap_mrr5_BNS_minus_FFL,has_version_info,0.04126124381529597,0.2887471853499103,663,0.1784386617100372,1.0,False,False
gap_mrr5_BNS_minus_FFL,num_exception_types,-0.05094487090211711,0.19014708759475954,663,0.1784386617100372,1.0,False,False
gap_mrr5_BNS_minus_FFL,stacktrace_depth,-0.11437150281741473,0.0031874972855127815,663,0.1784386617100372,1.0,False,False
gap_mrr5_BNS_minus_FFL,num_caused_by,-0.027285006418490146,0.4830779698997544,663,0.1784386617100372,1.0,False,False
gap_mrr5_BNS_minus_FFL,behavior_verb_count,,,663,0.1784386617100372,,False,False
gap_mrr5_BNS_minus_FFL,behavior_verb_density,,,663,0.1784386617100372,,False,False
gap_mrr5_BNS_minus_FFL,num_modal_verbs,0.0383402253118904,0.32427355839684546,663,0.1784386617100372,1.0,False,False
gap_mrr5_BNS_minus_FFL,num_negative_modals,0.028566669756515964,0.46275437643005446,663,0.1784386617100372,1.0,False,False
gap_mrr5_BNS_minus_FFL,modal_density,0.06879390444831714,0.07670807587323301,663,0.1784386617100372,1.0,False,False
gap_mrr5_BNS_minus_FFL,redundancy,-0.01783559778501073,0.6466544154284007,663,0.1784386617100372,1.0,False,False
gap_mrr5_BNS_minus_FFL,ambiguity,0.055336855056252986,0.15466113957335256,663,0.1784386617100372,1.0,False,False
gap_mrr5_BNS_minus_FFL,actionability,0.08188894399935565,0.035022028464590675,663,0.1784386617100372,1.0,False,False
gap_mrr5_BNS_minus_FFL,clarity,0.09927379538422898,0.01053739510493183,663,0.1784386617100372,1.0,False,False
gap_mrr5_BNS_minus_FFL,specificity,0.046722165411042536,0.22958635241238948,663,0.1784386617100372,1.0,False,False
gap_mrr5_BNS_minus_FFL,expected_observed_alignment,0.05932383830979623,0.1270152051378778,663,0.1784386617100372,1.0,False,False
gap_mrr5_BNS_minus_FFL,technical_depth,0.026226540794447282,0.500220238964683,663,0.1784386617100372,1.0,False,False
gap_mrr5_BNS_minus_FFL,hidden_s2r_present,-0.010627086275286668,0.784756409969851,663,0.1784386617100372,1.0,False,False
gap_mrr5_BNS_minus_FFL,causal_reasoning_quality,0.1263118762287351,0.0011168623038526706,663,0.1784386617100372,0.6075730932958529,False,False
gap_mrr5_BNS_minus_FFL,contradiction_present,-0.039184464382247396,0.31372557048833466,663,0.1784386617100372,1.0,False,False
gap_mrr5_BNS_minus_FFL,repair_difficulty,-0.12419933281661916,0.0013536202240952363,663,0.1784386617100372,0.7309549210114277,False,False
gap_mrr5_BNS_minus_FFL,description_length,0.04536751316681735,0.2433902171277759,663,0.1784386617100372,1.0,False,False
gap_mrr5_BNS_minus_FFL,confidence,0.10474795592410152,0.006944944306726648,663,0.1784386617100372,1.0,False,False
gap_mrr5_BNS_minus_FFL,fine_grained_description_length,0.044696153548487945,0.25479220707309785,651,0.19330855018587356,1.0,False,False
gap_mrr5_BNS_minus_FFL,fine_grained_confidence,0.07518539762940805,0.05519211575165051,651,0.19330855018587356,1.0,False,False
gap_mrr5_BNS_minus_FFL,has_OB,-0.011149416249765065,0.7744560501944044,663,0.1784386617100372,1.0,False,False
gap_mrr5_BNS_minus_FFL,has_EB,0.043786026483983186,0.2602292046091515,663,0.1784386617100372,1.0,False,False
gap_mrr5_BNS_minus_FFL,has_S2R,,,663,0.1784386617100372,,False,False
gap_mrr5_BNS_minus_FFL,missing_OB,0.011149416249765065,0.7744560501944044,663,0.1784386617100372,1.0,False,False
gap_mrr5_BNS_minus_FFL,missing_EB,-0.043786026483983186,0.2602292046091515,663,0.1784386617100372,1.0,False,False
gap_mrr5_BNS_minus_FFL,missing_S2R,,,663,0.1784386617100372,,False,False
gap_mrr5_BNS_minus_FFL,num_OB,0.002009333497058249,0.9588152904158234,663,0.1784386617100372,1.0,False,False
gap_mrr5_BNS_minus_FFL,num_EB,0.04135533869982714,0.2876480487122208,663,0.1784386617100372,1.0,False,False
gap_mrr5_BNS_minus_FFL,num_S2R,,,663,0.1784386617100372,,False,False
gap_mrr5_FFL_minus_BL,summary_chars,-0.11876796798273126,0.0021897725023518407,663,0.1784386617100372,1.0,False,False
gap_mrr5_FFL_minus_BL,description_chars,-0.005063650270967907,0.8964575229504095,663,0.1784386617100372,1.0,False,False
gap_mrr5_FFL_minus_BL,n_tokens,-0.03510504603792771,0.3667993791163374,663,0.1784386617100372,1.0,False,False
gap_mrr5_FFL_minus_BL,n_words,-0.06333988625596552,0.103210577184781,663,0.1784386617100372,1.0,False,False
gap_mrr5_FFL_minus_BL,n_sentences,-0.03900232597035134,0.3159819489156804,663,0.1784386617100372,1.0,False,False
gap_mrr5_FFL_minus_BL,flesch_reading_ease,-0.13755287724656726,0.00040230999224780806,658,0.18463444857496902,0.2244889756742769,False,False
gap_mrr5_FFL_minus_BL,smog_index,0.07253963860927591,0.06293310348736098,658,0.18463444857496902,1.0,False,False
gap_mrr5_FFL_minus_BL,gunning_fog,0.011823723498585893,0.7620954224277791,658,0.18463444857496902,1.0,False,False
gap_mrr5_FFL_minus_BL,coleman_liau_index,0.1311813297820019,0.0007430306798982303,658,0.18463444857496902,0.4086668739440266,False,False
gap_mrr5_FFL_minus_BL,automated_readability_index,0.1402198310532212,0.00030874409539243365,658,0.18463444857496902,0.1735141816105477,False,False
gap_mrr5_FFL_minus_BL,has_stacktrace,-0.06695765118897551,0.08493218717405933,663,0.1784386617100372,1.0,False,False
gap_mrr5_FFL_minus_BL,has_code,-0.031686280923547076,0.4153309471404848,663,0.1784386617100372,1.0,False,False
gap_mrr5_FFL_minus_BL,has_patch,0.05326027001402173,0.1707581419686342,663,0.1784386617100372,1.0,False,False
gap_mrr5_FFL_minus_BL,has_enumeration,-0.04261443036932737,0.2732113617444452,663,0.1784386617100372,1.0,False,False
gap_mrr5_FFL_minus_BL,num_causal_markers,-0.048727441215550525,0.21018776300891726,663,0.1784386617100372,1.0,False,False
gap_mrr5_FFL_minus_BL,num_temporal_markers,-0.04259396704936213,0.27344196912628704,663,0.1784386617100372,1.0,False,False
gap_mrr5_FFL_minus_BL,causal_density,-0.026314937002002645,0.49877641153685026,663,0.1784386617100372,1.0,False,False
gap_mrr5_FFL_minus_BL,temporal_density,-0.04057776925834229,0.2968156532803931,663,0.1784386617100372,1.0,False,False
gap_mrr5_FFL_minus_BL,num_os_mentions,-0.017321492814468296,0.6561758048901345,663,0.1784386617100372,1.0,False,False
gap_mrr5_FFL_minus_BL,num_browser_mentions,0.09703949003861768,0.01242507590202165,663,0.1784386617100372,1.0,False,False
gap_mrr5_FFL_minus_BL,num_env_mentions,0.06325823703605321,0.10365654946110167,663,0.1784386617100372,1.0,False,False
gap_mrr5_FFL_minus_BL,num_versions,-0.03876488129762674,0.31893939845330693,663,0.1784386617100372,1.0,False,False
gap_mrr5_FFL_minus_BL,has_os_info,-0.018209259486987563,0.6397700132009135,663,0.1784386617100372,1.0,False,False
gap_mrr5_FFL_minus_BL,has_version_info,-0.07038492561199385,0.07011713964474788,663,0.1784386617100372,1.0,False,False
gap_mrr5_FFL_minus_BL,num_exception_types,-0.07750954539208009,0.046041494550355055,663,0.1784386617100372,1.0,False,False
gap_mrr5_FFL_minus_BL,stacktrace_depth,-0.042154335665794296,0.27842838785232943,663,0.1784386617100372,1.0,False,False
gap_mrr5_FFL_minus_BL,num_caused_by,-0.04083367820626291,0.2937771831569077,663,0.1784386617100372,1.0,False,False
gap_mrr5_FFL_minus_BL,behavior_verb_count,,,663,0.1784386617100372,,False,False
gap_mrr5_FFL_minus_BL,behavior_verb_density,,,663,0.1784386617100372,,False,False
gap_mrr5_FFL_minus_BL,num_modal_verbs,-0.06920999401839364,0.07493754753608439,663,0.1784386617100372,1.0,False,False
gap_mrr5_FFL_minus_BL,num_negative_modals,-0.036167985746934445,0.3524598148478668,663,0.1784386617100372,1.0,False,False
gap_mrr5_FFL_minus_BL,modal_density,-0.08339583144376138,0.031790849607674324,663,0.1784386617100372,1.0,False,False
gap_mrr5_FFL_minus_BL,redundancy,-0.019054460643026835,0.6243123165058848,663,0.1784386617100372,1.0,False,False
gap_mrr5_FFL_minus_BL,ambiguity,-0.02055281229697347,0.5973139272743262,663,0.1784386617100372,1.0,False,False
gap_mrr5_FFL_minus_BL,actionability,-0.1420215119950261,0.00024388959227032567,663,0.1784386617100372,0.13755373004046367,False,False
gap_mrr5_FFL_minus_BL,clarity,-0.16165914164024242,2.8868806801588166e-05,663,0.1784386617100372,0.016801645558524314,True,False
gap_mrr5_FFL_minus_BL,specificity,-0.1148979097866765,0.0030493746715275077,663,0.1784386617100372,1.0,False,False
gap_mrr5_FFL_minus_BL,expected_observed_alignment,-0.12948063356631936,0.000832504589136579,663,0.1784386617100372,0.4562125148468453,False,False
gap_mrr5_FFL_minus_BL,technical_depth,-0.1373630405089118,0.0003895194106241973,663,0.1784386617100372,0.2181308699495505,False,False
gap_mrr5_FFL_minus_BL,hidden_s2r_present,0.03263076850871762,0.4015587590799331,663,0.1784386617100372,1.0,False,False
gap_mrr5_FFL_minus_BL,causal_reasoning_quality,-0.1891140336692352,9.362161648533098e-07,663,0.1784386617100372,0.0005673469959011058,True,False
gap_mrr5_FFL_minus_BL,contradiction_present,0.05501409793643265,0.1570846504279649,663,0.1784386617100372,1.0,False,False
gap_mrr5_FFL_minus_BL,repair_difficulty,0.16502499495563688,1.9504574595385227e-05,663,0.1784386617100372,0.011468689862086514,True,False
gap_mrr5_FFL_minus_BL,description_length,-0.11315139981385365,0.003529767252750384,663,0.1784386617100372,1.0,False,False
gap_mrr5_FFL_minus_BL,confidence,-0.15609901144039076,5.42440647055821e-05,663,0.1784386617100372,0.031244581270415288,True,False
gap_mrr5_FFL_minus_BL,fine_grained_description_length,-0.11446219874165672,0.003450398516960005,651,0.19330855018587356,1.0,False,False
gap_mrr5_FFL_minus_BL,fine_grained_confidence,-0.13371326310933096,0.000625133196160768,651,0.19330855018587356,0.34507352428074395,False,False
gap_mrr5_FFL_minus_BL,has_OB,0.01050666887893001,0.787136461295272,663,0.1784386617100372,1.0,False,False
gap_mrr5_FFL_minus_BL,has_EB,-0.053308454496457776,0.1703709619412806,663,0.1784386617100372,1.0,False,False
gap_mrr5_FFL_minus_BL,has_S2R,,,663,0.1784386617100372,,False,False
gap_mrr5_FFL_minus_BL,missing_OB,-0.01050666887893001,0.787136461295272,663,0.1784386617100372,1.0,False,False
gap_mrr5_FFL_minus_BL,missing_EB,0.053308454496457776,0.1703709619412806,663,0.1784386617100372,1.0,False,False
gap_mrr5_FFL_minus_BL,missing_S2R,,,663,0.1784386617100372,,False,False
gap_mrr5_FFL_minus_BL,num_OB,-0.05022165413750059,0.19652288975902318,663,0.1784386617100372,1.0,False,False
gap_mrr5_FFL_minus_BL,num_EB,-0.044149512921334705,0.25628951961040397,663,0.1784386617100372,1.0,False,False
gap_mrr5_FFL_minus_BL,num_S2R,,,663,0.1784386617100372,,False,False
gap_mrr5_BL_minus_FFL,summary_chars,0.11876796798273126,0.0021897725023518407,663,0.1784386617100372,1.0,False,False
gap_mrr5_BL_minus_FFL,description_chars,0.005063650270967907,0.8964575229504095,663,0.1784386617100372,1.0,False,False
gap_mrr5_BL_minus_FFL,n_tokens,0.03510504603792771,0.3667993791163374,663,0.1784386617100372,1.0,False,False
gap_mrr5_BL_minus_FFL,n_words,0.06333988625596552,0.103210577184781,663,0.1784386617100372,1.0,False,False
gap_mrr5_BL_minus_FFL,n_sentences,0.03900232597035134,0.3159819489156804,663,0.1784386617100372,1.0,False,False
gap_mrr5_BL_minus_FFL,flesch_reading_ease,0.13755287724656726,0.00040230999224780806,658,0.18463444857496902,0.2244889756742769,False,False
gap_mrr5_BL_minus_FFL,smog_index,-0.07253963860927591,0.06293310348736098,658,0.18463444857496902,1.0,False,False
gap_mrr5_BL_minus_FFL,gunning_fog,-0.011823723498585893,0.7620954224277791,658,0.18463444857496902,1.0,False,False
gap_mrr5_BL_minus_FFL,coleman_liau_index,-0.1311813297820019,0.0007430306798982303,658,0.18463444857496902,0.4086668739440266,False,False
gap_mrr5_BL_minus_FFL,automated_readability_index,-0.1402198310532212,0.00030874409539243365,658,0.18463444857496902,0.1735141816105477,False,False
gap_mrr5_BL_minus_FFL,has_stacktrace,0.06695765118897551,0.08493218717405933,663,0.1784386617100372,1.0,False,False
gap_mrr5_BL_minus_FFL,has_code,0.031686280923547076,0.4153309471404848,663,0.1784386617100372,1.0,False,False
gap_mrr5_BL_minus_FFL,has_patch,-0.05326027001402173,0.1707581419686342,663,0.1784386617100372,1.0,False,False
gap_mrr5_BL_minus_FFL,has_enumeration,0.04261443036932737,0.2732113617444452,663,0.1784386617100372,1.0,False,False
gap_mrr5_BL_minus_FFL,num_causal_markers,0.048727441215550525,0.21018776300891726,663,0.1784386617100372,1.0,False,False
gap_mrr5_BL_minus_FFL,num_temporal_markers,0.04259396704936213,0.27344196912628704,663,0.1784386617100372,1.0,False,False
gap_mrr5_BL_minus_FFL,causal_density,0.026314937002002645,0.49877641153685026,663,0.1784386617100372,1.0,False,False
gap_mrr5_BL_minus_FFL,temporal_density,0.04057776925834229,0.2968156532803931,663,0.1784386617100372,1.0,False,False
gap_mrr5_BL_minus_FFL,num_os_mentions,0.017321492814468296,0.6561758048901345,663,0.1784386617100372,1.0,False,False
gap_mrr5_BL_minus_FFL,num_browser_mentions,-0.09703949003861768,0.01242507590202165,663,0.1784386617100372,1.0,False,False
gap_mrr5_BL_minus_FFL,num_env_mentions,-0.06325823703605321,0.10365654946110167,663,0.1784386617100372,1.0,False,False
gap_mrr5_BL_minus_FFL,num_versions,0.03876488129762674,0.31893939845330693,663,0.1784386617100372,1.0,False,False
gap_mrr5_BL_minus_FFL,has_os_info,0.018209259486987563,0.6397700132009135,663,0.1784386617100372,1.0,False,False
gap_mrr5_BL_minus_FFL,has_version_info,0.07038492561199385,0.07011713964474788,663,0.1784386617100372,1.0,False,False
gap_mrr5_BL_minus_FFL,num_exception_types,0.07750954539208009,0.046041494550355055,663,0.1784386617100372,1.0,False,False
gap_mrr5_BL_minus_FFL,stacktrace_depth,0.042154335665794296,0.27842838785232943,663,0.1784386617100372,1.0,False,False
gap_mrr5_BL_minus_FFL,num_caused_by,0.04083367820626291,0.2937771831569077,663,0.1784386617100372,1.0,False,False
gap_mrr5_BL_minus_FFL,behavior_verb_count,,,663,0.1784386617100372,,False,False
gap_mrr5_BL_minus_FFL,behavior_verb_density,,,663,0.1784386617100372,,False,False
gap_mrr5_BL_minus_FFL,num_modal_verbs,0.06920999401839364,0.07493754753608439,663,0.1784386617100372,1.0,False,False
gap_mrr5_BL_minus_FFL,num_negative_modals,0.036167985746934445,0.3524598148478668,663,0.1784386617100372,1.0,False,False
gap_mrr5_BL_minus_FFL,modal_density,0.08339583144376138,0.031790849607674324,663,0.1784386617100372,1.0,False,False
gap_mrr5_BL_minus_FFL,redundancy,0.019054460643026835,0.6243123165058848,663,0.1784386617100372,1.0,False,False
gap_mrr5_BL_minus_FFL,ambiguity,0.02055281229697347,0.5973139272743262,663,0.1784386617100372,1.0,False,False
gap_mrr5_BL_minus_FFL,actionability,0.1420215119950261,0.00024388959227032567,663,0.1784386617100372,0.13755373004046367,False,False
gap_mrr5_BL_minus_FFL,clarity,0.16165914164024242,2.8868806801588166e-05,663,0.1784386617100372,0.016801645558524314,True,False
gap_mrr5_BL_minus_FFL,specificity,0.1148979097866765,0.0030493746715275077,663,0.1784386617100372,1.0,False,False
gap_mrr5_BL_minus_FFL,expected_observed_alignment,0.12948063356631936,0.000832504589136579,663,0.1784386617100372,0.4562125148468453,False,False
gap_mrr5_BL_minus_FFL,technical_depth,0.1373630405089118,0.0003895194106241973,663,0.1784386617100372,0.2181308699495505,False,False
gap_mrr5_BL_minus_FFL,hidden_s2r_present,-0.03263076850871762,0.4015587590799331,663,0.1784386617100372,1.0,False,False
gap_mrr5_BL_minus_FFL,causal_reasoning_quality,0.1891140336692352,9.362161648533098e-07,663,0.1784386617100372,0.0005673469959011058,True,False
gap_mrr5_BL_minus_FFL,contradiction_present,-0.05501409793643265,0.1570846504279649,663,0.1784386617100372,1.0,False,False
gap_mrr5_BL_minus_FFL,repair_difficulty,-0.16502499495563688,1.9504574595385227e-05,663,0.1784386617100372,0.011468689862086514,True,False
gap_mrr5_BL_minus_FFL,description_length,0.11315139981385365,0.003529767252750384,663,0.1784386617100372,1.0,False,False
gap_mrr5_BL_minus_FFL,confidence,0.15609901144039076,5.42440647055821e-05,663,0.1784386617100372,0.031244581270415288,True,False
gap_mrr5_BL_minus_FFL,fine_grained_description_length,0.11446219874165672,0.003450398516960005,651,0.19330855018587356,1.0,False,False
gap_mrr5_BL_minus_FFL,fine_grained_confidence,0.13371326310933096,0.000625133196160768,651,0.19330855018587356,0.34507352428074395,False,False
gap_mrr5_BL_minus_FFL,has_OB,-0.01050666887893001,0.787136461295272,663,0.1784386617100372,1.0,False,False
gap_mrr5_BL_minus_FFL,has_EB,0.053308454496457776,0.1703709619412806,663,0.1784386617100372,1.0,False,False
gap_mrr5_BL_minus_FFL,has_S2R,,,663,0.1784386617100372,,False,False
gap_mrr5_BL_minus_FFL,missing_OB,0.01050666887893001,0.787136461295272,663,0.1784386617100372,1.0,False,False
gap_mrr5_BL_minus_FFL,missing_EB,-0.053308454496457776,0.1703709619412806,663,0.1784386617100372,1.0,False,False
gap_mrr5_BL_minus_FFL,missing_S2R,,,663,0.1784386617100372,,False,False
gap_mrr5_BL_minus_FFL,num_OB,0.05022165413750059,0.19652288975902318,663,0.1784386617100372,1.0,False,False
gap_mrr5_BL_minus_FFL,num_EB,0.044149512921334705,0.25628951961040397,663,0.1784386617100372,1.0,False,False
gap_mrr5_BL_minus_FFL,num_S2R,,,663,0.1784386617100372,,False,False
gap_mrr5_FFL_minus_LOC,summary_chars,-0.0797167474624301,0.04016940163978879,663,0.1784386617100372,1.0,False,False
gap_mrr5_FFL_minus_LOC,description_chars,-0.014604621361129498,0.7073914971462325,663,0.1784386617100372,1.0,False,False
gap_mrr5_FFL_minus_LOC,n_tokens,-0.0230604230664005,0.5533576653989638,663,0.1784386617100372,1.0,False,False
gap_mrr5_FFL_minus_LOC,n_words,-0.036704038101404976,0.3453643651315764,663,0.1784386617100372,1.0,False,False
gap_mrr5_FFL_minus_LOC,n_sentences,-0.030604885001125404,0.4314364775380638,663,0.1784386617100372,1.0,False,False
gap_mrr5_FFL_minus_LOC,flesch_reading_ease,-0.07882441280451657,0.04325217760998237,658,0.18463444857496902,1.0,False,False
gap_mrr5_FFL_minus_LOC,smog_index,0.062469512495770985,0.10938700914635324,658,0.18463444857496902,1.0,False,False
gap_mrr5_FFL_minus_LOC,gunning_fog,0.021014028733206912,0.5905245197879216,658,0.18463444857496902,1.0,False,False
gap_mrr5_FFL_minus_LOC,coleman_liau_index,0.07893946643225981,0.04294689472980334,658,0.18463444857496902,1.0,False,False
gap_mrr5_FFL_minus_LOC,automated_readability_index,0.06972302866006601,0.07389290431638872,658,0.18463444857496902,1.0,False,False
gap_mrr5_FFL_minus_LOC,has_stacktrace,-0.012179335414249785,0.7542632302065337,663,0.1784386617100372,1.0,False,False
gap_mrr5_FFL_minus_LOC,has_code,-0.015345252832288905,0.6932862883976368,663,0.1784386617100372,1.0,False,False
gap_mrr5_FFL_minus_LOC,has_patch,0.03454501910830276,0.37449830420480956,663,0.1784386617100372,1.0,False,False
gap_mrr5_FFL_minus_LOC,has_enumeration,-0.03272684792621929,0.4001732542654217,663,0.1784386617100372,1.0,False,False
gap_mrr5_FFL_minus_LOC,num_causal_markers,-0.014405716591117695,0.7111969813379782,663,0.1784386617100372,1.0,False,False
gap_mrr5_FFL_minus_LOC,num_temporal_markers,-0.012692935469245166,0.7442548090987953,663,0.1784386617100372,1.0,False,False
gap_mrr5_FFL_minus_LOC,causal_density,-0.004067000573200142,0.9167541952986743,663,0.1784386617100372,1.0,False,False
gap_mrr5_FFL_minus_LOC,temporal_density,-0.010721653973219275,0.782888683839137,663,0.1784386617100372,1.0,False,False
gap_mrr5_FFL_minus_LOC,num_os_mentions,-0.027770798101077323,0.47531826914248587,663,0.1784386617100372,1.0,False,False
gap_mrr5_FFL_minus_LOC,num_browser_mentions,0.03769214604772231,0.33252523714808324,663,0.1784386617100372,1.0,False,False
gap_mrr5_FFL_minus_LOC,num_env_mentions,0.03858564423132836,0.32118378950023974,663,0.1784386617100372,1.0,False,False
gap_mrr5_FFL_minus_LOC,num_versions,0.0009060908468252138,0.981421565416537,663,0.1784386617100372,1.0,False,False
gap_mrr5_FFL_minus_LOC,has_os_info,-0.02844560194082474,0.4646535945024505,663,0.1784386617100372,1.0,False,False
gap_mrr5_FFL_minus_LOC,has_version_info,-0.056383088952238425,0.14699986890519942,663,0.1784386617100372,1.0,False,False
gap_mrr5_FFL_minus_LOC,num_exception_types,-0.041834160435642954,0.2820985255606203,663,0.1784386617100372,1.0,False,False
gap_mrr5_FFL_minus_LOC,stacktrace_depth,-0.027677968021955116,0.4767957787012451,663,0.1784386617100372,1.0,False,False
gap_mrr5_FFL_minus_LOC,num_caused_by,-0.058926414687118206,0.12958565979468906,663,0.1784386617100372,1.0,False,False
gap_mrr5_FFL_minus_LOC,behavior_verb_count,,,663,0.1784386617100372,,False,False
gap_mrr5_FFL_minus_LOC,behavior_verb_density,,,663,0.1784386617100372,,False,False
gap_mrr5_FFL_minus_LOC,num_modal_verbs,-0.08042834726117196,0.03841682882426476,663,0.1784386617100372,1.0,False,False
gap_mrr5_FFL_minus_LOC,num_negative_modals,-0.037180012089814196,0.3391408522356507,663,0.1784386617100372,1.0,False,False
gap_mrr5_FFL_minus_LOC,modal_density,-0.09944088979825806,0.01040703199825325,663,0.1784386617100372,1.0,False,False
gap_mrr5_FFL_minus_LOC,redundancy,-0.024913527748466495,0.5219242814862124,663,0.1784386617100372,1.0,False,False
gap_mrr5_FFL_minus_LOC,ambiguity,-6.976020872256433e-05,0.9985695124778933,663,0.1784386617100372,1.0,False,False
gap_mrr5_FFL_minus_LOC,actionability,-0.10971313057229547,0.004681185803148903,663,0.1784386617100372,1.0,False,False
gap_mrr5_FFL_minus_LOC,clarity,-0.11898866446049872,0.002148185862541528,663,0.1784386617100372,1.0,False,False
gap_mrr5_FFL_minus_LOC,specificity,-0.09212986836357999,0.017653625346608248,663,0.1784386617100372,1.0,False,False
gap_mrr5_FFL_minus_LOC,expected_observed_alignment,-0.07313493568313266,0.05982198996047324,663,0.1784386617100372,1.0,False,False
gap_mrr5_FFL_minus_LOC,technical_depth,-0.08737583117518792,0.024456530543562834,663,0.1784386617100372,1.0,False,False
gap_mrr5_FFL_minus_LOC,hidden_s2r_present,0.041918581283561566,0.28112765485565244,663,0.1784386617100372,1.0,False,False
gap_mrr5_FFL_minus_LOC,causal_reasoning_quality,-0.12294135014233007,0.0015157221961678176,663,0.1784386617100372,0.8154585415382859,False,False
gap_mrr5_FFL_minus_LOC,contradiction_present,0.054785037991142774,0.15882195875219804,663,0.1784386617100372,1.0,False,False
gap_mrr5_FFL_minus_LOC,repair_difficulty,0.14715505414857202,0.00014316557304208883,663,0.1784386617100372,0.08160437663399063,False,False
gap_mrr5_FFL_minus_LOC,description_length,-0.07640474381042178,0.04924177472628897,663,0.1784386617100372,1.0,False,False
gap_mrr5_FFL_minus_LOC,confidence,-0.10510475461412967,0.006754351199849851,663,0.1784386617100372,1.0,False,False
gap_mrr5_FFL_minus_LOC,fine_grained_description_length,-0.07657901860388511,0.05081908127033333,651,0.19330855018587356,1.0,False,False
gap_mrr5_FFL_minus_LOC,fine_grained_confidence,-0.09425015687039674,0.016150362212893843,651,0.19330855018587356,1.0,False,False
gap_mrr5_FFL_minus_LOC,has_OB,-0.01059167205247756,0.7854561651846681,663,0.1784386617100372,1.0,False,False
gap_mrr5_FFL_minus_LOC,has_EB,-0.0002393237889516898,0.9950925071835094,663,0.1784386617100372,1.0,False,False
gap_mrr5_FFL_minus_LOC,has_S2R,,,663,0.1784386617100372,,False,False
gap_mrr5_FFL_minus_LOC,missing_OB,0.01059167205247756,0.7854561651846681,663,0.1784386617100372,1.0,False,False
gap_mrr5_FFL_minus_LOC,missing_EB,0.0002393237889516898,0.9950925071835094,663,0.1784386617100372,1.0,False,False
gap_mrr5_FFL_minus_LOC,missing_S2R,,,663,0.1784386617100372,,False,False
gap_mrr5_FFL_minus_LOC,num_OB,-0.013205995707918809,0.7342997501666415,663,0.1784386617100372,1.0,False,False
gap_mrr5_FFL_minus_LOC,num_EB,-0.002129099279571093,0.9563628615797073,663,0.1784386617100372,1.0,False,False
gap_mrr5_FFL_minus_LOC,num_S2R,,,663,0.1784386617100372,,False,False
gap_mrr5_LOC_minus_FFL,summary_chars,0.0797167474624301,0.04016940163978879,663,0.1784386617100372,1.0,False,False
gap_mrr5_LOC_minus_FFL,description_chars,0.014604621361129498,0.7073914971462325,663,0.1784386617100372,1.0,False,False
gap_mrr5_LOC_minus_FFL,n_tokens,0.0230604230664005,0.5533576653989638,663,0.1784386617100372,1.0,False,False
gap_mrr5_LOC_minus_FFL,n_words,0.036704038101404976,0.3453643651315764,663,0.1784386617100372,1.0,False,False
gap_mrr5_LOC_minus_FFL,n_sentences,0.030604885001125404,0.4314364775380638,663,0.1784386617100372,1.0,False,False
gap_mrr5_LOC_minus_FFL,flesch_reading_ease,0.07882441280451657,0.04325217760998237,658,0.18463444857496902,1.0,False,False
gap_mrr5_LOC_minus_FFL,smog_index,-0.062469512495770985,0.10938700914635324,658,0.18463444857496902,1.0,False,False
gap_mrr5_LOC_minus_FFL,gunning_fog,-0.021014028733206912,0.5905245197879216,658,0.18463444857496902,1.0,False,False
gap_mrr5_LOC_minus_FFL,coleman_liau_index,-0.07893946643225981,0.04294689472980334,658,0.18463444857496902,1.0,False,False
gap_mrr5_LOC_minus_FFL,automated_readability_index,-0.06972302866006601,0.07389290431638872,658,0.18463444857496902,1.0,False,False
gap_mrr5_LOC_minus_FFL,has_stacktrace,0.012179335414249785,0.7542632302065337,663,0.1784386617100372,1.0,False,False
gap_mrr5_LOC_minus_FFL,has_code,0.015345252832288905,0.6932862883976368,663,0.1784386617100372,1.0,False,False
gap_mrr5_LOC_minus_FFL,has_patch,-0.03454501910830276,0.37449830420480956,663,0.1784386617100372,1.0,False,False
gap_mrr5_LOC_minus_FFL,has_enumeration,0.03272684792621929,0.4001732542654217,663,0.1784386617100372,1.0,False,False
gap_mrr5_LOC_minus_FFL,num_causal_markers,0.014405716591117695,0.7111969813379782,663,0.1784386617100372,1.0,False,False
gap_mrr5_LOC_minus_FFL,num_temporal_markers,0.012692935469245166,0.7442548090987953,663,0.1784386617100372,1.0,False,False
gap_mrr5_LOC_minus_FFL,causal_density,0.004067000573200142,0.9167541952986743,663,0.1784386617100372,1.0,False,False
gap_mrr5_LOC_minus_FFL,temporal_density,0.010721653973219275,0.782888683839137,663,0.1784386617100372,1.0,False,False
gap_mrr5_LOC_minus_FFL,num_os_mentions,0.027770798101077323,0.47531826914248587,663,0.1784386617100372,1.0,False,False
gap_mrr5_LOC_minus_FFL,num_browser_mentions,-0.03769214604772231,0.33252523714808324,663,0.1784386617100372,1.0,False,False
gap_mrr5_LOC_minus_FFL,num_env_mentions,-0.03858564423132836,0.32118378950023974,663,0.1784386617100372,1.0,False,False
gap_mrr5_LOC_minus_FFL,num_versions,-0.0009060908468252138,0.981421565416537,663,0.1784386617100372,1.0,False,False
gap_mrr5_LOC_minus_FFL,has_os_info,0.02844560194082474,0.4646535945024505,663,0.1784386617100372,1.0,False,False
gap_mrr5_LOC_minus_FFL,has_version_info,0.056383088952238425,0.14699986890519942,663,0.1784386617100372,1.0,False,False
gap_mrr5_LOC_minus_FFL,num_exception_types,0.041834160435642954,0.2820985255606203,663,0.1784386617100372,1.0,False,False
gap_mrr5_LOC_minus_FFL,stacktrace_depth,0.027677968021955116,0.4767957787012451,663,0.1784386617100372,1.0,False,False
gap_mrr5_LOC_minus_FFL,num_caused_by,0.058926414687118206,0.12958565979468906,663,0.1784386617100372,1.0,False,False
gap_mrr5_LOC_minus_FFL,behavior_verb_count,,,663,0.1784386617100372,,False,False
gap_mrr5_LOC_minus_FFL,behavior_verb_density,,,663,0.1784386617100372,,False,False
gap_mrr5_LOC_minus_FFL,num_modal_verbs,0.08042834726117196,0.03841682882426476,663,0.1784386617100372,1.0,False,False
gap_mrr5_LOC_minus_FFL,num_negative_modals,0.037180012089814196,0.3391408522356507,663,0.1784386617100372,1.0,False,False
gap_mrr5_LOC_minus_FFL,modal_density,0.09944088979825806,0.01040703199825325,663,0.1784386617100372,1.0,False,False
gap_mrr5_LOC_minus_FFL,redundancy,0.024913527748466495,0.5219242814862124,663,0.1784386617100372,1.0,False,False
gap_mrr5_LOC_minus_FFL,ambiguity,6.976020872256433e-05,0.9985695124778933,663,0.1784386617100372,1.0,False,False
gap_mrr5_LOC_minus_FFL,actionability,0.10971313057229547,0.004681185803148903,663,0.1784386617100372,1.0,False,False
gap_mrr5_LOC_minus_FFL,clarity,0.11898866446049872,0.002148185862541528,663,0.1784386617100372,1.0,False,False
gap_mrr5_LOC_minus_FFL,specificity,0.09212986836357999,0.017653625346608248,663,0.1784386617100372,1.0,False,False
gap_mrr5_LOC_minus_FFL,expected_observed_alignment,0.07313493568313266,0.05982198996047324,663,0.1784386617100372,1.0,False,False
gap_mrr5_LOC_minus_FFL,technical_depth,0.08737583117518792,0.024456530543562834,663,0.1784386617100372,1.0,False,False
gap_mrr5_LOC_minus_FFL,hidden_s2r_present,-0.041918581283561566,0.28112765485565244,663,0.1784386617100372,1.0,False,False
gap_mrr5_LOC_minus_FFL,causal_reasoning_quality,0.12294135014233007,0.0015157221961678176,663,0.1784386617100372,0.8154585415382859,False,False
gap_mrr5_LOC_minus_FFL,contradiction_present,-0.054785037991142774,0.15882195875219804,663,0.1784386617100372,1.0,False,False
gap_mrr5_LOC_minus_FFL,repair_difficulty,-0.14715505414857202,0.00014316557304208883,663,0.1784386617100372,0.08160437663399063,False,False
gap_mrr5_LOC_minus_FFL,description_length,0.07640474381042178,0.04924177472628897,663,0.1784386617100372,1.0,False,False
gap_mrr5_LOC_minus_FFL,confidence,0.10510475461412967,0.006754351199849851,663,0.1784386617100372,1.0,False,False
gap_mrr5_LOC_minus_FFL,fine_grained_description_length,0.07657901860388511,0.05081908127033333,651,0.19330855018587356,1.0,False,False
gap_mrr5_LOC_minus_FFL,fine_grained_confidence,0.09425015687039674,0.016150362212893843,651,0.19330855018587356,1.0,False,False
gap_mrr5_LOC_minus_FFL,has_OB,0.01059167205247756,0.7854561651846681,663,0.1784386617100372,1.0,False,False
gap_mrr5_LOC_minus_FFL,has_EB,0.0002393237889516898,0.9950925071835094,663,0.1784386617100372,1.0,False,False
gap_mrr5_LOC_minus_FFL,has_S2R,,,663,0.1784386617100372,,False,False
gap_mrr5_LOC_minus_FFL,missing_OB,-0.01059167205247756,0.7854561651846681,663,0.1784386617100372,1.0,False,False
gap_mrr5_LOC_minus_FFL,missing_EB,-0.0002393237889516898,0.9950925071835094,663,0.1784386617100372,1.0,False,False
gap_mrr5_LOC_minus_FFL,missing_S2R,,,663,0.1784386617100372,,False,False
gap_mrr5_LOC_minus_FFL,num_OB,0.013205995707918809,0.7342997501666415,663,0.1784386617100372,1.0,False,False
gap_mrr5_LOC_minus_FFL,num_EB,0.002129099279571093,0.9563628615797073,663,0.1784386617100372,1.0,False,False
gap_mrr5_LOC_minus_FFL,num_S2R,,,663,0.1784386617100372,,False,False
gap_mrr5_BNS_minus_BL,summary_chars,-0.10084593214180124,0.009366277909578532,663,0.1784386617100372,1.0,False,False
gap_mrr5_BNS_minus_BL,description_chars,-0.04462668649104382,0.2511806465105099,663,0.1784386617100372,1.0,False,False
gap_mrr5_BNS_minus_BL,n_tokens,-0.06344565275020192,0.10263513951276393,663,0.1784386617100372,1.0,False,False
gap_mrr5_BNS_minus_BL,n_words,-0.07634411857655311,0.04942264864535946,663,0.1784386617100372,1.0,False,False
gap_mrr5_BNS_minus_BL,n_sentences,-0.08500129714919967,0.0286323157361934,663,0.1784386617100372,1.0,False,False
gap_mrr5_BNS_minus_BL,flesch_reading_ease,-0.02937762174435106,0.4518646964211538,658,0.18463444857496902,1.0,False,False
gap_mrr5_BNS_minus_BL,smog_index,0.0928867925282845,0.017157709338291516,658,0.18463444857496902,1.0,False,False
gap_mrr5_BNS_minus_BL,gunning_fog,0.01963398350847808,0.615152570126207,658,0.18463444857496902,1.0,False,False
gap_mrr5_BNS_minus_BL,coleman_liau_index,0.015058810387854723,0.699816162951439,658,0.18463444857496902,1.0,False,False
gap_mrr5_BNS_minus_BL,automated_readability_index,0.04666763522565893,0.23190320588122587,658,0.18463444857496902,1.0,False,False
gap_mrr5_BNS_minus_BL,has_stacktrace,-0.10902539959523265,0.004948673922574816,663,0.1784386617100372,1.0,False,False
gap_mrr5_BNS_minus_BL,has_code,-0.08172569811138229,0.03538830813845302,663,0.1784386617100372,1.0,False,False
gap_mrr5_BNS_minus_BL,has_patch,0.05438886033463605,0.1618609650614678,663,0.1784386617100372,1.0,False,False
gap_mrr5_BNS_minus_BL,has_enumeration,-0.052437712240514904,0.17746949193097905,663,0.1784386617100372,1.0,False,False
gap_mrr5_BNS_minus_BL,num_causal_markers,-0.08135071406982593,0.03624203850563336,663,0.1784386617100372,1.0,False,False
gap_mrr5_BNS_minus_BL,num_temporal_markers,-0.02542620375735427,0.5133926530729027,663,0.1784386617100372,1.0,False,False
gap_mrr5_BNS_minus_BL,causal_density,-0.04391943746519782,0.2587783864659936,663,0.1784386617100372,1.0,False,False
gap_mrr5_BNS_minus_BL,temporal_density,-0.02681524395280128,0.4906464301600445,663,0.1784386617100372,1.0,False,False
gap_mrr5_BNS_minus_BL,num_os_mentions,0.05235656530696613,0.1781420549366816,663,0.1784386617100372,1.0,False,False
gap_mrr5_BNS_minus_BL,num_browser_mentions,0.12269187463187826,0.0015499167420264595,663,0.1784386617100372,0.8307553737261824,False,False
gap_mrr5_BNS_minus_BL,num_env_mentions,-0.014562661253399504,0.7081936829800246,663,0.1784386617100372,1.0,False,False
gap_mrr5_BNS_minus_BL,num_versions,-0.11460975210113322,0.003124293807757344,663,0.1784386617100372,1.0,False,False
gap_mrr5_BNS_minus_BL,has_os_info,0.05289715914610274,0.1736970451006435,663,0.1784386617100372,1.0,False,False
gap_mrr5_BNS_minus_BL,has_version_info,-0.09289950868790031,0.01672436472427187,663,0.1784386617100372,1.0,False,False
gap_mrr5_BNS_minus_BL,num_exception_types,-0.1585584469823752,4.114509251922782e-05,663,0.1784386617100372,0.02378186347611368,True,False
gap_mrr5_BNS_minus_BL,stacktrace_depth,-0.17660188176607558,4.768865459658398e-06,663,0.1784386617100372,0.002851781544875722,True,False
gap_mrr5_BNS_minus_BL,num_caused_by,-0.08199043562255101,0.03479594048511355,663,0.1784386617100372,1.0,False,False
gap_mrr5_BNS_minus_BL,behavior_verb_count,,,663,0.1784386617100372,,False,False
gap_mrr5_BNS_minus_BL,behavior_verb_density,,,663,0.1784386617100372,,False,False
gap_mrr5_BNS_minus_BL,num_modal_verbs,-0.018312247249766586,0.6378779455308672,663,0.1784386617100372,1.0,False,False
gap_mrr5_BNS_minus_BL,num_negative_modals,0.024876319955822616,0.5225462890382035,663,0.1784386617100372,1.0,False,False
gap_mrr5_BNS_minus_BL,modal_density,-0.015404318067771922,0.6921658760696294,663,0.1784386617100372,1.0,False,False
gap_mrr5_BNS_minus_BL,redundancy,-0.024610058260573955,0.5270084827249133,663,0.1784386617100372,1.0,False,False
gap_mrr5_BNS_minus_BL,ambiguity,0.02906419322738939,0.45499513455227836,663,0.1784386617100372,1.0,False,False
gap_mrr5_BNS_minus_BL,actionability,-0.16175469824520658,2.8552284839969296e-05,663,0.1784386617100372,0.016731638916222008,True,False
gap_mrr5_BNS_minus_BL,clarity,-0.1710241484077899,9.510281830699466e-06,663,0.1784386617100372,0.005668127971096882,True,False
gap_mrr5_BNS_minus_BL,specificity,-0.16528305170071048,1.892084547418183e-05,663,0.1784386617100372,0.01116329882976728,True,False
gap_mrr5_BNS_minus_BL,expected_observed_alignment,-0.18269116099354174,2.189411605237117e-06,663,0.1784386617100372,0.0013224046095632186,True,False
gap_mrr5_BNS_minus_BL,technical_depth,-0.2016920218223852,1.628172504875931e-07,663,0.1784386617100372,9.964415729840698e-05,True,True
gap_mrr5_BNS_minus_BL,hidden_s2r_present,0.06055013767667843,0.11933286707941358,663,0.1784386617100372,1.0,False,False
gap_mrr5_BNS_minus_BL,causal_reasoning_quality,-0.19314263223248526,5.413045848927034e-07,663,0.1784386617100372,0.00033019579678454907,True,False
gap_mrr5_BNS_minus_BL,contradiction_present,0.037402379791414316,0.33625808201710605,663,0.1784386617100372,1.0,False,False
gap_mrr5_BNS_minus_BL,repair_difficulty,0.16173375198062684,2.862138433500637e-05,663,0.1784386617100372,0.016731638916222008,True,False
gap_mrr5_BNS_minus_BL,description_length,-0.15457913039528892,6.42150089138579e-05,663,0.1784386617100372,0.03685941511655443,True,False
gap_mrr5_BNS_minus_BL,confidence,-0.1602423506575413,3.397032032585124e-05,663,0.1784386617100372,0.019702785788993718,True,False
gap_mrr5_BNS_minus_BL,fine_grained_description_length,-0.15409866095941915,7.886299879537702e-05,651,0.19330855018587356,0.04510963531095565,True,False
gap_mrr5_BNS_minus_BL,fine_grained_confidence,-0.16817111426460396,1.6080217789959104e-05,651,0.19330855018587356,0.009551649367235708,True,False
gap_mrr5_BNS_minus_BL,has_OB,-0.012308102498366386,0.7517500265867825,663,0.1784386617100372,1.0,False,False
gap_mrr5_BNS_minus_BL,has_EB,-0.03450098961547376,0.3751077940373979,663,0.1784386617100372,1.0,False,False
gap_mrr5_BNS_minus_BL,has_S2R,,,663,0.1784386617100372,,False,False
gap_mrr5_BNS_minus_BL,missing_OB,0.012308102498366386,0.7517500265867825,663,0.1784386617100372,1.0,False,False
gap_mrr5_BNS_minus_BL,missing_EB,0.03450098961547376,0.3751077940373979,663,0.1784386617100372,1.0,False,False
gap_mrr5_BNS_minus_BL,missing_S2R,,,663,0.1784386617100372,,False,False
gap_mrr5_BNS_minus_BL,num_OB,-0.03676494493266787,0.34456396035027215,663,0.1784386617100372,1.0,False,False
gap_mrr5_BNS_minus_BL,num_EB,-0.02114880735965439,0.5867240968448837,663,0.1784386617100372,1.0,False,False
gap_mrr5_BNS_minus_BL,num_S2R,,,663,0.1784386617100372,,False,False
gap_mrr5_BL_minus_BNS,summary_chars,0.10084593214180124,0.009366277909578532,663,0.1784386617100372,1.0,False,False
gap_mrr5_BL_minus_BNS,description_chars,0.04462668649104382,0.2511806465105099,663,0.1784386617100372,1.0,False,False
gap_mrr5_BL_minus_BNS,n_tokens,0.06344565275020192,0.10263513951276393,663,0.1784386617100372,1.0,False,False
gap_mrr5_BL_minus_BNS,n_words,0.07634411857655311,0.04942264864535946,663,0.1784386617100372,1.0,False,False
gap_mrr5_BL_minus_BNS,n_sentences,0.08500129714919967,0.0286323157361934,663,0.1784386617100372,1.0,False,False
gap_mrr5_BL_minus_BNS,flesch_reading_ease,0.02937762174435106,0.4518646964211538,658,0.18463444857496902,1.0,False,False
gap_mrr5_BL_minus_BNS,smog_index,-0.0928867925282845,0.017157709338291516,658,0.18463444857496902,1.0,False,False
gap_mrr5_BL_minus_BNS,gunning_fog,-0.01963398350847808,0.615152570126207,658,0.18463444857496902,1.0,False,False
gap_mrr5_BL_minus_BNS,coleman_liau_index,-0.015058810387854723,0.699816162951439,658,0.18463444857496902,1.0,False,False
gap_mrr5_BL_minus_BNS,automated_readability_index,-0.04666763522565893,0.23190320588122587,658,0.18463444857496902,1.0,False,False
gap_mrr5_BL_minus_BNS,has_stacktrace,0.10902539959523265,0.004948673922574816,663,0.1784386617100372,1.0,False,False
gap_mrr5_BL_minus_BNS,has_code,0.08172569811138229,0.03538830813845302,663,0.1784386617100372,1.0,False,False
gap_mrr5_BL_minus_BNS,has_patch,-0.05438886033463605,0.1618609650614678,663,0.1784386617100372,1.0,False,False
gap_mrr5_BL_minus_BNS,has_enumeration,0.052437712240514904,0.17746949193097905,663,0.1784386617100372,1.0,False,False
gap_mrr5_BL_minus_BNS,num_causal_markers,0.08135071406982593,0.03624203850563336,663,0.1784386617100372,1.0,False,False
gap_mrr5_BL_minus_BNS,num_temporal_markers,0.02542620375735427,0.5133926530729027,663,0.1784386617100372,1.0,False,False
gap_mrr5_BL_minus_BNS,causal_density,0.04391943746519782,0.2587783864659936,663,0.1784386617100372,1.0,False,False
gap_mrr5_BL_minus_BNS,temporal_density,0.02681524395280128,0.4906464301600445,663,0.1784386617100372,1.0,False,False
gap_mrr5_BL_minus_BNS,num_os_mentions,-0.05235656530696613,0.1781420549366816,663,0.1784386617100372,1.0,False,False
gap_mrr5_BL_minus_BNS,num_browser_mentions,-0.12269187463187826,0.0015499167420264595,663,0.1784386617100372,0.8307553737261824,False,False
gap_mrr5_BL_minus_BNS,num_env_mentions,0.014562661253399504,0.7081936829800246,663,0.1784386617100372,1.0,False,False
gap_mrr5_BL_minus_BNS,num_versions,0.11460975210113322,0.003124293807757344,663,0.1784386617100372,1.0,False,False
gap_mrr5_BL_minus_BNS,has_os_info,-0.05289715914610274,0.1736970451006435,663,0.1784386617100372,1.0,False,False
gap_mrr5_BL_minus_BNS,has_version_info,0.09289950868790031,0.01672436472427187,663,0.1784386617100372,1.0,False,False
gap_mrr5_BL_minus_BNS,num_exception_types,0.1585584469823752,4.114509251922782e-05,663,0.1784386617100372,0.02378186347611368,True,False
gap_mrr5_BL_minus_BNS,stacktrace_depth,0.17660188176607558,4.768865459658398e-06,663,0.1784386617100372,0.002851781544875722,True,False
gap_mrr5_BL_minus_BNS,num_caused_by,0.08199043562255101,0.03479594048511355,663,0.1784386617100372,1.0,False,False
gap_mrr5_BL_minus_BNS,behavior_verb_count,,,663,0.1784386617100372,,False,False
gap_mrr5_BL_minus_BNS,behavior_verb_density,,,663,0.1784386617100372,,False,False
gap_mrr5_BL_minus_BNS,num_modal_verbs,0.018312247249766586,0.6378779455308672,663,0.1784386617100372,1.0,False,False
gap_mrr5_BL_minus_BNS,num_negative_modals,-0.024876319955822616,0.5225462890382035,663,0.1784386617100372,1.0,False,False
gap_mrr5_BL_minus_BNS,modal_density,0.015404318067771922,0.6921658760696294,663,0.1784386617100372,1.0,False,False
gap_mrr5_BL_minus_BNS,redundancy,0.024610058260573955,0.5270084827249133,663,0.1784386617100372,1.0,False,False
gap_mrr5_BL_minus_BNS,ambiguity,-0.02906419322738939,0.45499513455227836,663,0.1784386617100372,1.0,False,False
gap_mrr5_BL_minus_BNS,actionability,0.16175469824520658,2.8552284839969296e-05,663,0.1784386617100372,0.016731638916222008,True,False
gap_mrr5_BL_minus_BNS,clarity,0.1710241484077899,9.510281830699466e-06,663,0.1784386617100372,0.005668127971096882,True,False
gap_mrr5_BL_minus_BNS,specificity,0.16528305170071048,1.892084547418183e-05,663,0.1784386617100372,0.01116329882976728,True,False
gap_mrr5_BL_minus_BNS,expected_observed_alignment,0.18269116099354174,2.189411605237117e-06,663,0.1784386617100372,0.0013224046095632186,True,False
gap_mrr5_BL_minus_BNS,technical_depth,0.2016920218223852,1.628172504875931e-07,663,0.1784386617100372,9.964415729840698e-05,True,True
gap_mrr5_BL_minus_BNS,hidden_s2r_present,-0.06055013767667843,0.11933286707941358,663,0.1784386617100372,1.0,False,False
gap_mrr5_BL_minus_BNS,causal_reasoning_quality,0.19314263223248526,5.413045848927034e-07,663,0.1784386617100372,0.00033019579678454907,True,False
gap_mrr5_BL_minus_BNS,contradiction_present,-0.037402379791414316,0.33625808201710605,663,0.1784386617100372,1.0,False,False
gap_mrr5_BL_minus_BNS,repair_difficulty,-0.16173375198062684,2.862138433500637e-05,663,0.1784386617100372,0.016731638916222008,True,False
gap_mrr5_BL_minus_BNS,description_length,0.15457913039528892,6.42150089138579e-05,663,0.1784386617100372,0.03685941511655443,True,False
gap_mrr5_BL_minus_BNS,confidence,0.1602423506575413,3.397032032585124e-05,663,0.1784386617100372,0.019702785788993718,True,False
gap_mrr5_BL_minus_BNS,fine_grained_description_length,0.15409866095941915,7.886299879537702e-05,651,0.19330855018587356,0.04510963531095565,True,False
gap_mrr5_BL_minus_BNS,fine_grained_confidence,0.16817111426460396,1.6080217789959104e-05,651,0.19330855018587356,0.009551649367235708,True,False
gap_mrr5_BL_minus_BNS,has_OB,0.012308102498366386,0.7517500265867825,663,0.1784386617100372,1.0,False,False
gap_mrr5_BL_minus_BNS,has_EB,0.03450098961547376,0.3751077940373979,663,0.1784386617100372,1.0,False,False
gap_mrr5_BL_minus_BNS,has_S2R,,,663,0.1784386617100372,,False,False
gap_mrr5_BL_minus_BNS,missing_OB,-0.012308102498366386,0.7517500265867825,663,0.1784386617100372,1.0,False,False
gap_mrr5_BL_minus_BNS,missing_EB,-0.03450098961547376,0.3751077940373979,663,0.1784386617100372,1.0,False,False
gap_mrr5_BL_minus_BNS,missing_S2R,,,663,0.1784386617100372,,False,False
gap_mrr5_BL_minus_BNS,num_OB,0.03676494493266787,0.34456396035027215,663,0.1784386617100372,1.0,False,False
gap_mrr5_BL_minus_BNS,num_EB,0.02114880735965439,0.5867240968448837,663,0.1784386617100372,1.0,False,False
gap_mrr5_BL_minus_BNS,num_S2R,,,663,0.1784386617100372,,False,False
gap_mrr5_BNS_minus_LOC,summary_chars,-0.043471147403119685,0.26367569290550236,663,0.1784386617100372,1.0,False,False
gap_mrr5_BNS_minus_LOC,description_chars,-0.06842030951536265,0.07832663388366995,663,0.1784386617100372,1.0,False,False
gap_mrr5_BNS_minus_LOC,n_tokens,-0.050147246170465974,0.19718762239355034,663,0.1784386617100372,1.0,False,False
gap_mrr5_BNS_minus_LOC,n_words,-0.02962690304863172,0.4463080488839891,663,0.1784386617100372,1.0,False,False
gap_mrr5_BNS_minus_LOC,n_sentences,-0.08527542209906347,0.028120887639293532,663,0.1784386617100372,1.0,False,False
gap_mrr5_BNS_minus_LOC,flesch_reading_ease,0.0528562979362531,0.17566853372006588,658,0.18463444857496902,1.0,False,False
gap_mrr5_BNS_minus_LOC,smog_index,0.0831430251758933,0.0329754414343681,658,0.18463444857496902,1.0,False,False
gap_mrr5_BNS_minus_LOC,gunning_fog,0.01989244111274144,0.6105059649595912,658,0.18463444857496902,1.0,False,False
gap_mrr5_BNS_minus_LOC,coleman_liau_index,-0.06082609829769739,0.11905362650483614,658,0.18463444857496902,1.0,False,False
gap_mrr5_BNS_minus_LOC,automated_readability_index,-0.05568142813716529,0.15366523169818982,658,0.18463444857496902,1.0,False,False
gap_mrr5_BNS_minus_LOC,has_stacktrace,-0.027581074418445758,0.4783406370774239,663,0.1784386617100372,1.0,False,False
gap_mrr5_BNS_minus_LOC,has_code,-0.07030162207464388,0.07045033453725298,663,0.1784386617100372,1.0,False,False
gap_mrr5_BNS_minus_LOC,has_patch,0.019260122171838666,0.6205755014768497,663,0.1784386617100372,1.0,False,False
gap_mrr5_BNS_minus_LOC,has_enumeration,-0.02241756381794297,0.5644744317292543,663,0.1784386617100372,1.0,False,False
gap_mrr5_BNS_minus_LOC,num_causal_markers,-0.04212986910508355,0.27870769628565434,663,0.1784386617100372,1.0,False,False
gap_mrr5_BNS_minus_LOC,num_temporal_markers,0.07403799023098995,0.0567272219112978,663,0.1784386617100372,1.0,False,False
gap_mrr5_BNS_minus_LOC,causal_density,-0.020074070772292188,0.6058826332952334,663,0.1784386617100372,1.0,False,False
gap_mrr5_BNS_minus_LOC,temporal_density,0.0739529121890308,0.05701299539849053,663,0.1784386617100372,1.0,False,False
gap_mrr5_BNS_minus_LOC,num_os_mentions,0.008353086057986375,0.8300170405938144,663,0.1784386617100372,1.0,False,False
gap_mrr5_BNS_minus_LOC,num_browser_mentions,-0.0032179422991706684,0.9340885191082433,663,0.1784386617100372,1.0,False,False
gap_mrr5_BNS_minus_LOC,num_env_mentions,0.00030429006701852124,0.9937603548222596,663,0.1784386617100372,1.0,False,False
gap_mrr5_BNS_minus_LOC,num_versions,-0.075453794502807,0.052143584813566096,663,0.1784386617100372,1.0,False,False
gap_mrr5_BNS_minus_LOC,has_os_info,0.008834500315842264,0.8203826542858588,663,0.1784386617100372,1.0,False,False
gap_mrr5_BNS_minus_LOC,has_version_info,-0.09667203349383276,0.012762617848824211,663,0.1784386617100372,1.0,False,False
gap_mrr5_BNS_minus_LOC,num_exception_types,-0.10149228756764535,0.008919415111789645,663,0.1784386617100372,1.0,False,False
gap_mrr5_BNS_minus_LOC,stacktrace_depth,-0.16531777811259588,1.8843572926737718e-05,663,0.1784386617100372,0.01115539517262873,True,False
gap_mrr5_BNS_minus_LOC,num_caused_by,-0.11620945202406105,0.002728610269381931,663,0.1784386617100372,1.0,False,False
gap_mrr5_BNS_minus_LOC,behavior_verb_count,,,663,0.1784386617100372,,False,False
gap_mrr5_BNS_minus_LOC,behavior_verb_density,,,663,0.1784386617100372,,False,False
gap_mrr5_BNS_minus_LOC,num_modal_verbs,-0.03426031103145925,0.3784502475548286,663,0.1784386617100372,1.0,False,False
gap_mrr5_BNS_minus_LOC,num_negative_modals,0.009947545788915517,0.798213210994245,663,0.1784386617100372,1.0,False,False
gap_mrr5_BNS_minus_LOC,modal_density,-0.032004805562329465,0.4106555096336548,663,0.1784386617100372,1.0,False,False
gap_mrr5_BNS_minus_LOC,redundancy,-0.024140759771415797,0.5349202667692612,663,0.1784386617100372,1.0,False,False
gap_mrr5_BNS_minus_LOC,ambiguity,0.06317287776051597,0.10412441861030124,663,0.1784386617100372,1.0,False,False
gap_mrr5_BNS_minus_LOC,actionability,-0.12894763901265313,0.0008750863557464484,663,0.1784386617100372,0.47779715023756086,False,False
gap_mrr5_BNS_minus_LOC,clarity,-0.1050455354666981,0.00678565632932413,663,0.1784386617100372,1.0,False,False
gap_mrr5_BNS_minus_LOC,specificity,-0.13376146357998203,0.0005539249866217524,663,0.1784386617100372,0.30798229256169435,False,False
gap_mrr5_BNS_minus_LOC,expected_observed_alignment,-0.0836610639245287,0.03124935029045171,663,0.1784386617100372,1.0,False,False
gap_mrr5_BNS_minus_LOC,technical_depth,-0.13338226523072375,0.0005745598139261193,663,0.1784386617100372,0.3183061369150701,False,False
gap_mrr5_BNS_minus_LOC,hidden_s2r_present,0.06606401404806048,0.08918446364037064,663,0.1784386617100372,1.0,False,False
gap_mrr5_BNS_minus_LOC,causal_reasoning_quality,-0.07994610361762278,0.039597283254562805,663,0.1784386617100372,1.0,False,False
gap_mrr5_BNS_minus_LOC,contradiction_present,0.0312716747150658,0.421463478373141,663,0.1784386617100372,1.0,False,False
gap_mrr5_BNS_minus_LOC,repair_difficulty,0.14344879726255463,0.0002106871637298229,663,0.1784386617100372,0.11924893467107976,False,False
gap_mrr5_BNS_minus_LOC,description_length,-0.1015709994338946,0.008866315747912178,663,0.1784386617100372,1.0,False,False
gap_mrr5_BNS_minus_LOC,confidence,-0.08299192007335039,0.032630888330142604,663,0.1784386617100372,1.0,False,False
gap_mrr5_BNS_minus_LOC,fine_grained_description_length,-0.10145597599159695,0.009588373045161724,651,0.19330855018587356,1.0,False,False
gap_mrr5_BNS_minus_LOC,fine_grained_confidence,-0.10729517065461261,0.006139108914340105,651,0.19330855018587356,1.0,False,False
gap_mrr5_BNS_minus_LOC,has_OB,-0.0560494025041589,0.14941125216241022,663,0.1784386617100372,1.0,False,False
gap_mrr5_BNS_minus_LOC,has_EB,0.025671639362604592,0.5093340645929612,663,0.1784386617100372,1.0,False,False
gap_mrr5_BNS_minus_LOC,has_S2R,,,663,0.1784386617100372,,False,False
gap_mrr5_BNS_minus_LOC,missing_OB,0.0560494025041589,0.14941125216241022,663,0.1784386617100372,1.0,False,False
gap_mrr5_BNS_minus_LOC,missing_EB,-0.025671639362604592,0.5093340645929612,663,0.1784386617100372,1.0,False,False
gap_mrr5_BNS_minus_LOC,missing_S2R,,,663,0.1784386617100372,,False,False
gap_mrr5_BNS_minus_LOC,num_OB,0.014771494721545052,0.7042044560338998,663,0.1784386617100372,1.0,False,False
gap_mrr5_BNS_minus_LOC,num_EB,0.021072275599312774,0.5880790701350813,663,0.1784386617100372,1.0,False,False
gap_mrr5_BNS_minus_LOC,num_S2R,,,663,0.1784386617100372,,False,False
gap_mrr5_LOC_minus_BNS,summary_chars,0.043471147403119685,0.26367569290550236,663,0.1784386617100372,1.0,False,False
gap_mrr5_LOC_minus_BNS,description_chars,0.06842030951536265,0.07832663388366995,663,0.1784386617100372,1.0,False,False
gap_mrr5_LOC_minus_BNS,n_tokens,0.050147246170465974,0.19718762239355034,663,0.1784386617100372,1.0,False,False
gap_mrr5_LOC_minus_BNS,n_words,0.02962690304863172,0.4463080488839891,663,0.1784386617100372,1.0,False,False
gap_mrr5_LOC_minus_BNS,n_sentences,0.08527542209906347,0.028120887639293532,663,0.1784386617100372,1.0,False,False
gap_mrr5_LOC_minus_BNS,flesch_reading_ease,-0.0528562979362531,0.17566853372006588,658,0.18463444857496902,1.0,False,False
gap_mrr5_LOC_minus_BNS,smog_index,-0.0831430251758933,0.0329754414343681,658,0.18463444857496902,1.0,False,False
gap_mrr5_LOC_minus_BNS,gunning_fog,-0.01989244111274144,0.6105059649595912,658,0.18463444857496902,1.0,False,False
gap_mrr5_LOC_minus_BNS,coleman_liau_index,0.06082609829769739,0.11905362650483614,658,0.18463444857496902,1.0,False,False
gap_mrr5_LOC_minus_BNS,automated_readability_index,0.05568142813716529,0.15366523169818982,658,0.18463444857496902,1.0,False,False
gap_mrr5_LOC_minus_BNS,has_stacktrace,0.027581074418445758,0.4783406370774239,663,0.1784386617100372,1.0,False,False
gap_mrr5_LOC_minus_BNS,has_code,0.07030162207464388,0.07045033453725298,663,0.1784386617100372,1.0,False,False
gap_mrr5_LOC_minus_BNS,has_patch,-0.019260122171838666,0.6205755014768497,663,0.1784386617100372,1.0,False,False
gap_mrr5_LOC_minus_BNS,has_enumeration,0.02241756381794297,0.5644744317292543,663,0.1784386617100372,1.0,False,False
gap_mrr5_LOC_minus_BNS,num_causal_markers,0.04212986910508355,0.27870769628565434,663,0.1784386617100372,1.0,False,False
gap_mrr5_LOC_minus_BNS,num_temporal_markers,-0.07403799023098995,0.0567272219112978,663,0.1784386617100372,1.0,False,False
gap_mrr5_LOC_minus_BNS,causal_density,0.020074070772292188,0.6058826332952334,663,0.1784386617100372,1.0,False,False
gap_mrr5_LOC_minus_BNS,temporal_density,-0.0739529121890308,0.05701299539849053,663,0.1784386617100372,1.0,False,False
gap_mrr5_LOC_minus_BNS,num_os_mentions,-0.008353086057986375,0.8300170405938144,663,0.1784386617100372,1.0,False,False
gap_mrr5_LOC_minus_BNS,num_browser_mentions,0.0032179422991706684,0.9340885191082433,663,0.1784386617100372,1.0,False,False
gap_mrr5_LOC_minus_BNS,num_env_mentions,-0.00030429006701852124,0.9937603548222596,663,0.1784386617100372,1.0,False,False
gap_mrr5_LOC_minus_BNS,num_versions,0.075453794502807,0.052143584813566096,663,0.1784386617100372,1.0,False,False
gap_mrr5_LOC_minus_BNS,has_os_info,-0.008834500315842264,0.8203826542858588,663,0.1784386617100372,1.0,False,False
gap_mrr5_LOC_minus_BNS,has_version_info,0.09667203349383276,0.012762617848824211,663,0.1784386617100372,1.0,False,False
gap_mrr5_LOC_minus_BNS,num_exception_types,0.10149228756764535,0.008919415111789645,663,0.1784386617100372,1.0,False,False
gap_mrr5_LOC_minus_BNS,stacktrace_depth,0.16531777811259588,1.8843572926737718e-05,663,0.1784386617100372,0.01115539517262873,True,False
gap_mrr5_LOC_minus_BNS,num_caused_by,0.11620945202406105,0.002728610269381931,663,0.1784386617100372,1.0,False,False
gap_mrr5_LOC_minus_BNS,behavior_verb_count,,,663,0.1784386617100372,,False,False
gap_mrr5_LOC_minus_BNS,behavior_verb_density,,,663,0.1784386617100372,,False,False
gap_mrr5_LOC_minus_BNS,num_modal_verbs,0.03426031103145925,0.3784502475548286,663,0.1784386617100372,1.0,False,False
gap_mrr5_LOC_minus_BNS,num_negative_modals,-0.009947545788915517,0.798213210994245,663,0.1784386617100372,1.0,False,False
gap_mrr5_LOC_minus_BNS,modal_density,0.032004805562329465,0.4106555096336548,663,0.1784386617100372,1.0,False,False
gap_mrr5_LOC_minus_BNS,redundancy,0.024140759771415797,0.5349202667692612,663,0.1784386617100372,1.0,False,False
gap_mrr5_LOC_minus_BNS,ambiguity,-0.06317287776051597,0.10412441861030124,663,0.1784386617100372,1.0,False,False
gap_mrr5_LOC_minus_BNS,actionability,0.12894763901265313,0.0008750863557464484,663,0.1784386617100372,0.47779715023756086,False,False
gap_mrr5_LOC_minus_BNS,clarity,0.1050455354666981,0.00678565632932413,663,0.1784386617100372,1.0,False,False
gap_mrr5_LOC_minus_BNS,specificity,0.13376146357998203,0.0005539249866217524,663,0.1784386617100372,0.30798229256169435,False,False
gap_mrr5_LOC_minus_BNS,expected_observed_alignment,0.0836610639245287,0.03124935029045171,663,0.1784386617100372,1.0,False,False
gap_mrr5_LOC_minus_BNS,technical_depth,0.13338226523072375,0.0005745598139261193,663,0.1784386617100372,0.3183061369150701,False,False
gap_mrr5_LOC_minus_BNS,hidden_s2r_present,-0.06606401404806048,0.08918446364037064,663,0.1784386617100372,1.0,False,False
gap_mrr5_LOC_minus_BNS,causal_reasoning_quality,0.07994610361762278,0.039597283254562805,663,0.1784386617100372,1.0,False,False
gap_mrr5_LOC_minus_BNS,contradiction_present,-0.0312716747150658,0.421463478373141,663,0.1784386617100372,1.0,False,False
gap_mrr5_LOC_minus_BNS,repair_difficulty,-0.14344879726255463,0.0002106871637298229,663,0.1784386617100372,0.11924893467107976,False,False
gap_mrr5_LOC_minus_BNS,description_length,0.1015709994338946,0.008866315747912178,663,0.1784386617100372,1.0,False,False
gap_mrr5_LOC_minus_BNS,confidence,0.08299192007335039,0.032630888330142604,663,0.1784386617100372,1.0,False,False
gap_mrr5_LOC_minus_BNS,fine_grained_description_length,0.10145597599159695,0.009588373045161724,651,0.19330855018587356,1.0,False,False
gap_mrr5_LOC_minus_BNS,fine_grained_confidence,0.10729517065461261,0.006139108914340105,651,0.19330855018587356,1.0,False,False
gap_mrr5_LOC_minus_BNS,has_OB,0.0560494025041589,0.14941125216241022,663,0.1784386617100372,1.0,False,False
gap_mrr5_LOC_minus_BNS,has_EB,-0.025671639362604592,0.5093340645929612,663,0.1784386617100372,1.0,False,False
gap_mrr5_LOC_minus_BNS,has_S2R,,,663,0.1784386617100372,,False,False
gap_mrr5_LOC_minus_BNS,missing_OB,-0.0560494025041589,0.14941125216241022,663,0.1784386617100372,1.0,False,False
gap_mrr5_LOC_minus_BNS,missing_EB,0.025671639362604592,0.5093340645929612,663,0.1784386617100372,1.0,False,False
gap_mrr5_LOC_minus_BNS,missing_S2R,,,663,0.1784386617100372,,False,False
gap_mrr5_LOC_minus_BNS,num_OB,-0.014771494721545052,0.7042044560338998,663,0.1784386617100372,1.0,False,False
gap_mrr5_LOC_minus_BNS,num_EB,-0.021072275599312774,0.5880790701350813,663,0.1784386617100372,1.0,False,False
gap_mrr5_LOC_minus_BNS,num_S2R,,,663,0.1784386617100372,,False,False
gap_mrr5_BL_minus_LOC,summary_chars,-0.07118664657052665,0.0669759495954874,663,0.1784386617100372,1.0,False,False
gap_mrr5_BL_minus_LOC,description_chars,-0.018760385143662035,0.6296723625490512,663,0.1784386617100372,1.0,False,False
gap_mrr5_BL_minus_LOC,n_tokens,-0.006676375860662511,0.8637629395554347,663,0.1784386617100372,1.0,False,False
gap_mrr5_BL_minus_LOC,n_words,0.0013328677085193855,0.9726738249012276,663,0.1784386617100372,1.0,False,False
gap_mrr5_BL_minus_LOC,n_sentences,0.011986044507986474,0.7580406448145671,663,0.1784386617100372,1.0,False,False
gap_mrr5_BL_minus_LOC,flesch_reading_ease,-0.02410082164541242,0.5371445875417302,658,0.18463444857496902,1.0,False,False
gap_mrr5_BL_minus_LOC,smog_index,0.009115018069925524,0.8154707933392571,658,0.18463444857496902,1.0,False,False
gap_mrr5_BL_minus_LOC,gunning_fog,-0.016204544208580873,0.6782092956787173,658,0.18463444857496902,1.0,False,False
gap_mrr5_BL_minus_LOC,coleman_liau_index,0.04071131279244239,0.297062516652243,658,0.18463444857496902,1.0,False,False
gap_mrr5_BL_minus_LOC,automated_readability_index,0.02032169399002638,0.6028233172179237,658,0.18463444857496902,1.0,False,False
gap_mrr5_BL_minus_LOC,has_stacktrace,0.07137586251913755,0.06625170029243757,663,0.1784386617100372,1.0,False,False
gap_mrr5_BL_minus_LOC,has_code,-0.02891200357053779,0.4573608506847856,663,0.1784386617100372,1.0,False,False
gap_mrr5_BL_minus_LOC,has_patch,-0.022172685345109817,0.5687370640600581,663,0.1784386617100372,1.0,False,False
gap_mrr5_BL_minus_LOC,has_enumeration,-0.013889305296369388,0.7211104324890969,663,0.1784386617100372,1.0,False,False
gap_mrr5_BL_minus_LOC,num_causal_markers,-0.0040995860240178785,0.9160896657626565,663,0.1784386617100372,1.0,False,False
gap_mrr5_BL_minus_LOC,num_temporal_markers,0.03520132105307952,0.36548583270884005,663,0.1784386617100372,1.0,False,False
gap_mrr5_BL_minus_LOC,causal_density,-0.030022078111019486,0.44026409510491205,663,0.1784386617100372,1.0,False,False
gap_mrr5_BL_minus_LOC,temporal_density,0.03210557126224179,0.40918294855032555,663,0.1784386617100372,1.0,False,False
gap_mrr5_BL_minus_LOC,num_os_mentions,-0.035255722171975035,0.3647448979752086,663,0.1784386617100372,1.0,False,False
gap_mrr5_BL_minus_LOC,num_browser_mentions,-0.06316473450163683,0.10416914055742096,663,0.1784386617100372,1.0,False,False
gap_mrr5_BL_minus_LOC,num_env_mentions,0.032716579344178966,0.4003211944695897,663,0.1784386617100372,1.0,False,False
gap_mrr5_BL_minus_LOC,num_versions,-0.04346855768510183,0.2637041681439315,663,0.1784386617100372,1.0,False,False
gap_mrr5_BL_minus_LOC,has_os_info,-0.03550789572957733,0.3613225769970023,663,0.1784386617100372,1.0,False,False
gap_mrr5_BL_minus_LOC,has_version_info,-0.08292950978875956,0.0327623638432499,663,0.1784386617100372,1.0,False,False
gap_mrr5_BL_minus_LOC,num_exception_types,0.029711994241567646,0.4450026654855377,663,0.1784386617100372,1.0,False,False
gap_mrr5_BL_minus_LOC,stacktrace_depth,-0.011924592288897846,0.7592427967681438,663,0.1784386617100372,1.0,False,False
gap_mrr5_BL_minus_LOC,num_caused_by,-0.036418251293948906,0.3491357976823378,663,0.1784386617100372,1.0,False,False
gap_mrr5_BL_minus_LOC,behavior_verb_count,,,663,0.1784386617100372,,False,False
gap_mrr5_BL_minus_LOC,behavior_verb_density,,,663,0.1784386617100372,,False,False
gap_mrr5_BL_minus_LOC,num_modal_verbs,-0.03899384358033003,0.3160872894067145,663,0.1784386617100372,1.0,False,False
gap_mrr5_BL_minus_LOC,num_negative_modals,-0.02702185971752742,0.48730978020859306,663,0.1784386617100372,1.0,False,False
gap_mrr5_BL_minus_LOC,modal_density,-0.047829813466572,0.21871969496631288,663,0.1784386617100372,1.0,False,False
gap_mrr5_BL_minus_LOC,redundancy,0.006845653648725697,0.8603436589902884,663,0.1784386617100372,1.0,False,False
gap_mrr5_BL_minus_LOC,ambiguity,0.01639979540400422,0.6733853825488073,663,0.1784386617100372,1.0,False,False
gap_mrr5_BL_minus_LOC,actionability,-0.10363445199608072,0.007571127200918662,663,0.1784386617100372,1.0,False,False
gap_mrr5_BL_minus_LOC,clarity,-0.0976220062687839,0.011906134513021856,663,0.1784386617100372,1.0,False,False
gap_mrr5_BL_minus_LOC,specificity,-0.1040078428474753,0.007355736763636501,663,0.1784386617100372,1.0,False,False
gap_mrr5_BL_minus_LOC,expected_observed_alignment,-0.06432512355913365,0.09794831963607044,663,0.1784386617100372,1.0,False,False
gap_mrr5_BL_minus_LOC,technical_depth,-0.06790400699977535,0.08060899270455758,663,0.1784386617100372,1.0,False,False
gap_mrr5_BL_minus_LOC,hidden_s2r_present,0.03988162079495191,0.30518697467298317,663,0.1784386617100372,1.0,False,False
gap_mrr5_BL_minus_LOC,causal_reasoning_quality,-0.07913088936725392,0.04166263395342362,663,0.1784386617100372,1.0,False,False
gap_mrr5_BL_minus_LOC,contradiction_present,0.013178113376220255,0.7348396332340769,663,0.1784386617100372,1.0,False,False
gap_mrr5_BL_minus_LOC,repair_difficulty,0.14673017528455498,0.00014971933148070707,663,0.1784386617100372,0.08504058028104161,False,False
gap_mrr5_BL_minus_LOC,description_length,-0.06063412043613859,0.11882033428473873,663,0.1784386617100372,1.0,False,False
gap_mrr5_BL_minus_LOC,confidence,-0.07385598998906176,0.057340007887119494,663,0.1784386617100372,1.0,False,False
gap_mrr5_BL_minus_LOC,fine_grained_description_length,-0.05778751714416492,0.14079725501103238,651,0.19330855018587356,1.0,False,False
gap_mrr5_BL_minus_LOC,fine_grained_confidence,-0.09323839992266082,0.017333156200652435,651,0.19330855018587356,1.0,False,False
gap_mrr5_BL_minus_LOC,has_OB,-0.05818402290440796,0.13449503128057805,663,0.1784386617100372,1.0,False,False
gap_mrr5_BL_minus_LOC,has_EB,0.023724543778453178,0.5419868074226377,663,0.1784386617100372,1.0,False,False
gap_mrr5_BL_minus_LOC,has_S2R,,,663,0.1784386617100372,,False,False
gap_mrr5_BL_minus_LOC,missing_OB,0.05818402290440796,0.13449503128057805,663,0.1784386617100372,1.0,False,False
gap_mrr5_BL_minus_LOC,missing_EB,-0.023724543778453178,0.5419868074226377,663,0.1784386617100372,1.0,False,False
gap_mrr5_BL_minus_LOC,missing_S2R,,,663,0.1784386617100372,,False,False
gap_mrr5_BL_minus_LOC,num_OB,0.03502261495936222,0.36792637348363644,663,0.1784386617100372,1.0,False,False
gap_mrr5_BL_minus_LOC,num_EB,0.005129818970015835,0.8951122458055976,663,0.1784386617100372,1.0,False,False
gap_mrr5_BL_minus_LOC,num_S2R,,,663,0.1784386617100372,,False,False
gap_mrr5_LOC_minus_BL,summary_chars,0.07118664657052665,0.0669759495954874,663,0.1784386617100372,1.0,False,False
gap_mrr5_LOC_minus_BL,description_chars,0.018760385143662035,0.6296723625490512,663,0.1784386617100372,1.0,False,False
gap_mrr5_LOC_minus_BL,n_tokens,0.006676375860662511,0.8637629395554347,663,0.1784386617100372,1.0,False,False
gap_mrr5_LOC_minus_BL,n_words,-0.0013328677085193855,0.9726738249012276,663,0.1784386617100372,1.0,False,False
gap_mrr5_LOC_minus_BL,n_sentences,-0.011986044507986474,0.7580406448145671,663,0.1784386617100372,1.0,False,False
gap_mrr5_LOC_minus_BL,flesch_reading_ease,0.02410082164541242,0.5371445875417302,658,0.18463444857496902,1.0,False,False
gap_mrr5_LOC_minus_BL,smog_index,-0.009115018069925524,0.8154707933392571,658,0.18463444857496902,1.0,False,False
gap_mrr5_LOC_minus_BL,gunning_fog,0.016204544208580873,0.6782092956787173,658,0.18463444857496902,1.0,False,False
gap_mrr5_LOC_minus_BL,coleman_liau_index,-0.04071131279244239,0.297062516652243,658,0.18463444857496902,1.0,False,False
gap_mrr5_LOC_minus_BL,automated_readability_index,-0.02032169399002638,0.6028233172179237,658,0.18463444857496902,1.0,False,False
gap_mrr5_LOC_minus_BL,has_stacktrace,-0.07137586251913755,0.06625170029243757,663,0.1784386617100372,1.0,False,False
gap_mrr5_LOC_minus_BL,has_code,0.02891200357053779,0.4573608506847856,663,0.1784386617100372,1.0,False,False
gap_mrr5_LOC_minus_BL,has_patch,0.022172685345109817,0.5687370640600581,663,0.1784386617100372,1.0,False,False
gap_mrr5_LOC_minus_BL,has_enumeration,0.013889305296369388,0.7211104324890969,663,0.1784386617100372,1.0,False,False
gap_mrr5_LOC_minus_BL,num_causal_markers,0.0040995860240178785,0.9160896657626565,663,0.1784386617100372,1.0,False,False
gap_mrr5_LOC_minus_BL,num_temporal_markers,-0.03520132105307952,0.36548583270884005,663,0.1784386617100372,1.0,False,False
gap_mrr5_LOC_minus_BL,causal_density,0.030022078111019486,0.44026409510491205,663,0.1784386617100372,1.0,False,False
gap_mrr5_LOC_minus_BL,temporal_density,-0.03210557126224179,0.40918294855032555,663,0.1784386617100372,1.0,False,False
gap_mrr5_LOC_minus_BL,num_os_mentions,0.035255722171975035,0.3647448979752086,663,0.1784386617100372,1.0,False,False
gap_mrr5_LOC_minus_BL,num_browser_mentions,0.06316473450163683,0.10416914055742096,663,0.1784386617100372,1.0,False,False
gap_mrr5_LOC_minus_BL,num_env_mentions,-0.032716579344178966,0.4003211944695897,663,0.1784386617100372,1.0,False,False
gap_mrr5_LOC_minus_BL,num_versions,0.04346855768510183,0.2637041681439315,663,0.1784386617100372,1.0,False,False
gap_mrr5_LOC_minus_BL,has_os_info,0.03550789572957733,0.3613225769970023,663,0.1784386617100372,1.0,False,False
gap_mrr5_LOC_minus_BL,has_version_info,0.08292950978875956,0.0327623638432499,663,0.1784386617100372,1.0,False,False
gap_mrr5_LOC_minus_BL,num_exception_types,-0.029711994241567646,0.4450026654855377,663,0.1784386617100372,1.0,False,False
gap_mrr5_LOC_minus_BL,stacktrace_depth,0.011924592288897846,0.7592427967681438,663,0.1784386617100372,1.0,False,False
gap_mrr5_LOC_minus_BL,num_caused_by,0.036418251293948906,0.3491357976823378,663,0.1784386617100372,1.0,False,False
gap_mrr5_LOC_minus_BL,behavior_verb_count,,,663,0.1784386617100372,,False,False
gap_mrr5_LOC_minus_BL,behavior_verb_density,,,663,0.1784386617100372,,False,False
gap_mrr5_LOC_minus_BL,num_modal_verbs,0.03899384358033003,0.3160872894067145,663,0.1784386617100372,1.0,False,False
gap_mrr5_LOC_minus_BL,num_negative_modals,0.02702185971752742,0.48730978020859306,663,0.1784386617100372,1.0,False,False
gap_mrr5_LOC_minus_BL,modal_density,0.047829813466572,0.21871969496631288,663,0.1784386617100372,1.0,False,False
gap_mrr5_LOC_minus_BL,redundancy,-0.006845653648725697,0.8603436589902884,663,0.1784386617100372,1.0,False,False
gap_mrr5_LOC_minus_BL,ambiguity,-0.01639979540400422,0.6733853825488073,663,0.1784386617100372,1.0,False,False
gap_mrr5_LOC_minus_BL,actionability,0.10363445199608072,0.007571127200918662,663,0.1784386617100372,1.0,False,False
gap_mrr5_LOC_minus_BL,clarity,0.0976220062687839,0.011906134513021856,663,0.1784386617100372,1.0,False,False
gap_mrr5_LOC_minus_BL,specificity,0.1040078428474753,0.007355736763636501,663,0.1784386617100372,1.0,False,False
gap_mrr5_LOC_minus_BL,expected_observed_alignment,0.06432512355913365,0.09794831963607044,663,0.1784386617100372,1.0,False,False
gap_mrr5_LOC_minus_BL,technical_depth,0.06790400699977535,0.08060899270455758,663,0.1784386617100372,1.0,False,False
gap_mrr5_LOC_minus_BL,hidden_s2r_present,-0.03988162079495191,0.30518697467298317,663,0.1784386617100372,1.0,False,False
gap_mrr5_LOC_minus_BL,causal_reasoning_quality,0.07913088936725392,0.04166263395342362,663,0.1784386617100372,1.0,False,False
gap_mrr5_LOC_minus_BL,contradiction_present,-0.013178113376220255,0.7348396332340769,663,0.1784386617100372,1.0,False,False
gap_mrr5_LOC_minus_BL,repair_difficulty,-0.14673017528455498,0.00014971933148070707,663,0.1784386617100372,0.08504058028104161,False,False
gap_mrr5_LOC_minus_BL,description_length,0.06063412043613859,0.11882033428473873,663,0.1784386617100372,1.0,False,False
gap_mrr5_LOC_minus_BL,confidence,0.07385598998906176,0.057340007887119494,663,0.1784386617100372,1.0,False,False
gap_mrr5_LOC_minus_BL,fine_grained_description_length,0.05778751714416492,0.14079725501103238,651,0.19330855018587356,1.0,False,False
gap_mrr5_LOC_minus_BL,fine_grained_confidence,0.09323839992266082,0.017333156200652435,651,0.19330855018587356,1.0,False,False
gap_mrr5_LOC_minus_BL,has_OB,0.05818402290440796,0.13449503128057805,663,0.1784386617100372,1.0,False,False
gap_mrr5_LOC_minus_BL,has_EB,-0.023724543778453178,0.5419868074226377,663,0.1784386617100372,1.0,False,False
gap_mrr5_LOC_minus_BL,has_S2R,,,663,0.1784386617100372,,False,False
gap_mrr5_LOC_minus_BL,missing_OB,-0.05818402290440796,0.13449503128057805,663,0.1784386617100372,1.0,False,False
gap_mrr5_LOC_minus_BL,missing_EB,0.023724543778453178,0.5419868074226377,663,0.1784386617100372,1.0,False,False
gap_mrr5_LOC_minus_BL,missing_S2R,,,663,0.1784386617100372,,False,False
gap_mrr5_LOC_minus_BL,num_OB,-0.03502261495936222,0.36792637348363644,663,0.1784386617100372,1.0,False,False
gap_mrr5_LOC_minus_BL,num_EB,-0.005129818970015835,0.8951122458055976,663,0.1784386617100372,1.0,False,False
gap_mrr5_LOC_minus_BL,num_S2R,,,663,0.1784386617100372,,False,False
