tool,feature,corr,pval,n,analysis,pval_adj,reject,practically_significant
FlexFL,summary_chars,-0.20730202448316193,4.5292977328322335e-07,582,rank_quality_among_found,8.786837601694533e-05,True,True
FlexFL,description_chars,-0.08042066915682379,0.05248999104330332,582,rank_quality_among_found,1.0,False,False
FlexFL,n_tokens,-0.1021632525396262,0.01367032967313679,582,rank_quality_among_found,1.0,False,False
FlexFL,n_words,-0.11873282815044381,0.004125725067533742,582,rank_quality_among_found,0.6724931860079999,False,False
FlexFL,n_sentences,-0.049195772660257604,0.23601818888302645,582,rank_quality_among_found,1.0,False,False
FlexFL,flesch_reading_ease,-0.17791413386283497,1.717886063744058e-05,577,rank_quality_among_found,0.0031437314966516264,True,False
FlexFL,smog_index,-0.013354987000156601,0.7488800865589228,577,rank_quality_among_found,1.0,False,False
FlexFL,gunning_fog,0.009242487385878757,0.8246755331597986,577,rank_quality_among_found,1.0,False,False
FlexFL,coleman_liau_index,0.1929329613201077,3.037190995388009e-06,577,rank_quality_among_found,0.0005709919071329457,True,False
FlexFL,automated_readability_index,0.21649112989981958,1.5092965541897996e-07,577,rank_quality_among_found,2.958221246212007e-05,True,True
FlexFL,has_stacktrace,0.010860881766925762,0.7937380523606422,582,rank_quality_among_found,1.0,False,False
FlexFL,has_code,-0.10710474804904364,0.009716627035083759,582,rank_quality_among_found,1.0,False,False
FlexFL,has_patch,-0.0679137257870214,0.10167971021657046,582,rank_quality_among_found,1.0,False,False
FlexFL,has_enumeration,-0.035689531886678214,0.3901082012702478,582,rank_quality_among_found,1.0,False,False
FlexFL,num_causal_markers,-0.12241442777833261,0.0030965079648251326,582,rank_quality_among_found,0.514020322160972,False,False
FlexFL,num_temporal_markers,-0.03196159121757631,0.4415360373789923,582,rank_quality_among_found,1.0,False,False
FlexFL,causal_density,-0.10856567111797019,0.008761249418180513,582,rank_quality_among_found,1.0,False,False
FlexFL,temporal_density,-0.03672422629979918,0.3765053171266015,582,rank_quality_among_found,1.0,False,False
FlexFL,num_os_mentions,-0.02832073851829887,0.4953043604315306,582,rank_quality_among_found,1.0,False,False
FlexFL,num_browser_mentions,0.024970053650765028,0.5477113682832803,582,rank_quality_among_found,1.0,False,False
FlexFL,num_env_mentions,0.040561309975581036,0.32865492466241775,582,rank_quality_among_found,1.0,False,False
FlexFL,num_versions,-0.17616664385184447,1.917393804781104e-05,582,rank_quality_among_found,0.003451308848605987,True,False
FlexFL,has_os_info,-0.03029189471495922,0.46577020493664756,582,rank_quality_among_found,1.0,False,False
FlexFL,has_version_info,-0.18508083343306272,6.979878129222561e-06,582,rank_quality_among_found,0.0012982573320353963,True,False
FlexFL,num_exception_types,0.032136789607894435,0.4390356241939487,582,rank_quality_among_found,1.0,False,False
FlexFL,stacktrace_depth,0.018501844237554334,0.6560093806912702,582,rank_quality_among_found,1.0,False,False
FlexFL,num_caused_by,0.09808075916409079,0.017943185731557162,582,rank_quality_among_found,1.0,False,False
FlexFL,num_modal_verbs,0.06240884260465453,0.13262709459804778,582,rank_quality_among_found,1.0,False,False
FlexFL,num_negative_modals,-0.05917939366642007,0.1539075406580094,582,rank_quality_among_found,1.0,False,False
FlexFL,modal_density,0.07352192338593219,0.07634834204583066,582,rank_quality_among_found,1.0,False,False
FlexFL,redundancy,0.029456568966650637,0.4781654268935607,582,rank_quality_among_found,1.0,False,False
FlexFL,ambiguity,-0.08710242078608897,0.03565904385076475,582,rank_quality_among_found,1.0,False,False
FlexFL,actionability,-0.20154006294778892,9.485423674627317e-07,582,rank_quality_among_found,0.00018117159218538175,True,True
FlexFL,clarity,-0.17180721163663687,3.087626544309616e-05,582,rank_quality_among_found,0.005526851514314213,True,False
FlexFL,specificity,-0.18709546170014998,5.517061521236435e-06,582,rank_quality_among_found,0.0010316905044712133,True,False
FlexFL,expected_observed_alignment,-0.20881903459172316,3.7151498279565367e-07,582,rank_quality_among_found,7.244542164515247e-05,True,True
FlexFL,technical_depth,-0.1766070299492748,1.8261171118904227e-05,582,rank_quality_among_found,0.003305271972521665,True,False
FlexFL,hidden_s2r_present,0.12336784846102075,0.0028711513330871765,582,rank_quality_among_found,0.4794822726255585,False,False
FlexFL,causal_reasoning_quality,-0.20553014259459976,5.698121833561607e-07,582,rank_quality_among_found,0.00010997375138773901,True,True
FlexFL,contradiction_present,-0.02842998451133249,0.4936418095628191,582,rank_quality_among_found,1.0,False,False
FlexFL,repair_difficulty,0.2244616441292952,4.4144238082244634e-08,582,rank_quality_among_found,8.740559140284438e-06,True,True
FlexFL,description_length,-0.2005303873722832,1.0773682668496843e-06,582,rank_quality_among_found,0.00020362260243459034,True,True
FlexFL,confidence,-0.20384118538176485,7.078716650259222e-07,582,rank_quality_among_found,0.00013591135968497707,True,True
FlexFL,fine_grained_confidence,-0.22649737387011828,4.457436028770651e-08,571,rank_quality_among_found,8.781148976678181e-06,True,True
FlexFL,has_OB,-0.09721298000515104,0.018988948228063872,582,rank_quality_among_found,1.0,False,False
FlexFL,has_EB,0.0034423628958039154,0.9339568200944282,582,rank_quality_among_found,1.0,False,False
FlexFL,missing_OB,0.09721298000515104,0.018988948228063872,582,rank_quality_among_found,1.0,False,False
FlexFL,missing_EB,-0.0034423628958039154,0.9339568200944282,582,rank_quality_among_found,1.0,False,False
FlexFL,num_OB,-0.010337713914702935,0.8034656115608785,582,rank_quality_among_found,1.0,False,False
FlexFL,num_EB,0.0016639351701820684,0.9680487802062201,582,rank_quality_among_found,1.0,False,False
boostnsift,summary_chars,-0.1917166908414096,9.555326575223642e-05,409,rank_quality_among_found,0.016912928038145845,True,False
boostnsift,description_chars,0.03351414980685965,0.4991058856142846,409,rank_quality_among_found,1.0,False,False
boostnsift,n_tokens,0.040080560976909464,0.41884696536979704,409,rank_quality_among_found,1.0,False,False
boostnsift,n_words,0.017419809701107285,0.7254065839631878,409,rank_quality_among_found,1.0,False,False
boostnsift,n_sentences,0.04754103188699536,0.33752969942521593,409,rank_quality_among_found,1.0,False,False
boostnsift,flesch_reading_ease,-0.17992220977723816,0.00025473152621713807,409,rank_quality_among_found,0.04406855403556489,True,False
boostnsift,smog_index,0.004962047384456171,0.9203088500317602,409,rank_quality_among_found,1.0,False,False
boostnsift,gunning_fog,-0.011734429165897071,0.8129702392290924,409,rank_quality_among_found,1.0,False,False
boostnsift,coleman_liau_index,0.18686149295821958,0.00014411022631306296,409,rank_quality_among_found,0.02521928960478602,True,False
boostnsift,automated_readability_index,0.17729326761485104,0.00031439004823499304,409,rank_quality_among_found,0.05386902558582271,False,False
boostnsift,has_stacktrace,-0.009030530006721368,0.8555231384802268,409,rank_quality_among_found,1.0,False,False
boostnsift,has_code,-0.014521321512197025,0.7696810014838258,409,rank_quality_among_found,1.0,False,False
boostnsift,has_patch,0.0476655093221832,0.33626482863045626,409,rank_quality_among_found,1.0,False,False
boostnsift,has_enumeration,-0.014033199638953312,0.7772157487712831,409,rank_quality_among_found,1.0,False,False
boostnsift,num_causal_markers,-0.08167649269259064,0.09904394487344836,409,rank_quality_among_found,1.0,False,False
boostnsift,num_temporal_markers,-0.03172215983845462,0.5223425962935238,409,rank_quality_among_found,1.0,False,False
boostnsift,causal_density,-0.13133314329127005,0.00782688356620525,409,rank_quality_among_found,1.0,False,False
boostnsift,temporal_density,-0.045499267697948445,0.3587105241578469,409,rank_quality_among_found,1.0,False,False
boostnsift,num_os_mentions,-0.0858331988873874,0.08296118009166747,409,rank_quality_among_found,1.0,False,False
boostnsift,num_browser_mentions,0.009261787401815892,0.851865433446656,409,rank_quality_among_found,1.0,False,False
boostnsift,num_env_mentions,0.03934170989978943,0.42748132361783353,409,rank_quality_among_found,1.0,False,False
boostnsift,num_versions,-0.02991014635350752,0.5463896603501239,409,rank_quality_among_found,1.0,False,False
boostnsift,has_os_info,-0.08847644143442249,0.07388003033678156,409,rank_quality_among_found,1.0,False,False
boostnsift,has_version_info,-0.052459828666526175,0.28986570215323554,409,rank_quality_among_found,1.0,False,False
boostnsift,num_exception_types,0.024567027739758385,0.6203237427363933,409,rank_quality_among_found,1.0,False,False
boostnsift,stacktrace_depth,0.07754087546939055,0.1174128106118744,409,rank_quality_among_found,1.0,False,False
boostnsift,num_caused_by,0.0338965307152315,0.4942193639384421,409,rank_quality_among_found,1.0,False,False
boostnsift,num_modal_verbs,-0.03522159601586154,0.47748521919110987,409,rank_quality_among_found,1.0,False,False
boostnsift,num_negative_modals,0.005077431190437418,0.9184621377959126,409,rank_quality_among_found,1.0,False,False
boostnsift,modal_density,-0.055091639098472436,0.2663128032310564,409,rank_quality_among_found,1.0,False,False
boostnsift,redundancy,0.05582468988837406,0.2599929716253633,409,rank_quality_among_found,1.0,False,False
boostnsift,ambiguity,0.06374919486105371,0.19822994733683896,409,rank_quality_among_found,1.0,False,False
boostnsift,actionability,-0.11072643954242856,0.0251337981239393,409,rank_quality_among_found,1.0,False,False
boostnsift,clarity,-0.08813156928308402,0.07501683563090591,409,rank_quality_among_found,1.0,False,False
boostnsift,specificity,-0.06110737943461724,0.21750462487348973,409,rank_quality_among_found,1.0,False,False
boostnsift,expected_observed_alignment,-0.10869713881500126,0.027945393733357218,409,rank_quality_among_found,1.0,False,False
boostnsift,technical_depth,-0.05453766771602326,0.2711580737742709,409,rank_quality_among_found,1.0,False,False
boostnsift,hidden_s2r_present,0.032902295568588424,0.5069777810883234,409,rank_quality_among_found,1.0,False,False
boostnsift,causal_reasoning_quality,-0.13735660241543282,0.005393125974317596,409,rank_quality_among_found,0.8736864078394505,False,False
boostnsift,contradiction_present,0.07694183441223927,0.1202813559838246,409,rank_quality_among_found,1.0,False,False
boostnsift,repair_difficulty,0.19006921235504406,0.00010997517693893414,409,rank_quality_among_found,0.01935563114125241,True,False
boostnsift,description_length,-0.025368253035982998,0.6089636640639637,409,rank_quality_among_found,1.0,False,False
boostnsift,confidence,-0.12981095157756017,0.008579790738273842,409,rank_quality_among_found,1.0,False,False
boostnsift,fine_grained_confidence,-0.13005000164422933,0.008870736481256438,404,rank_quality_among_found,1.0,False,False
boostnsift,has_OB,-0.12275149948446756,0.012980663324156807,409,rank_quality_among_found,1.0,False,False
boostnsift,has_EB,-0.008495823682508096,0.863992096413873,409,rank_quality_among_found,1.0,False,False
boostnsift,missing_OB,0.12275149948446756,0.012980663324156807,409,rank_quality_among_found,1.0,False,False
boostnsift,missing_EB,0.008495823682508096,0.863992096413873,409,rank_quality_among_found,1.0,False,False
boostnsift,num_OB,0.019914016493907716,0.6880201717454644,409,rank_quality_among_found,1.0,False,False
boostnsift,num_EB,-0.031747077536696436,0.5220157331281192,409,rank_quality_among_found,1.0,False,False
buglocator,summary_chars,-0.1107347523272165,0.02622118936719339,403,rank_quality_among_found,1.0,False,False
buglocator,description_chars,0.07911075463951653,0.11280956662214313,403,rank_quality_among_found,1.0,False,False
buglocator,n_tokens,0.0606333656727966,0.22454036883098608,403,rank_quality_among_found,1.0,False,False
buglocator,n_words,0.04160337700346892,0.4048738162024006,403,rank_quality_among_found,1.0,False,False
buglocator,n_sentences,0.045030441881178704,0.36725380680459874,403,rank_quality_among_found,1.0,False,False
buglocator,flesch_reading_ease,-0.17864348019473414,0.0003131920092198995,403,rank_quality_among_found,0.05386902558582271,False,False
buglocator,smog_index,0.007548728520445767,0.8799196205874071,403,rank_quality_among_found,1.0,False,False
buglocator,gunning_fog,0.0008406129917730957,0.9865780016466983,403,rank_quality_among_found,1.0,False,False
buglocator,coleman_liau_index,0.16383081057673415,0.0009634244999577903,403,rank_quality_among_found,0.16281874049286657,False,False
buglocator,automated_readability_index,0.18167768533862114,0.0002460062424720445,403,rank_quality_among_found,0.04280508619013575,True,False
buglocator,has_stacktrace,0.09060128577019037,0.06923290610500428,403,rank_quality_among_found,1.0,False,False
buglocator,has_code,-0.04841668761173273,0.33229187504655067,403,rank_quality_among_found,1.0,False,False
buglocator,has_patch,0.001149883928173572,0.9816406496592354,403,rank_quality_among_found,1.0,False,False
buglocator,has_enumeration,-0.08722299953932497,0.08031089353841389,403,rank_quality_among_found,1.0,False,False
buglocator,num_causal_markers,-0.08757593488771247,0.07909030196704601,403,rank_quality_among_found,1.0,False,False
buglocator,num_temporal_markers,-0.024673597558798863,0.6214081213070285,403,rank_quality_among_found,1.0,False,False
buglocator,causal_density,-0.1205872295521984,0.015431231976604044,403,rank_quality_among_found,1.0,False,False
buglocator,temporal_density,-0.039399856349374526,0.43023118773077884,403,rank_quality_among_found,1.0,False,False
buglocator,num_os_mentions,0.017214441006774404,0.7304480398904748,403,rank_quality_among_found,1.0,False,False
buglocator,num_browser_mentions,0.04978694975102391,0.31877425904997736,403,rank_quality_among_found,1.0,False,False
buglocator,num_env_mentions,0.08857345706393521,0.07572157561793563,403,rank_quality_among_found,1.0,False,False
buglocator,num_versions,-0.07545110893721806,0.13050289976232024,403,rank_quality_among_found,1.0,False,False
buglocator,has_os_info,0.01832276506028596,0.713831470864879,403,rank_quality_among_found,1.0,False,False
buglocator,has_version_info,-0.09844815723221749,0.0482688111056503,403,rank_quality_among_found,1.0,False,False
buglocator,num_exception_types,0.05369160936672934,0.282249698161659,403,rank_quality_among_found,1.0,False,False
buglocator,stacktrace_depth,0.07324986112288485,0.14213529162819077,403,rank_quality_among_found,1.0,False,False
buglocator,num_caused_by,0.0571547472059138,0.2523145712956696,403,rank_quality_among_found,1.0,False,False
buglocator,num_modal_verbs,-0.005667891885427531,0.9096899581916214,403,rank_quality_among_found,1.0,False,False
buglocator,num_negative_modals,0.04771825532089863,0.33932178420288917,403,rank_quality_among_found,1.0,False,False
buglocator,modal_density,-0.04119002430575899,0.4095614932388658,403,rank_quality_among_found,1.0,False,False
buglocator,redundancy,-0.0075856138402722526,0.8793373382642906,403,rank_quality_among_found,1.0,False,False
buglocator,ambiguity,0.09000062738240854,0.07110565326621794,403,rank_quality_among_found,1.0,False,False
buglocator,actionability,-0.13325346662736778,0.007391051755614676,403,rank_quality_among_found,1.0,False,False
buglocator,clarity,-0.07621226253824194,0.1266565157423705,403,rank_quality_among_found,1.0,False,False
buglocator,specificity,-0.07018253241523774,0.15964612408279136,403,rank_quality_among_found,1.0,False,False
buglocator,expected_observed_alignment,-0.1141350722037933,0.021927475036996668,403,rank_quality_among_found,1.0,False,False
buglocator,technical_depth,-0.06634947452305147,0.1837542031211049,403,rank_quality_among_found,1.0,False,False
buglocator,hidden_s2r_present,0.04460922494975245,0.3717570411160105,403,rank_quality_among_found,1.0,False,False
buglocator,causal_reasoning_quality,-0.17488807712310037,0.0004200286389914192,403,rank_quality_among_found,0.07140486862854127,False,False
buglocator,repair_difficulty,0.21987497371392703,8.393916718132134e-06,403,rank_quality_among_found,0.0015528745928544447,True,True
buglocator,description_length,0.049994981905831015,0.3167538356204326,403,rank_quality_among_found,1.0,False,False
buglocator,confidence,-0.10413574770953302,0.036644615365473185,403,rank_quality_among_found,1.0,False,False
buglocator,fine_grained_confidence,-0.05722552006948725,0.255912694062927,396,rank_quality_among_found,1.0,False,False
buglocator,has_OB,-0.026974162195814742,0.5892530464269594,403,rank_quality_among_found,1.0,False,False
buglocator,has_EB,-0.022462101357107727,0.6530135863027537,403,rank_quality_among_found,1.0,False,False
buglocator,missing_OB,0.026974162195814742,0.5892530464269594,403,rank_quality_among_found,1.0,False,False
buglocator,missing_EB,0.022462101357107727,0.6530135863027537,403,rank_quality_among_found,1.0,False,False
buglocator,num_OB,0.06628444382717152,0.1841852002825275,403,rank_quality_among_found,1.0,False,False
buglocator,num_EB,-0.03091129539385206,0.5360742798125827,403,rank_quality_among_found,1.0,False,False
locus,summary_chars,-0.14914179748253809,0.00315324910459183,390,rank_quality_among_found,0.5202861022576519,False,False
locus,description_chars,0.055572059343485976,0.27361139841748183,390,rank_quality_among_found,1.0,False,False
locus,n_tokens,0.052973320717010955,0.29671024329755114,390,rank_quality_among_found,1.0,False,False
locus,n_words,0.015818834792681546,0.7554861469385459,390,rank_quality_among_found,1.0,False,False
locus,n_sentences,0.06021412963153124,0.23546690568073494,390,rank_quality_among_found,1.0,False,False
locus,flesch_reading_ease,-0.20822368808951808,3.407003363753144e-05,390,rank_quality_among_found,0.006064465987480596,True,True
locus,smog_index,0.061493756290554695,0.2256451299092902,390,rank_quality_among_found,1.0,False,False
locus,gunning_fog,0.09637516576902451,0.05722656341384477,390,rank_quality_among_found,1.0,False,False
locus,coleman_liau_index,0.21562990349724057,1.7444542092882323e-05,390,rank_quality_among_found,0.0031749066609045827,True,True
locus,automated_readability_index,0.22002428141118965,1.159667407388596e-05,390,rank_quality_among_found,0.0021337880295950167,True,True
locus,has_stacktrace,0.060525864704864624,0.23304686199270574,390,rank_quality_among_found,1.0,False,False
locus,has_code,0.013942303274872912,0.7837250145920206,390,rank_quality_among_found,1.0,False,False
locus,has_patch,-0.013955832399596033,0.7835203536196973,390,rank_quality_among_found,1.0,False,False
locus,has_enumeration,-0.06693369051469136,0.1871453050094741,390,rank_quality_among_found,1.0,False,False
locus,num_causal_markers,-0.08843050167930698,0.08112853077443813,390,rank_quality_among_found,1.0,False,False
locus,num_temporal_markers,-0.013123835380556139,0.7961335656887013,390,rank_quality_among_found,1.0,False,False
locus,causal_density,-0.16232619837315013,0.001296489293977484,390,rank_quality_among_found,0.2178102013882173,False,False
locus,temporal_density,-0.01566435283738394,0.7577991755656232,390,rank_quality_among_found,1.0,False,False
locus,num_os_mentions,0.01828951751313904,0.7188024277036063,390,rank_quality_among_found,1.0,False,False
locus,num_browser_mentions,0.03889428842779923,0.44372092449659095,390,rank_quality_among_found,1.0,False,False
locus,num_env_mentions,0.02492256633396688,0.6236544654362547,390,rank_quality_among_found,1.0,False,False
locus,num_versions,-0.012503705979203217,0.8055696612100701,390,rank_quality_among_found,1.0,False,False
locus,has_os_info,0.01587739255539405,0.7546099419129266,390,rank_quality_among_found,1.0,False,False
locus,has_version_info,-0.046798224612858375,0.3566697143709022,390,rank_quality_among_found,1.0,False,False
locus,num_exception_types,0.06237187103111124,0.21907596589536846,390,rank_quality_among_found,1.0,False,False
locus,stacktrace_depth,0.10698151239539706,0.03468656650180666,390,rank_quality_among_found,1.0,False,False
locus,num_caused_by,0.10678902440799842,0.03501570878857188,390,rank_quality_among_found,1.0,False,False
locus,num_modal_verbs,0.017059826076417775,0.7369857967409846,390,rank_quality_among_found,1.0,False,False
locus,num_negative_modals,0.005623909563745321,0.9118481460496992,390,rank_quality_among_found,1.0,False,False
locus,modal_density,0.0068995651116047175,0.8919637788165895,390,rank_quality_among_found,1.0,False,False
locus,redundancy,-0.016313962845834088,0.7480874846094452,390,rank_quality_among_found,1.0,False,False
locus,ambiguity,0.01058067913436895,0.8350050418900735,390,rank_quality_among_found,1.0,False,False
locus,actionability,-0.08128410611022147,0.10899362746348565,390,rank_quality_among_found,1.0,False,False
locus,clarity,-0.10734805637741136,0.03406707478147818,390,rank_quality_among_found,1.0,False,False
locus,specificity,-0.061431457051396375,0.22611645534130312,390,rank_quality_among_found,1.0,False,False
locus,expected_observed_alignment,-0.061188682399261084,0.2279598456027898,390,rank_quality_among_found,1.0,False,False
locus,technical_depth,-0.0374898986898992,0.4603629912706193,390,rank_quality_among_found,1.0,False,False
locus,hidden_s2r_present,0.1089940257764041,0.03140008937430568,390,rank_quality_among_found,1.0,False,False
locus,causal_reasoning_quality,-0.1465275292616806,0.0037308311936212913,390,rank_quality_among_found,0.6118563157538918,False,False
locus,repair_difficulty,0.24500704728858894,9.690637564391277e-07,390,rank_quality_among_found,0.00018412211372343426,True,True
locus,description_length,-0.04219598670543031,0.40597399917009225,390,rank_quality_among_found,1.0,False,False
locus,confidence,-0.1377478013391194,0.006438554022150852,390,rank_quality_among_found,1.0,False,False
locus,fine_grained_confidence,-0.1181363223658109,0.02058249170642347,384,rank_quality_among_found,1.0,False,False
locus,has_OB,-0.053673156936654275,0.29036562367515195,390,rank_quality_among_found,1.0,False,False
locus,has_EB,0.00750427899927284,0.8825605731862505,390,rank_quality_among_found,1.0,False,False
locus,missing_OB,0.053673156936654275,0.29036562367515195,390,rank_quality_among_found,1.0,False,False
locus,missing_EB,-0.00750427899927284,0.8825605731862505,390,rank_quality_among_found,1.0,False,False
locus,num_OB,0.05846091002484594,0.24940739865604408,390,rank_quality_among_found,1.0,False,False
locus,num_EB,-0.0006430130083493952,0.9899008620936245,390,rank_quality_among_found,1.0,False,False
