tool,feature,corr,pval,n,n_found,n_not_found,analysis,pval_adj,reject,practically_significant
FlexFL,summary_chars,0.2546628330057356,7.93892560511938e-14,835,390,445,found_vs_notfound,1.2702280968191009e-11,True,True
FlexFL,description_chars,-0.03998990078371327,0.2483798603761698,835,390,445,found_vs_notfound,1.0,False,False
FlexFL,n_tokens,-0.0025240259489078716,0.9419445527638551,835,390,445,found_vs_notfound,1.0,False,False
FlexFL,n_words,0.009649238358189394,0.7806924896917308,835,390,445,found_vs_notfound,1.0,False,False
FlexFL,n_sentences,-0.03602539198698019,0.2984416601855844,835,390,445,found_vs_notfound,1.0,False,False
FlexFL,flesch_reading_ease,0.14025056791987422,6.066575710210664e-05,812,387,425,found_vs_notfound,0.008614537508499142,True,False
FlexFL,smog_index,0.051483152702355234,0.1427147300827713,812,387,425,found_vs_notfound,1.0,False,False
FlexFL,gunning_fog,-0.010833650701793684,0.7578959126127577,812,387,425,found_vs_notfound,1.0,False,False
FlexFL,coleman_liau_index,-0.15481849016935706,9.353748344159296e-06,812,387,425,found_vs_notfound,0.001356293509903098,True,False
FlexFL,automated_readability_index,-0.16956852437684272,1.1753383295348228e-06,812,387,425,found_vs_notfound,0.00017277473444161895,True,False
FlexFL,has_stacktrace,-0.0026781397408344194,0.9384065960526221,835,390,445,found_vs_notfound,1.0,False,False
FlexFL,has_code,0.08917509765310547,0.009934122385559,835,390,445,found_vs_notfound,1.0,False,False
FlexFL,has_patch,0.04599245202956877,0.18426848285988376,835,390,445,found_vs_notfound,1.0,False,False
FlexFL,has_enumeration,0.04892862987022133,0.15777698140221905,835,390,445,found_vs_notfound,1.0,False,False
FlexFL,num_causal_markers,0.05763405468707729,0.09605179975278333,835,390,445,found_vs_notfound,1.0,False,False
FlexFL,num_temporal_markers,-0.007853408519413284,0.8207359522764179,835,390,445,found_vs_notfound,1.0,False,False
FlexFL,causal_density,0.10251523140031624,0.003019981131249986,835,390,445,found_vs_notfound,0.38353760366874823,False,False
FlexFL,temporal_density,0.015181821750783819,0.6613373209449743,835,390,445,found_vs_notfound,1.0,False,False
FlexFL,num_os_mentions,0.029804409453302295,0.3897118430384508,835,390,445,found_vs_notfound,1.0,False,False
FlexFL,num_browser_mentions,-0.03700307029603546,0.2855122697617779,835,390,445,found_vs_notfound,1.0,False,False
FlexFL,num_env_mentions,-0.02148031604967259,0.5353599930365264,835,390,445,found_vs_notfound,1.0,False,False
FlexFL,num_versions,0.08345256529585617,0.015862147276767543,835,390,445,found_vs_notfound,1.0,False,False
FlexFL,has_os_info,0.0284116789868403,0.4122560522492,835,390,445,found_vs_notfound,1.0,False,False
FlexFL,has_version_info,0.21952073576112602,1.4341396209633973e-10,835,390,445,found_vs_notfound,2.16555082765473e-08,True,True
FlexFL,num_exception_types,0.002503670356531866,0.9424119386781964,835,390,445,found_vs_notfound,1.0,False,False
FlexFL,stacktrace_depth,-0.017314082447685956,0.6173553262558064,835,390,445,found_vs_notfound,1.0,False,False
FlexFL,num_caused_by,-0.06079475263238323,0.07913281325687184,835,390,445,found_vs_notfound,1.0,False,False
FlexFL,num_modal_verbs,-0.05755152349745831,0.09652956866042028,835,390,445,found_vs_notfound,1.0,False,False
FlexFL,num_negative_modals,0.004205391887141242,0.9034224993185561,835,390,445,found_vs_notfound,1.0,False,False
FlexFL,modal_density,-0.08368063699899017,0.015576624378870994,835,390,445,found_vs_notfound,1.0,False,False
FlexFL,redundancy,0.006703780380953301,0.8466246686127656,835,390,445,found_vs_notfound,1.0,False,False
FlexFL,ambiguity,-0.00012774990240547318,0.9970590217200281,835,390,445,found_vs_notfound,1.0,False,False
FlexFL,actionability,0.26890396812379563,2.684607427376362e-15,835,390,445,found_vs_notfound,4.510140477992288e-13,True,True
FlexFL,clarity,0.2518221901839542,1.5224564552753184e-13,835,390,445,found_vs_notfound,2.405481199335003e-11,True,True
FlexFL,specificity,0.2534800122790709,1.0421623116110814e-13,835,390,445,found_vs_notfound,1.6570380754616194e-11,True,True
FlexFL,expected_observed_alignment,0.25892020923105663,2.946960711168123e-14,835,390,445,found_vs_notfound,4.833015566315722e-12,True,True
FlexFL,technical_depth,0.23169958170694974,1.2211521302133102e-11,835,390,445,found_vs_notfound,1.892785801830631e-09,True,True
FlexFL,hidden_s2r_present,-0.1102274111542535,0.001422108856102998,835,390,445,found_vs_notfound,0.18771836900559574,False,False
FlexFL,causal_reasoning_quality,0.2561318939802494,5.6512418068582996e-14,835,390,445,found_vs_notfound,9.105298750072298e-12,True,True
FlexFL,contradiction_present,0.03698832599919321,0.2857044060457818,835,390,445,found_vs_notfound,1.0,False,False
FlexFL,repair_difficulty,-0.2847871114477686,4.805735916581995e-17,835,390,445,found_vs_notfound,8.217808417355212e-15,True,True
FlexFL,description_length,0.1257661557287877,0.0002692531590526285,835,390,445,found_vs_notfound,0.03715693594926273,True,False
FlexFL,confidence,0.24458249441957813,7.718089697790307e-13,835,390,445,found_vs_notfound,1.204021992855288e-10,True,True
FlexFL,fine_grained_confidence,0.2596450962151337,5.6205547839952455e-14,812,381,431,found_vs_notfound,9.105298750072298e-12,True,True
FlexFL,has_OB,0.09047142212159824,0.008903303407708323,835,390,445,found_vs_notfound,1.0,False,False
FlexFL,has_EB,0.0008650522267799471,0.9800873279606207,835,390,445,found_vs_notfound,1.0,False,False
FlexFL,missing_OB,-0.09047142212159823,0.008903303407708323,835,390,445,found_vs_notfound,1.0,False,False
FlexFL,missing_EB,-0.0008650522267798916,0.9800873279606207,835,390,445,found_vs_notfound,1.0,False,False
FlexFL,num_OB,-0.0874957438574212,0.011426624873472346,835,390,445,found_vs_notfound,1.0,False,False
FlexFL,num_EB,0.00023680004757940104,0.9945485675600688,835,390,445,found_vs_notfound,1.0,False,False
boostnsift,summary_chars,0.31306017488851146,1.9203579702866127e-20,835,306,529,found_vs_notfound,3.4182371871101705e-18,True,True
boostnsift,description_chars,-0.10732456760855351,0.0018988159202021682,835,306,529,found_vs_notfound,0.24684606962628186,False,False
boostnsift,n_tokens,-0.03900402217031652,0.2602440312047829,835,306,529,found_vs_notfound,1.0,False,False
boostnsift,n_words,-0.011360276845532646,0.7430707973549264,835,306,529,found_vs_notfound,1.0,False,False
boostnsift,n_sentences,-0.11880982240911668,0.0005812391778491175,835,306,529,found_vs_notfound,0.07904852818747998,False,False
boostnsift,flesch_reading_ease,0.26254951922962355,2.876244011971412e-14,812,306,506,found_vs_notfound,4.76287815946334e-12,True,True
boostnsift,smog_index,-0.005848972224220586,0.8678305896475346,812,306,506,found_vs_notfound,1.0,False,False
boostnsift,gunning_fog,0.012971987976719692,0.7120600090773723,812,306,506,found_vs_notfound,1.0,False,False
boostnsift,coleman_liau_index,-0.28043353969238977,3.8636662631863146e-16,812,306,506,found_vs_notfound,6.529595984784872e-14,True,True
boostnsift,automated_readability_index,-0.28187913947326093,2.6889493775834703e-16,812,306,506,found_vs_notfound,4.5712139418918994e-14,True,True
boostnsift,has_stacktrace,-0.039943782116426144,0.248926294774302,835,306,529,found_vs_notfound,1.0,False,False
boostnsift,has_code,0.07756955281256084,0.024993803865933018,835,306,529,found_vs_notfound,1.0,False,False
boostnsift,has_patch,0.015531935890987112,0.6540296442289203,835,306,529,found_vs_notfound,1.0,False,False
boostnsift,has_enumeration,0.06832311738134052,0.04842281522120982,835,306,529,found_vs_notfound,1.0,False,False
boostnsift,num_causal_markers,0.01050647316391079,0.7617736735606027,835,306,529,found_vs_notfound,1.0,False,False
boostnsift,num_temporal_markers,0.0542105492159948,0.11751437395078328,835,306,529,found_vs_notfound,1.0,False,False
boostnsift,causal_density,0.12035023054607431,0.0004918620490262635,835,306,529,found_vs_notfound,0.0673851007165981,False,False
boostnsift,temporal_density,0.07051211123771667,0.04164729294447272,835,306,529,found_vs_notfound,1.0,False,False
boostnsift,num_os_mentions,0.0468816731319284,0.1759199507111287,835,306,529,found_vs_notfound,1.0,False,False
boostnsift,num_browser_mentions,-0.08676180014918203,0.012139059628686154,835,306,529,found_vs_notfound,1.0,False,False
boostnsift,num_env_mentions,-0.07574004716006433,0.028634823629270986,835,306,529,found_vs_notfound,1.0,False,False
boostnsift,num_versions,0.051298250368054896,0.13858321155237271,835,306,529,found_vs_notfound,1.0,False,False
boostnsift,has_os_info,0.04726875518151532,0.17237505099770825,835,306,529,found_vs_notfound,1.0,False,False
boostnsift,has_version_info,0.22120798952143392,1.0281098372142777e-10,835,306,529,found_vs_notfound,1.5730080509378448e-08,True,True
boostnsift,num_exception_types,-0.06335954497930193,0.06725639356523547,835,306,529,found_vs_notfound,1.0,False,False
boostnsift,stacktrace_depth,-0.10461843318351718,0.0024709725387625013,835,306,529,found_vs_notfound,0.31628448496160017,False,False
boostnsift,num_caused_by,-0.05720738902917602,0.09854223367246788,835,306,529,found_vs_notfound,1.0,False,False
boostnsift,num_modal_verbs,-0.042788138367176654,0.21678018670570548,835,306,529,found_vs_notfound,1.0,False,False
boostnsift,num_negative_modals,-0.010355311705153875,0.7650997972129643,835,306,529,found_vs_notfound,1.0,False,False
boostnsift,modal_density,-0.025731815663803014,0.4577450510528195,835,306,529,found_vs_notfound,1.0,False,False
boostnsift,redundancy,0.028590029927190137,0.40932671668113685,835,306,529,found_vs_notfound,1.0,False,False
boostnsift,ambiguity,0.050961507590781996,0.14119580875117027,835,306,529,found_vs_notfound,1.0,False,False
boostnsift,actionability,0.3162450067328716,7.528635203983632e-21,835,306,529,found_vs_notfound,1.3551543367170537e-18,True,True
boostnsift,clarity,0.3134487577213063,1.7140691244901813e-20,835,306,529,found_vs_notfound,3.0681837328374245e-18,True,True
boostnsift,specificity,0.2861971818644318,3.3198316993271497e-17,835,306,529,found_vs_notfound,5.710110522842697e-15,True,True
boostnsift,expected_observed_alignment,0.3116607005567051,2.887513250841704e-20,835,306,529,found_vs_notfound,5.1108984539898166e-18,True,True
boostnsift,technical_depth,0.2613681546423642,1.6531729794757348e-14,835,306,529,found_vs_notfound,2.760798875724477e-12,True,True
boostnsift,hidden_s2r_present,-0.11012887456586858,0.0014362932871628345,835,306,529,found_vs_notfound,0.18815442061833132,False,False
boostnsift,causal_reasoning_quality,0.33550154011911304,2.0484073337383378e-23,835,306,529,found_vs_notfound,3.789553567415925e-21,True,True
boostnsift,contradiction_present,-0.026336002326921203,0.4472506578258984,835,306,529,found_vs_notfound,1.0,False,False
boostnsift,repair_difficulty,-0.34150461462218606,2.9757065256690323e-24,835,306,529,found_vs_notfound,5.5943282682577805e-22,True,True
boostnsift,description_length,0.11184591508289903,0.0012068284019842892,835,306,529,found_vs_notfound,0.16050817746391047,False,False
boostnsift,confidence,0.30324704018767723,3.2038178921611563e-19,835,306,529,found_vs_notfound,5.574643132360412e-17,True,True
boostnsift,fine_grained_confidence,0.3154145245069561,3.254957371978207e-20,812,303,509,found_vs_notfound,5.728724974681644e-18,True,True
boostnsift,has_OB,0.08415285146752322,0.014999772051190977,835,306,529,found_vs_notfound,1.0,False,False
boostnsift,has_EB,0.03944097578814656,0.25493823559781276,835,306,529,found_vs_notfound,1.0,False,False
boostnsift,missing_OB,-0.08415285146752322,0.014999772051190977,835,306,529,found_vs_notfound,1.0,False,False
boostnsift,missing_EB,-0.039440975788146565,0.25493823559781276,835,306,529,found_vs_notfound,1.0,False,False
boostnsift,num_OB,-0.0036016339778985173,0.9172339736339068,835,306,529,found_vs_notfound,1.0,False,False
boostnsift,num_EB,0.027576840778431474,0.42613195131531195,835,306,529,found_vs_notfound,1.0,False,False
buglocator,summary_chars,0.359193442839852,7.872967995226388e-27,835,312,523,found_vs_notfound,1.5352287590691457e-24,True,True
buglocator,description_chars,-0.07733672614029566,0.025433744951077555,835,312,523,found_vs_notfound,1.0,False,False
buglocator,n_tokens,-0.032578975979871215,0.34708762020073,835,312,523,found_vs_notfound,1.0,False,False
buglocator,n_words,-0.01131681024264785,0.7440194066401047,835,312,523,found_vs_notfound,1.0,False,False
buglocator,n_sentences,-0.0690593169829066,0.04604767420065313,835,312,523,found_vs_notfound,1.0,False,False
buglocator,flesch_reading_ease,0.2077230486319141,2.2956562954947244e-09,812,312,500,found_vs_notfound,3.420527880287139e-07,True,True
buglocator,smog_index,-0.04147061366262565,0.23783402160167247,812,312,500,found_vs_notfound,1.0,False,False
buglocator,gunning_fog,-0.025287555142402343,0.47177783254832084,812,312,500,found_vs_notfound,1.0,False,False
buglocator,coleman_liau_index,-0.22765540735317424,5.2537808279230114e-11,812,312,500,found_vs_notfound,8.090822475001438e-09,True,True
buglocator,automated_readability_index,-0.249680666386904,5.257468543854739e-13,812,312,500,found_vs_notfound,8.25422561385194e-11,True,True
buglocator,has_stacktrace,0.0503627091487449,0.14593466369703703,835,312,523,found_vs_notfound,1.0,False,False
buglocator,has_code,0.13436514998373136,9.839280690298817e-05,835,312,523,found_vs_notfound,0.013676600159515355,True,False
buglocator,has_patch,-0.015235200684694826,0.66022107592852,835,312,523,found_vs_notfound,1.0,False,False
buglocator,has_enumeration,0.09728460248734067,0.004898455381325484,835,312,523,found_vs_notfound,0.6172053780470109,False,False
buglocator,num_causal_markers,0.029890556969160428,0.3883423936828192,835,312,523,found_vs_notfound,1.0,False,False
buglocator,num_temporal_markers,0.07283122872784265,0.03536099091238635,835,312,523,found_vs_notfound,1.0,False,False
buglocator,causal_density,0.11282662948146562,0.0010914417734528951,835,312,523,found_vs_notfound,0.14625319764268793,False,False
buglocator,temporal_density,0.08053913345657396,0.019934203927442277,835,312,523,found_vs_notfound,1.0,False,False
buglocator,num_os_mentions,0.015538945890421917,0.653883664178578,835,312,523,found_vs_notfound,1.0,False,False
buglocator,num_browser_mentions,-0.13540758182276996,8.672393886250299e-05,835,312,523,found_vs_notfound,0.012141351440750419,True,False
buglocator,num_env_mentions,-0.07869355787895849,0.022961248512583382,835,312,523,found_vs_notfound,1.0,False,False
buglocator,num_versions,0.04319580129630146,0.21242907817625112,835,312,523,found_vs_notfound,1.0,False,False
buglocator,has_os_info,0.011395798976567808,0.7422958561094174,835,312,523,found_vs_notfound,1.0,False,False
buglocator,has_version_info,0.25749150943499344,4.11799806043664e-14,835,312,523,found_vs_notfound,6.712336838511723e-12,True,True
buglocator,num_exception_types,0.06478548461725772,0.061313658416028996,835,312,523,found_vs_notfound,1.0,False,False
buglocator,stacktrace_depth,0.006310106552501665,0.855529507629652,835,312,523,found_vs_notfound,1.0,False,False
buglocator,num_caused_by,-0.05015800452080445,0.14758225737634464,835,312,523,found_vs_notfound,1.0,False,False
buglocator,num_modal_verbs,-0.030356857948233694,0.380980715271179,835,312,523,found_vs_notfound,1.0,False,False
buglocator,num_negative_modals,-0.0053362386734118455,0.877634958643143,835,312,523,found_vs_notfound,1.0,False,False
buglocator,modal_density,-0.025686329074625376,0.4585406734292453,835,312,523,found_vs_notfound,1.0,False,False
buglocator,redundancy,0.04833141077434821,0.16291771182848672,835,312,523,found_vs_notfound,1.0,False,False
buglocator,ambiguity,-0.0013740489944689006,0.9683757023650604,835,312,523,found_vs_notfound,1.0,False,False
buglocator,actionability,0.3814635128949098,2.5825990893344718e-30,835,312,523,found_vs_notfound,5.087720205988909e-28,True,True
buglocator,clarity,0.3654784447302155,8.717090448929542e-28,835,312,523,found_vs_notfound,1.7085497279901902e-25,True,True
buglocator,specificity,0.35251360007390625,7.740686906617494e-26,835,312,523,found_vs_notfound,1.4862118860705589e-23,True,True
buglocator,expected_observed_alignment,0.3580362490428894,1.1743572659507159e-26,835,312,523,found_vs_notfound,2.2782530959443887e-24,True,True
buglocator,technical_depth,0.3393619459473739,5.953165603076023e-24,835,312,523,found_vs_notfound,1.1072888021721403e-21,True,True
buglocator,hidden_s2r_present,-0.13673684794248236,7.373167636301416e-05,835,312,523,found_vs_notfound,0.010396166367184996,True,False
buglocator,causal_reasoning_quality,0.3913252762572419,6.034287674890261e-32,835,312,523,found_vs_notfound,1.2008232473031618e-29,True,True
buglocator,contradiction_present,-0.026745050807306252,0.44022393659728015,835,312,523,found_vs_notfound,1.0,False,False
buglocator,repair_difficulty,-0.40892351451641695,5.351744388129202e-35,835,312,523,found_vs_notfound,1.0703488776258404e-32,True,True
buglocator,description_length,0.15397198099117948,7.849714352328347e-06,835,312,523,found_vs_notfound,0.0011460582954399387,True,False
buglocator,confidence,0.33954622272325086,5.609702906812014e-24,835,312,523,found_vs_notfound,1.0490144435738465e-21,True,True
buglocator,fine_grained_confidence,0.3534792996383539,2.6261677805008828e-25,812,307,505,found_vs_notfound,5.015980460756686e-23,True,True
buglocator,has_OB,0.0671870849025036,0.05228890666589846,835,312,523,found_vs_notfound,1.0,False,False
buglocator,has_EB,0.05534158768511874,0.11004298887813574,835,312,523,found_vs_notfound,1.0,False,False
buglocator,missing_OB,-0.06718708490250358,0.05228890666589846,835,312,523,found_vs_notfound,1.0,False,False
buglocator,missing_EB,-0.055341587685118696,0.11004298887813574,835,312,523,found_vs_notfound,1.0,False,False
buglocator,num_OB,-0.052246239585802205,0.13142783181939863,835,312,523,found_vs_notfound,1.0,False,False
buglocator,num_EB,0.03666044240304612,0.2899996750057953,835,312,523,found_vs_notfound,1.0,False,False
locus,summary_chars,0.3540023590665844,4.6729978201448716e-26,835,281,554,found_vs_notfound,9.018885792879603e-24,True,True
locus,description_chars,-0.07326214474408733,0.03428672556001415,835,281,554,found_vs_notfound,1.0,False,False
locus,n_tokens,-0.042170559050648204,0.22349314131304057,835,281,554,found_vs_notfound,1.0,False,False
locus,n_words,-0.04736218292608588,0.17152748472664864,835,281,554,found_vs_notfound,1.0,False,False
locus,n_sentences,-0.08629863626522272,0.012608618094596994,835,281,554,found_vs_notfound,1.0,False,False
locus,flesch_reading_ease,0.194576394827909,2.276730103406177e-08,812,281,531,found_vs_notfound,3.369560553041142e-06,True,False
locus,smog_index,-0.04565784808477896,0.19369627396001765,812,281,531,found_vs_notfound,1.0,False,False
locus,gunning_fog,-0.03002219231078898,0.3928969748801049,812,281,531,found_vs_notfound,1.0,False,False
locus,coleman_liau_index,-0.21083777507024715,1.3030301665070222e-09,812,281,531,found_vs_notfound,1.9545452497605332e-07,True,True
locus,automated_readability_index,-0.22311854754465546,1.28172883427396e-10,812,281,531,found_vs_notfound,1.948227828096419e-08,True,True
locus,has_stacktrace,-0.026684014423132636,0.44126840283276214,835,281,554,found_vs_notfound,1.0,False,False
locus,has_code,0.09011054944382534,0.009180228170686623,835,281,554,found_vs_notfound,1.0,False,False
locus,has_patch,0.01309269145030226,0.7055935502795816,835,281,554,found_vs_notfound,1.0,False,False
locus,has_enumeration,0.06366097068215819,0.06596222202643773,835,281,554,found_vs_notfound,1.0,False,False
locus,num_causal_markers,-0.0025671656465050766,0.94095408586922,835,281,554,found_vs_notfound,1.0,False,False
locus,num_temporal_markers,0.0034508637974630663,0.9206870289767928,835,281,554,found_vs_notfound,1.0,False,False
locus,causal_density,0.10663680904518572,0.002031403254933083,835,281,554,found_vs_notfound,0.2620510198863677,False,False
locus,temporal_density,0.005014392154408066,0.8849622981467494,835,281,554,found_vs_notfound,1.0,False,False
locus,num_os_mentions,0.04392203272551359,0.20483446345329895,835,281,554,found_vs_notfound,1.0,False,False
locus,num_browser_mentions,-0.08896433802442891,0.010111392283205957,835,281,554,found_vs_notfound,1.0,False,False
locus,num_env_mentions,-0.038035888790095694,0.27227009342152747,835,281,554,found_vs_notfound,1.0,False,False
locus,num_versions,0.11344355545894501,0.0010241684857015226,835,281,554,found_vs_notfound,0.13826274556970555,False,False
locus,has_os_info,0.04113963544229838,0.23502734521142957,835,281,554,found_vs_notfound,1.0,False,False
locus,has_version_info,0.2590340100569083,2.8692037105200844e-14,835,281,554,found_vs_notfound,4.76287815946334e-12,True,True
locus,num_exception_types,0.018060922965755156,0.6022582839637682,835,281,554,found_vs_notfound,1.0,False,False
locus,stacktrace_depth,-0.005124949652239658,0.8824441437610504,835,281,554,found_vs_notfound,1.0,False,False
locus,num_caused_by,-0.03876245286563555,0.2632098543595178,835,281,554,found_vs_notfound,1.0,False,False
locus,num_modal_verbs,-0.03227058094412015,0.35167348504074564,835,281,554,found_vs_notfound,1.0,False,False
locus,num_negative_modals,-0.041560517508404726,0.2302686030304095,835,281,554,found_vs_notfound,1.0,False,False
locus,modal_density,-0.0034466430289405263,0.9207837180721917,835,281,554,found_vs_notfound,1.0,False,False
locus,redundancy,0.015090009084084758,0.6632590394414194,835,281,554,found_vs_notfound,1.0,False,False
locus,ambiguity,-0.053583421673807176,0.12182508612291602,835,281,554,found_vs_notfound,1.0,False,False
locus,actionability,0.3443549907247335,1.1730091282452981e-24,835,281,554,found_vs_notfound,2.2287173436660663e-22,True,True
locus,clarity,0.329442317225245,1.3757367559694454e-22,835,281,554,found_vs_notfound,2.5313556309837796e-20,True,True
locus,specificity,0.3195810357386444,2.7889700438859604e-21,835,281,554,found_vs_notfound,5.048035779433588e-19,True,True
locus,expected_observed_alignment,0.3199462119032642,2.4997929246043485e-21,835,281,554,found_vs_notfound,4.549623122779914e-19,True,True
locus,technical_depth,0.29677952447758016,1.9328025421641136e-18,835,281,554,found_vs_notfound,3.3437483979439165e-16,True,True
locus,hidden_s2r_present,-0.14254507242895942,3.565160797106561e-05,835,281,554,found_vs_notfound,0.005098179939862382,True,False
locus,causal_reasoning_quality,0.3441513456755435,1.254079055696655e-24,835,281,554,found_vs_notfound,2.370209415266678e-22,True,True
locus,contradiction_present,-0.024661259451893267,0.4766744176078113,835,281,554,found_vs_notfound,1.0,False,False
locus,repair_difficulty,-0.3910523709760617,6.70693013306429e-32,835,281,554,found_vs_notfound,1.3279721663467295e-29,True,True
locus,description_length,0.1441038899366457,2.9192641662020458e-05,835,281,554,found_vs_notfound,0.004203740399330946,True,False
locus,confidence,0.30956672445887146,5.294307640651425e-20,835,281,554,found_vs_notfound,9.265038371139993e-18,True,True
locus,fine_grained_confidence,0.3259731523713682,1.481917078937906e-21,812,276,536,found_vs_notfound,2.711908254456368e-19,True,True
locus,has_OB,0.09632454825463928,0.005340572039693116,835,281,554,found_vs_notfound,0.6675715049616395,False,False
locus,has_EB,0.012391382115310596,0.7206851540353971,835,281,554,found_vs_notfound,1.0,False,False
locus,missing_OB,-0.09632454825463926,0.005340572039693116,835,281,554,found_vs_notfound,0.6675715049616395,False,False
locus,missing_EB,-0.012391382115310623,0.7206851540353971,835,281,554,found_vs_notfound,1.0,False,False
locus,num_OB,-0.08372154661618947,0.015525889888873523,835,281,554,found_vs_notfound,1.0,False,False
locus,num_EB,0.014280925729325399,0.6802883460489065,835,281,554,found_vs_notfound,1.0,False,False
