target,feature,corr,pval,n,missingness_pct,n_positive,n_negative,pval_adj,reject,practically_significant
UniqSucc(FFL),summary_chars,-0.189760303268968,3.286456218877657e-08,835,0.0,88,747,6.408589626811431e-06,True,False
UniqSucc(FFL),description_chars,-0.0563683012928666,0.10358993127309028,835,0.0,88,747,1.0,False,False
UniqSucc(FFL),n_tokens,-0.08678466113638238,0.012116288957327278,835,0.0,88,747,1.0,False,False
UniqSucc(FFL),n_words,-0.08912299857955022,0.009977683840088618,835,0.0,88,747,1.0,False,False
UniqSucc(FFL),n_sentences,-0.04122958650600942,0.23400451034269834,835,0.0,88,747,1.0,False,False
UniqSucc(FFL),flesch_reading_ease,-0.07889950738498751,0.024555016947566236,812,0.02754491017964067,84,728,1.0,False,False
UniqSucc(FFL),smog_index,-0.021985605421746445,0.5315748304102701,812,0.02754491017964067,84,728,1.0,False,False
UniqSucc(FFL),gunning_fog,-0.012556587289173797,0.7208892803556504,812,0.02754491017964067,84,728,1.0,False,False
UniqSucc(FFL),coleman_liau_index,0.10668910926990474,0.0023331492650136556,812,0.02754491017964067,84,728,0.44329836035259457,False,False
UniqSucc(FFL),automated_readability_index,0.12496022417098096,0.00035789250028906604,812,0.02754491017964067,84,728,0.06835746755521162,False,False
UniqSucc(FFL),has_stacktrace,0.020176215581902822,0.5604284712601146,835,0.0,88,747,1.0,False,False
UniqSucc(FFL),has_code,-0.07357906870308886,0.03351451868235081,835,0.0,88,747,1.0,False,False
UniqSucc(FFL),has_patch,-0.06274183797225313,0.06997372027488287,835,0.0,88,747,1.0,False,False
UniqSucc(FFL),has_enumeration,-0.005310024385444484,0.8782313852935173,835,0.0,88,747,1.0,False,False
UniqSucc(FFL),num_causal_markers,-0.04784177240650529,0.16722566646932843,835,0.0,88,747,1.0,False,False
UniqSucc(FFL),num_temporal_markers,-0.04427157181976325,0.20125021019471595,835,0.0,88,747,1.0,False,False
UniqSucc(FFL),causal_density,-0.013229822117211883,0.7026558555731064,835,0.0,88,747,1.0,False,False
UniqSucc(FFL),temporal_density,-0.014879612616573305,0.667671152709047,835,0.0,88,747,1.0,False,False
UniqSucc(FFL),num_os_mentions,0.01003923271597985,0.7720686548061719,835,0.0,88,747,1.0,False,False
UniqSucc(FFL),num_browser_mentions,0.031045676131025064,0.3702638121177808,835,0.0,88,747,1.0,False,False
UniqSucc(FFL),num_env_mentions,0.0026429193772957993,0.9392150378094104,835,0.0,88,747,1.0,False,False
UniqSucc(FFL),num_versions,-0.04672685791843109,0.17735284150661768,835,0.0,88,747,1.0,False,False
UniqSucc(FFL),has_os_info,0.01357944756328414,0.6951860917175237,835,0.0,88,747,1.0,False,False
UniqSucc(FFL),has_version_info,-0.1385911763906539,5.864736546037632e-05,835,0.0,88,747,0.011260294168392254,True,False
UniqSucc(FFL),num_exception_types,-0.01871878583536568,0.589099159022998,835,0.0,88,747,1.0,False,False
UniqSucc(FFL),stacktrace_depth,-0.05500997772174726,0.11219364188718411,835,0.0,88,747,1.0,False,False
UniqSucc(FFL),num_caused_by,0.0029860216225245165,0.9313423209190829,835,0.0,88,747,1.0,False,False
UniqSucc(FFL),num_modal_verbs,-0.031477652714636956,0.363639298240787,835,0.0,88,747,1.0,False,False
UniqSucc(FFL),num_negative_modals,-0.06071273208147889,0.07953905188057787,835,0.0,88,747,1.0,False,False
UniqSucc(FFL),modal_density,0.021710189518343442,0.5310003843932003,835,0.0,88,747,1.0,False,False
UniqSucc(FFL),redundancy,0.014668717476309698,0.6721052599384041,835,0.0,88,747,1.0,False,False
UniqSucc(FFL),ambiguity,-0.05583224538613047,0.10692063648104871,835,0.0,88,747,1.0,False,False
UniqSucc(FFL),actionability,-0.23360240533163396,8.204342548160141e-12,835,0.0,88,747,1.6736858798246688e-09,True,True
UniqSucc(FFL),clarity,-0.2282992556636959,2.4641037524439193e-11,835,0.0,88,747,5.002130617461156e-09,True,True
UniqSucc(FFL),specificity,-0.22424158888787488,5.61295963877626e-11,835,0.0,88,747,1.1282048873940282e-08,True,True
UniqSucc(FFL),expected_observed_alignment,-0.21236515004345993,5.710495395496294e-10,835,0.0,88,747,1.1192570975172738e-07,True,True
UniqSucc(FFL),technical_depth,-0.22421326921678092,5.644991153224756e-11,835,0.0,88,747,1.1289982306449512e-08,True,True
UniqSucc(FFL),hidden_s2r_present,0.041829728393058235,0.22726083647036285,835,0.0,88,747,1.0,False,False
UniqSucc(FFL),causal_reasoning_quality,-0.22580958347633512,4.091109344086807e-11,835,0.0,88,747,8.26404087505535e-09,True,True
UniqSucc(FFL),contradiction_present,-0.011884967811461923,0.7316511045691498,835,0.0,88,747,1.0,False,False
UniqSucc(FFL),repair_difficulty,0.21240323320303775,5.669376687098011e-10,835,0.0,88,747,1.1168672073583081e-07,True,True
UniqSucc(FFL),description_length,-0.17342529228836479,4.604324985101914e-07,835,0.0,88,747,8.886347221246694e-05,True,False
UniqSucc(FFL),confidence,-0.22145561667467625,9.788722395432006e-11,835,0.0,88,747,1.9479557566909693e-08,True,True
UniqSucc(FFL),fine_grained_description_length,-0.17779196437834566,3.411555072130004e-07,812,0.02754491017964067,87,725,6.618416839932208e-05,True,False
UniqSucc(FFL),fine_grained_confidence,-0.22130007259785034,1.8227278932246818e-10,812,0.02754491017964067,87,725,3.6090012285848697e-08,True,True
UniqSucc(FFL),has_OB,0.017056406815189905,0.622602245300558,835,0.0,88,747,1.0,False,False
UniqSucc(FFL),has_EB,-0.012322178456752464,0.7221803781548047,835,0.0,88,747,1.0,False,False
UniqSucc(FFL),missing_OB,-0.017056406815189912,0.622602245300558,835,0.0,88,747,1.0,False,False
UniqSucc(FFL),missing_EB,0.012322178456752438,0.7221803781548047,835,0.0,88,747,1.0,False,False
UniqSucc(FFL),num_OB,-0.020939618988758714,0.5456849385740173,835,0.0,88,747,1.0,False,False
UniqSucc(FFL),num_EB,-0.004255017839304117,0.9022885022447975,835,0.0,88,747,1.0,False,False
UniqSucc(BNS),summary_chars,-0.06924757527797756,0.045456285263721904,835,0.0,24,811,1.0,False,False
UniqSucc(BNS),description_chars,-0.035682151792732326,0.30307202146929146,835,0.0,24,811,1.0,False,False
UniqSucc(BNS),n_tokens,-0.0342339728604747,0.323130546575634,835,0.0,24,811,1.0,False,False
UniqSucc(BNS),n_words,-0.0233778451865624,0.4999203978736884,835,0.0,24,811,1.0,False,False
UniqSucc(BNS),n_sentences,-0.02507571287988452,0.4692958036899487,835,0.0,24,811,1.0,False,False
UniqSucc(BNS),flesch_reading_ease,-0.01487037395289321,0.6722142378967184,812,0.02754491017964067,21,791,1.0,False,False
UniqSucc(BNS),smog_index,0.0637170645066642,0.06956939853724638,812,0.02754491017964067,21,791,1.0,False,False
UniqSucc(BNS),gunning_fog,0.034012077955073126,0.3330533303584246,812,0.02754491017964067,21,791,1.0,False,False
UniqSucc(BNS),coleman_liau_index,0.007922547669753999,0.8216575206374023,812,0.02754491017964067,21,791,1.0,False,False
UniqSucc(BNS),automated_readability_index,0.004412124191603256,0.9001015093647732,812,0.02754491017964067,21,791,1.0,False,False
UniqSucc(BNS),has_stacktrace,-0.004247892282558381,0.9024513153636847,835,0.0,24,811,1.0,False,False
UniqSucc(BNS),has_code,-0.04269691432623819,0.21776255176094486,835,0.0,24,811,1.0,False,False
UniqSucc(BNS),has_patch,0.009074819510856943,0.7934433549857065,835,0.0,24,811,1.0,False,False
UniqSucc(BNS),has_enumeration,-0.027630747789088878,0.4252278270087907,835,0.0,24,811,1.0,False,False
UniqSucc(BNS),num_causal_markers,-0.03500858110231632,0.3122964666406606,835,0.0,24,811,1.0,False,False
UniqSucc(BNS),num_temporal_markers,-0.030088157272973818,0.38521229920349326,835,0.0,24,811,1.0,False,False
UniqSucc(BNS),causal_density,-0.021501493249752243,0.5349576102917847,835,0.0,24,811,1.0,False,False
UniqSucc(BNS),temporal_density,-0.01792050918236413,0.6050839901014516,835,0.0,24,811,1.0,False,False
UniqSucc(BNS),num_os_mentions,0.01354014184550536,0.6960244043579135,835,0.0,24,811,1.0,False,False
UniqSucc(BNS),num_browser_mentions,-0.031532701487171244,0.3628004543035975,835,0.0,24,811,1.0,False,False
UniqSucc(BNS),num_env_mentions,-0.013856779983933497,0.689281762938411,835,0.0,24,811,1.0,False,False
UniqSucc(BNS),num_versions,-0.008507957593771737,0.8060807563463555,835,0.0,24,811,1.0,False,False
UniqSucc(BNS),has_os_info,0.02265841486869742,0.5132091130947949,835,0.0,24,811,1.0,False,False
UniqSucc(BNS),has_version_info,0.0029133273942849158,0.9330098063657629,835,0.0,24,811,1.0,False,False
UniqSucc(BNS),num_exception_types,-0.037955436611350334,0.27328627760743324,835,0.0,24,811,1.0,False,False
UniqSucc(BNS),stacktrace_depth,-0.030596868057744652,0.3772251506737999,835,0.0,24,811,1.0,False,False
UniqSucc(BNS),num_caused_by,-0.027565370418601513,0.4263244756621317,835,0.0,24,811,1.0,False,False
UniqSucc(BNS),num_modal_verbs,-0.024470214791912547,0.48009686848685396,835,0.0,24,811,1.0,False,False
UniqSucc(BNS),num_negative_modals,0.019404943274222264,0.5755168997628717,835,0.0,24,811,1.0,False,False
UniqSucc(BNS),modal_density,-0.02812915289241478,0.41692172885100504,835,0.0,24,811,1.0,False,False
UniqSucc(BNS),redundancy,-0.019077518902345478,0.5819797319438854,835,0.0,24,811,1.0,False,False
UniqSucc(BNS),ambiguity,-0.0006418206071354265,0.9852252173213374,835,0.0,24,811,1.0,False,False
UniqSucc(BNS),actionability,-0.049810533998011275,0.1504113582723942,835,0.0,24,811,1.0,False,False
UniqSucc(BNS),clarity,-0.04393520177762153,0.2046985905124731,835,0.0,24,811,1.0,False,False
UniqSucc(BNS),specificity,-0.04461584833302382,0.19776477604044548,835,0.0,24,811,1.0,False,False
UniqSucc(BNS),expected_observed_alignment,-0.06318357982358572,0.0680214948500318,835,0.0,24,811,1.0,False,False
UniqSucc(BNS),technical_depth,-0.038603937485924514,0.26516860408258275,835,0.0,24,811,1.0,False,False
UniqSucc(BNS),hidden_s2r_present,0.0885416457030157,0.010475414036148203,835,0.0,24,811,1.0,False,False
UniqSucc(BNS),causal_reasoning_quality,-0.06559964568234289,0.058119833601521426,835,0.0,24,811,1.0,False,False
UniqSucc(BNS),contradiction_present,-0.0059567883353026955,0.8635372104861214,835,0.0,24,811,1.0,False,False
UniqSucc(BNS),repair_difficulty,0.048041200162650774,0.16546085334963126,835,0.0,24,811,1.0,False,False
UniqSucc(BNS),description_length,-0.028895971274938714,0.40433064935526986,835,0.0,24,811,1.0,False,False
UniqSucc(BNS),confidence,-0.03878113500580431,0.2629796604123486,835,0.0,24,811,1.0,False,False
UniqSucc(BNS),fine_grained_description_length,-0.025689709938691734,0.4647565619108468,812,0.02754491017964067,22,790,1.0,False,False
UniqSucc(BNS),fine_grained_confidence,-0.05636062329360169,0.10853073365843176,812,0.02754491017964067,22,790,1.0,False,False
UniqSucc(BNS),has_OB,-0.08466476201955808,0.014395726127174718,835,0.0,24,811,1.0,False,False
UniqSucc(BNS),has_EB,-0.044084639701776875,0.20316133227472624,835,0.0,24,811,1.0,False,False
UniqSucc(BNS),missing_OB,0.08466476201955807,0.014395726127175105,835,0.0,24,811,1.0,False,False
UniqSucc(BNS),missing_EB,0.04408463970177686,0.20316133227472624,835,0.0,24,811,1.0,False,False
UniqSucc(BNS),num_OB,0.025917546732181405,0.4545044007579869,835,0.0,24,811,1.0,False,False
UniqSucc(BNS),num_EB,-0.04633554929355656,0.18101324920438247,835,0.0,24,811,1.0,False,False
UniqSucc(BL),summary_chars,-0.046858855428993484,0.17613059661847696,835,0.0,12,823,1.0,False,False
UniqSucc(BL),description_chars,0.010285324499755777,0.7666412502898503,835,0.0,12,823,1.0,False,False
UniqSucc(BL),n_tokens,0.0147970056624745,0.6694066097180698,835,0.0,12,823,1.0,False,False
UniqSucc(BL),n_words,0.00196630258830511,0.9547571388009893,835,0.0,12,823,1.0,False,False
UniqSucc(BL),n_sentences,0.006051848915054339,0.8613813189896781,835,0.0,12,823,1.0,False,False
UniqSucc(BL),flesch_reading_ease,0.00584608454588265,0.8678952440059907,812,0.02754491017964067,12,800,1.0,False,False
UniqSucc(BL),smog_index,0.013718956920153678,0.6962805363588742,812,0.02754491017964067,12,800,1.0,False,False
UniqSucc(BL),gunning_fog,-0.029221876772874238,0.40564033250867393,812,0.02754491017964067,12,800,1.0,False,False
UniqSucc(BL),coleman_liau_index,-0.00992676903692434,0.7776057070912292,812,0.02754491017964067,12,800,1.0,False,False
UniqSucc(BL),automated_readability_index,-0.011162177209248954,0.7507936906955942,812,0.02754491017964067,12,800,1.0,False,False
UniqSucc(BL),has_stacktrace,0.04741803282463061,0.17102230989458583,835,0.0,12,823,1.0,False,False
UniqSucc(BL),has_code,-0.02997036290028112,0.3870763679601245,835,0.0,12,823,1.0,False,False
UniqSucc(BL),has_patch,-0.02207328176629533,0.5241510674279306,835,0.0,12,823,1.0,False,False
UniqSucc(BL),has_enumeration,-0.01939492704596328,0.5757141012494933,835,0.0,12,823,1.0,False,False
UniqSucc(BL),num_causal_markers,-0.015448700597469518,0.6557639898258265,835,0.0,12,823,1.0,False,False
UniqSucc(BL),num_temporal_markers,0.07472299449181337,0.030849594116706035,835,0.0,12,823,1.0,False,False
UniqSucc(BL),causal_density,-0.017986982542413564,0.6037455315536823,835,0.0,12,823,1.0,False,False
UniqSucc(BL),temporal_density,0.02324023010612718,0.5024481313924449,835,0.0,12,823,1.0,False,False
UniqSucc(BL),num_os_mentions,-0.04305245089923438,0.21395186445623723,835,0.0,12,823,1.0,False,False
UniqSucc(BL),num_browser_mentions,-0.022133836173168213,0.5230131919416156,835,0.0,12,823,1.0,False,False
UniqSucc(BL),num_env_mentions,-0.026472199410132922,0.4449039934669581,835,0.0,12,823,1.0,False,False
UniqSucc(BL),num_versions,-0.02052959111403568,0.5535798600222945,835,0.0,12,823,1.0,False,False
UniqSucc(BL),has_os_info,-0.04529536641767258,0.19101515175560133,835,0.0,12,823,1.0,False,False
UniqSucc(BL),has_version_info,-0.0703961966379941,0.04198483526524284,835,0.0,12,823,1.0,False,False
UniqSucc(BL),num_exception_types,-0.014385300868280215,0.6780820988858698,835,0.0,12,823,1.0,False,False
UniqSucc(BL),stacktrace_depth,-0.02439719289428207,0.4814085361074036,835,0.0,12,823,1.0,False,False
UniqSucc(BL),num_caused_by,-0.019349036527880364,0.5766180099299115,835,0.0,12,823,1.0,False,False
UniqSucc(BL),num_modal_verbs,0.015142901939868073,0.662151675163821,835,0.0,12,823,1.0,False,False
UniqSucc(BL),num_negative_modals,-0.004275975757447772,0.9018096548311992,835,0.0,12,823,1.0,False,False
UniqSucc(BL),modal_density,0.01108023459438879,0.7491891679499311,835,0.0,12,823,1.0,False,False
UniqSucc(BL),redundancy,0.005407575843151804,0.8760122496246738,835,0.0,12,823,1.0,False,False
UniqSucc(BL),ambiguity,0.02669837713193105,0.4410224980122427,835,0.0,12,823,1.0,False,False
UniqSucc(BL),actionability,-0.04005603073746584,0.24759778590519596,835,0.0,12,823,1.0,False,False
UniqSucc(BL),clarity,-0.02833142160934055,0.4135782818610981,835,0.0,12,823,1.0,False,False
UniqSucc(BL),specificity,-0.03644778793843858,0.29280852491731885,835,0.0,12,823,1.0,False,False
UniqSucc(BL),expected_observed_alignment,-0.04678843453427935,0.1767818839397214,835,0.0,12,823,1.0,False,False
UniqSucc(BL),technical_depth,-0.029875988363147275,0.38857377865410625,835,0.0,12,823,1.0,False,False
UniqSucc(BL),hidden_s2r_present,0.005742145592737211,0.8684088298602622,835,0.0,12,823,1.0,False,False
UniqSucc(BL),causal_reasoning_quality,-0.03346593003320129,0.3341114061248271,835,0.0,12,823,1.0,False,False
UniqSucc(BL),contradiction_present,-0.00418126487467209,0.9039738941766201,835,0.0,12,823,1.0,False,False
UniqSucc(BL),repair_difficulty,0.03008422766723961,0.3852743958669843,835,0.0,12,823,1.0,False,False
UniqSucc(BL),description_length,-0.03527822796464547,0.30858176190511716,835,0.0,12,823,1.0,False,False
UniqSucc(BL),confidence,-0.02722174911582542,0.4321154323575555,835,0.0,12,823,1.0,False,False
UniqSucc(BL),fine_grained_description_length,-0.035168493204115636,0.31686857151660724,812,0.02754491017964067,12,800,1.0,False,False
UniqSucc(BL),fine_grained_confidence,-0.028827330170394676,0.41201233156207834,812,0.02754491017964067,12,800,1.0,False,False
UniqSucc(BL),has_OB,0.01633162535641948,0.6374628591608562,835,0.0,12,823,1.0,False,False
UniqSucc(BL),has_EB,-0.05113087318575735,0.1398771120687793,835,0.0,12,823,1.0,False,False
UniqSucc(BL),missing_OB,-0.016331625356419473,0.6374628591608562,835,0.0,12,823,1.0,False,False
UniqSucc(BL),missing_EB,0.05113087318575733,0.1398771120687793,835,0.0,12,823,1.0,False,False
UniqSucc(BL),num_OB,0.0075829092470047965,0.8268109706090075,835,0.0,12,823,1.0,False,False
UniqSucc(BL),num_EB,-0.032524439984141236,0.3478957990481449,835,0.0,12,823,1.0,False,False
UniqSucc(LOC),summary_chars,-0.07657972053796652,0.026910690555077544,835,0.0,12,823,1.0,False,False
UniqSucc(LOC),description_chars,0.03874885898022789,0.26337744006992037,835,0.0,12,823,1.0,False,False
UniqSucc(LOC),n_tokens,0.031170134193069233,0.36834757387306166,835,0.0,12,823,1.0,False,False
UniqSucc(LOC),n_words,0.028559852735065443,0.40982149314987787,835,0.0,12,823,1.0,False,False
UniqSucc(LOC),n_sentences,0.01456704168731298,0.6742470981993468,835,0.0,12,823,1.0,False,False
UniqSucc(LOC),flesch_reading_ease,-0.006108845646740024,0.8620157562811686,812,0.02754491017964067,12,800,1.0,False,False
UniqSucc(LOC),smog_index,0.015676603661887993,0.6555584649047983,812,0.02754491017964067,12,800,1.0,False,False
UniqSucc(LOC),gunning_fog,-0.0032797725636854926,0.9256529907757544,812,0.02754491017964067,12,800,1.0,False,False
UniqSucc(LOC),coleman_liau_index,0.015246870538595653,0.6644156346269898,812,0.02754491017964067,12,800,1.0,False,False
UniqSucc(LOC),automated_readability_index,0.01911264552480761,0.5865534787634767,812,0.02754491017964067,12,800,1.0,False,False
UniqSucc(LOC),has_stacktrace,0.027258125793792224,0.43150024193670883,835,0.0,12,823,1.0,False,False
UniqSucc(LOC),has_code,-0.029970362900281138,0.3870763679601245,835,0.0,12,823,1.0,False,False
UniqSucc(LOC),has_patch,-0.022073281766295322,0.5241510674279306,835,0.0,12,823,1.0,False,False
UniqSucc(LOC),has_enumeration,-0.019394927045963274,0.5757141012494933,835,0.0,12,823,1.0,False,False
UniqSucc(LOC),num_causal_markers,0.005842894543348517,0.866121557754229,835,0.0,12,823,1.0,False,False
UniqSucc(LOC),num_temporal_markers,-0.047258824473316974,0.17246532483094856,835,0.0,12,823,1.0,False,False
UniqSucc(LOC),causal_density,-0.019914910780448644,0.5655189117371235,835,0.0,12,823,1.0,False,False
UniqSucc(LOC),temporal_density,-0.04947138479257463,0.1532123270641336,835,0.0,12,823,1.0,False,False
UniqSucc(LOC),num_os_mentions,0.03578262914651282,0.30171165851898674,835,0.0,12,823,1.0,False,False
UniqSucc(LOC),num_browser_mentions,0.07817418664688856,0.02388190347488656,835,0.0,12,823,1.0,False,False
UniqSucc(LOC),num_env_mentions,-0.026472199410132922,0.4449039934669581,835,0.0,12,823,1.0,False,False
UniqSucc(LOC),num_versions,-0.02317642328885538,0.5036224293137754,835,0.0,12,823,1.0,False,False
UniqSucc(LOC),has_os_info,0.04650470872494054,0.1794240737747167,835,0.0,12,823,1.0,False,False
UniqSucc(LOC),has_version_info,-0.02900125002339896,0.40261988991937875,835,0.0,12,823,1.0,False,False
UniqSucc(LOC),num_exception_types,-0.0021284373733679862,0.9510310634559911,835,0.0,12,823,1.0,False,False
UniqSucc(LOC),stacktrace_depth,-0.024397192894282063,0.4814085361074036,835,0.0,12,823,1.0,False,False
UniqSucc(LOC),num_caused_by,0.05544932227202749,0.10935131845203899,835,0.0,12,823,1.0,False,False
UniqSucc(LOC),num_modal_verbs,0.04994835291844805,0.14928433891065404,835,0.0,12,823,1.0,False,False
UniqSucc(LOC),num_negative_modals,-0.013224446327545207,0.7027709358332168,835,0.0,12,823,1.0,False,False
UniqSucc(LOC),modal_density,0.092509934662898,0.007474386691845981,835,0.0,12,823,1.0,False,False
UniqSucc(LOC),redundancy,0.038414754288098346,0.26751940232458443,835,0.0,12,823,1.0,False,False
UniqSucc(LOC),ambiguity,-0.011184463714077327,0.7469101024074394,835,0.0,12,823,1.0,False,False
UniqSucc(LOC),actionability,-0.03496364558737692,0.31291835376796745,835,0.0,12,823,1.0,False,False
UniqSucc(LOC),clarity,-0.04338023652269892,0.21048137092174588,835,0.0,12,823,1.0,False,False
UniqSucc(LOC),specificity,-0.0313173255431931,0.36608928731573787,835,0.0,12,823,1.0,False,False
UniqSucc(LOC),expected_observed_alignment,-0.03703719459015771,0.2850679228102399,835,0.0,12,823,1.0,False,False
UniqSucc(LOC),technical_depth,-0.046547708311840505,0.17902176772610862,835,0.0,12,823,1.0,False,False
UniqSucc(LOC),hidden_s2r_present,0.06215028170962658,0.07265968587556915,835,0.0,12,823,1.0,False,False
UniqSucc(LOC),causal_reasoning_quality,-0.04353041826576856,0.20890494677453347,835,0.0,12,823,1.0,False,False
UniqSucc(LOC),contradiction_present,-0.004181264874672088,0.9039738941766201,835,0.0,12,823,1.0,False,False
UniqSucc(LOC),repair_difficulty,0.05190901489760019,0.13393969475045703,835,0.0,12,823,1.0,False,False
UniqSucc(LOC),description_length,-0.05785906106025047,0.09475884086365659,835,0.0,12,823,1.0,False,False
UniqSucc(LOC),confidence,-0.05094843023452506,0.1412980256216938,835,0.0,12,823,1.0,False,False
UniqSucc(LOC),fine_grained_description_length,-0.05783637395911136,0.09957390581278038,812,0.02754491017964067,12,800,1.0,False,False
UniqSucc(LOC),fine_grained_confidence,-0.04681487532794627,0.18263215012932624,812,0.02754491017964067,12,800,1.0,False,False
UniqSucc(LOC),has_OB,0.016331625356419476,0.6374628591608562,835,0.0,12,823,1.0,False,False
UniqSucc(LOC),has_EB,-0.010758032419698353,0.7562481727622306,835,0.0,12,823,1.0,False,False
UniqSucc(LOC),missing_OB,-0.016331625356419483,0.6374628591608562,835,0.0,12,823,1.0,False,False
UniqSucc(LOC),missing_EB,0.010758032419698353,0.7562481727622306,835,0.0,12,823,1.0,False,False
UniqSucc(LOC),num_OB,0.03728941363624273,0.2817981516556546,835,0.0,12,823,1.0,False,False
UniqSucc(LOC),num_EB,0.03573600946192895,0.3023423371073864,835,0.0,12,823,1.0,False,False
