tool_a,tool_b,feature,n_a,n_b,median_a,median_b,mean_a,mean_b,median_diff,u_statistic,p_value,cliffs_delta,effect_size,pval_adj,reject,significant,abs_delta,practically_significant
boostnsift,buglocator,num_versions,17,11,1.0,0.0,1.9411764705882353,0.36363636363636365,1.0,139.0,0.02090076565250393,0.48663101604278075,large,1.0,False,False,0.48663101604278075,False
boostnsift,buglocator,embedding_cluster_size,17,11,115.0,115.0,108.0,137.63636363636363,0.0,56.0,0.06939263088837902,-0.40106951871657753,medium,1.0,False,False,0.40106951871657753,False
boostnsift,buglocator,num_modal_verbs,17,11,0.0,1.0,0.35294117647058826,0.9090909090909091,-1.0,65.0,0.1308925907916304,-0.3048128342245989,small,1.0,False,False,0.3048128342245989,False
boostnsift,buglocator,n_sentences,17,11,6.0,9.0,8.058823529411764,9.272727272727273,-3.0,67.5,0.228081271440135,-0.27807486631016043,small,1.0,False,False,0.27807486631016043,False
boostnsift,buglocator,num_semantic_sentences,17,11,6.0,9.0,8.058823529411764,9.272727272727273,-3.0,67.5,0.228081271440135,-0.27807486631016043,small,1.0,False,False,0.27807486631016043,False
boostnsift,buglocator,embedding_norm,17,11,1.0,1.0,1.000000017530778,0.9999999891627919,0.0,118.5,0.10764510515706681,0.26737967914438504,small,1.0,False,False,0.26737967914438504,False
boostnsift,buglocator,embedding_mean,17,11,-0.0004581704561132,5.301538112689741e-05,-0.00034108391178851736,-8.61857502472457e-05,-0.0005111858372400974,69.0,0.2589108611847064,-0.2620320855614973,small,1.0,False,False,0.2620320855614973,False
boostnsift,buglocator,embedding_max,17,11,0.1577728390693664,0.1491489112377166,0.15626878335195424,0.1497695229270241,0.008623927831649808,118.0,0.2589108611847064,0.2620320855614973,small,1.0,False,False,0.2620320855614973,False
boostnsift,buglocator,automated_readability_index,17,11,26.1,33.1,27.4,32.54545454545454,-7.0,70.0,0.27915258263641063,-0.25133689839572193,small,1.0,False,False,0.25133689839572193,False
boostnsift,buglocator,modal_density,17,11,0.0,0.1666666666666666,0.08047962267911117,0.1118457300275482,-0.1666666666666666,70.0,0.2190883357149246,-0.25133689839572193,small,1.0,False,False,0.25133689839572193,False
boostnsift,buglocator,description_length,17,11,865.0,733.0,1359.9411764705883,820.2727272727273,132.0,117.0,0.2712692516708425,0.25133689839572193,small,1.0,False,False,0.25133689839572193,False
boostnsift,buglocator,coleman_liau_index,17,11,27.85,29.59,27.17647058823529,31.650000000000002,-1.7399999999999984,71.0,0.30072105188964116,-0.24064171122994651,small,1.0,False,False,0.24064171122994651,False
boostnsift,buglocator,num_temporal_markers,17,11,0.0,0.0,0.5294117647058824,1.0909090909090908,0.0,115.0,0.1929773307893774,0.22994652406417113,small,1.0,False,False,0.22994652406417113,False
boostnsift,buglocator,temporal_density,17,11,0.0,0.0,0.07018854972819166,0.07272727272727274,0.0,115.0,0.1940335013805673,0.22994652406417113,small,1.0,False,False,0.22994652406417113,False
boostnsift,buglocator,embedding_sparsity,17,11,0.1640625,0.1692708333333333,0.15916053921568626,0.16785037878787873,-0.005208333333333287,73.0,0.34561264531588576,-0.2192513368983957,small,1.0,False,False,0.2192513368983957,False
boostnsift,buglocator,flesch_reading_ease,17,11,6.34,5.39,12.231764705882354,0.04272727272727266,0.9500000000000002,112.0,0.39714739546823563,0.19786096256684493,small,1.0,False,False,0.19786096256684493,False
boostnsift,buglocator,semantic_entropy,17,11,1.433916091918945,1.8036415576934817,1.3127503360019495,1.6280257485129617,-0.3697254657745366,75.0,0.39714739546823563,-0.19786096256684493,small,1.0,False,False,0.19786096256684493,False
boostnsift,buglocator,actionability,17,11,3.0,3.0,3.0,2.1818181818181817,0.0,112.0,0.3806202161189679,0.19786096256684493,small,1.0,False,False,0.19786096256684493,False
boostnsift,buglocator,specificity,17,11,3.0,3.0,3.0,2.1818181818181817,0.0,112.0,0.3806202161189679,0.19786096256684493,small,1.0,False,False,0.19786096256684493,False
boostnsift,buglocator,repair_difficulty,17,11,3.0,3.0,3.176470588235294,3.6363636363636362,0.0,75.0,0.36247838823649137,-0.19786096256684493,small,1.0,False,False,0.19786096256684493,False
boostnsift,buglocator,num_os_mentions,17,11,0.0,0.0,0.17647058823529413,0.0,0.0,110.0,0.1603060292250893,0.17647058823529413,small,1.0,False,False,0.17647058823529413,False
boostnsift,buglocator,semantic_spread_pc2,17,11,0.3366288244724273,0.3503910899162292,0.3015678893117356,0.3622174317186529,-0.01376226544380188,79.0,0.5101749393801144,-0.15508021390374332,small,1.0,False,False,0.15508021390374332,False
boostnsift,buglocator,completeness_score,17,11,2.0,2.0,2.1176470588235294,2.3636363636363638,0.0,79.0,0.48391212477401824,-0.15508021390374332,small,1.0,False,False,0.15508021390374332,False
boostnsift,buglocator,embedding_std,17,11,0.0510284788906574,0.0510289594531059,0.051026497693622774,0.05102765323086214,-4.805624485015869e-07,80.0,0.5408521131569634,-0.1443850267379679,negligible,1.0,False,False,0.1443850267379679,False
boostnsift,buglocator,summary_chars,17,11,12.0,12.0,33.88235294117647,26.818181818181817,0.0,106.5,0.4609370322409624,0.13903743315508021,negligible,1.0,False,False,0.13903743315508021,False
boostnsift,buglocator,num_causal_markers,17,11,1.0,2.0,1.8823529411764706,2.1818181818181817,-1.0,80.5,0.5477432713186764,-0.13903743315508021,negligible,1.0,False,False,0.13903743315508021,False
boostnsift,buglocator,embedding_cluster,17,11,2.0,2.0,3.411764705882353,2.090909090909091,0.0,106.5,0.5469395167669335,0.13903743315508021,negligible,1.0,False,False,0.13903743315508021,False
boostnsift,buglocator,num_EB,17,11,0.0,0.0,0.35294117647058826,0.5454545454545454,0.0,81.0,0.5092607306351205,-0.13368983957219252,negligible,1.0,False,False,0.13368983957219252,False
boostnsift,buglocator,technical_depth,17,11,3.0,3.0,2.7058823529411766,2.090909090909091,0.0,105.5,0.5740265751557319,0.12834224598930483,negligible,1.0,False,False,0.12834224598930483,False
boostnsift,buglocator,redundancy,17,11,0.3135163486003876,0.3285720348358154,0.3033863972215092,0.31912863796407526,-0.015055686235427801,82.0,0.6048461261693899,-0.12299465240641712,negligible,1.0,False,False,0.12299465240641712,False
boostnsift,buglocator,semantic_coherence,17,11,0.3135163486003876,0.3285720348358154,0.3033863972215092,0.31912863796407526,-0.015055686235427801,82.0,0.6048461261693899,-0.12299465240641712,negligible,1.0,False,False,0.12299465240641712,False
boostnsift,buglocator,stacktrace_depth,17,11,0.0,0.0,0.4117647058823529,0.0,0.0,104.5,0.26880863988517323,0.11764705882352941,negligible,1.0,False,False,0.11764705882352941,False
boostnsift,buglocator,exception_library_frames,17,11,0.0,0.0,0.35294117647058826,0.0,0.0,104.5,0.2684800934896586,0.11764705882352941,negligible,1.0,False,False,0.11764705882352941,False
boostnsift,buglocator,exception_user_frames,17,11,0.0,0.0,0.11764705882352941,0.0,0.0,104.5,0.2684800934896586,0.11764705882352941,negligible,1.0,False,False,0.11764705882352941,False
boostnsift,buglocator,exception_user_frame_ratio,17,11,0.0,0.0,0.07352941176470588,0.0,0.0,104.5,0.26880863988517323,0.11764705882352941,negligible,1.0,False,False,0.11764705882352941,False
boostnsift,buglocator,exception_avg_frame_package_depth,17,11,0.0,0.0,0.47058823529411764,0.0,0.0,104.5,0.26880863988517323,0.11764705882352941,negligible,1.0,False,False,0.11764705882352941,False
boostnsift,buglocator,embedding_pos_neg_ratio,17,11,0.9845360824742267,1.0263157894736843,0.9957442297581297,1.000809337604531,-0.041779706999457544,83.0,0.6371434535095677,-0.11229946524064172,negligible,1.0,False,False,0.11229946524064172,False
boostnsift,buglocator,clarity,17,11,4.0,4.0,3.176470588235294,2.4545454545454546,0.0,103.5,0.6387911262491011,0.10695187165775401,negligible,1.0,False,False,0.10695187165775401,False
boostnsift,buglocator,gunning_fog,17,11,10.86,10.77,11.523529411764706,10.764545454545454,0.08999999999999986,103.0,0.6720301298311282,0.10160427807486631,negligible,1.0,False,False,0.10160427807486631,False
boostnsift,buglocator,description_chars,17,11,1785.0,1670.0,1912.2941176470588,2039.3636363636363,115.0,85.0,0.7066767530379054,-0.09090909090909091,negligible,1.0,False,False,0.09090909090909091,False
boostnsift,buglocator,num_exception_types,17,11,0.0,0.0,0.35294117647058826,0.45454545454545453,0.0,102.0,0.6191080600579545,0.09090909090909091,negligible,1.0,False,False,0.09090909090909091,False
boostnsift,buglocator,exc_cat_runtime_error,17,11,0.0,0.0,0.0,0.09090909090909091,0.0,85.0,0.24198653062328446,-0.09090909090909091,negligible,1.0,False,False,0.09090909090909091,False
boostnsift,buglocator,has_exc_runtime_error,17,11,0.0,0.0,0.0,0.09090909090909091,0.0,85.0,0.24198653062328446,-0.09090909090909091,negligible,1.0,False,False,0.09090909090909091,False
boostnsift,buglocator,ambiguity,17,11,0.0032362459546925,0.0043859649122807,0.007456787851289012,0.006412276029704819,-0.0011497189575881998,85.0,0.6978750424308438,-0.09090909090909091,negligible,1.0,False,False,0.09090909090909091,False
boostnsift,buglocator,num_browser_mentions,17,11,0.0,0.0,0.17647058823529413,0.09090909090909091,0.0,101.5,0.5607528379357505,0.0855614973262032,negligible,1.0,False,False,0.0855614973262032,False
boostnsift,buglocator,semantic_spread_pc1,17,11,0.4521378576755523,0.4512540102005005,0.4587966396528132,0.45698838342319836,0.0008838474750518244,86.0,0.7419420496381586,-0.08021390374331551,negligible,1.0,False,False,0.08021390374331551,False
boostnsift,buglocator,num_OB,17,11,4.0,5.0,5.294117647058823,5.0,-1.0,86.0,0.7404997945701387,-0.08021390374331551,negligible,1.0,False,False,0.08021390374331551,False
boostnsift,buglocator,expected_observed_alignment,17,11,4.0,4.0,3.1176470588235294,2.5454545454545454,0.0,100.0,0.7684041636858678,0.06951871657754011,negligible,1.0,False,False,0.06951871657754011,False
boostnsift,buglocator,num_negative_modals,17,11,0.0,0.0,0.11764705882352941,0.18181818181818182,0.0,87.5,0.669672632416211,-0.06417112299465241,negligible,1.0,False,False,0.06417112299465241,False
boostnsift,buglocator,smog_index,17,11,12.0,12.4,13.064705882352941,12.727272727272727,-0.40000000000000036,88.0,0.8139270121797666,-0.058823529411764705,negligible,1.0,False,False,0.058823529411764705,False
boostnsift,buglocator,exc_cat_null_pointer,17,11,0.0,0.0,0.23529411764705882,0.0,0.0,99.0,0.4646127705447972,0.058823529411764705,negligible,1.0,False,False,0.058823529411764705,False
boostnsift,buglocator,exc_cat_index_error,17,11,0.0,0.0,0.17647058823529413,0.0,0.0,99.0,0.4646127705447972,0.058823529411764705,negligible,1.0,False,False,0.058823529411764705,False
boostnsift,buglocator,has_exc_null_pointer,17,11,0.0,0.0,0.058823529411764705,0.0,0.0,99.0,0.4646127705447972,0.058823529411764705,negligible,1.0,False,False,0.058823529411764705,False
boostnsift,buglocator,has_exc_index_error,17,11,0.0,0.0,0.058823529411764705,0.0,0.0,99.0,0.4646127705447972,0.058823529411764705,negligible,1.0,False,False,0.058823529411764705,False
boostnsift,buglocator,n_tokens,17,11,218.0,215.0,260.6470588235294,257.09090909090907,3.0,89.0,0.8507298494186601,-0.0481283422459893,negligible,1.0,False,False,0.0481283422459893,False
boostnsift,buglocator,n_words,17,11,94.0,114.0,144.2941176470588,130.0909090909091,-20.0,89.0,0.8507298494186601,-0.0481283422459893,negligible,1.0,False,False,0.0481283422459893,False
boostnsift,buglocator,causal_density,17,11,0.1739130434782608,0.1666666666666666,0.3025398301613135,0.3086485484212757,0.007246376811594207,89.0,0.8499566202136646,-0.0481283422459893,negligible,1.0,False,False,0.0481283422459893,False
boostnsift,buglocator,has_exc_io_error,17,11,0.0,0.0,0.11764705882352941,0.09090909090909091,0.0,96.0,0.8606825423562883,0.026737967914438502,negligible,1.0,False,False,0.026737967914438502,False
boostnsift,buglocator,embedding_min,17,11,-0.1584273427724838,-0.1571573764085769,-0.15875311897081482,-0.15944236110557208,-0.001269966363906888,91.0,0.9250450039789107,-0.026737967914438502,negligible,1.0,False,False,0.026737967914438502,False
boostnsift,buglocator,embedding_cluster_separation,17,11,0.7300769499081391,0.7512888393651611,0.7239958365918859,0.7221968294240567,-0.021211889457022015,96.0,0.9250450039789107,0.026737967914438502,negligible,1.0,False,False,0.026737967914438502,False
boostnsift,buglocator,causal_reasoning_quality,17,11,3.0,3.0,2.6470588235294117,2.3636363636363638,0.0,96.0,0.9227334149426415,0.026737967914438502,negligible,1.0,False,False,0.026737967914438502,False
boostnsift,buglocator,exc_cat_io_error,17,11,0.0,0.0,0.17647058823529413,0.18181818181818182,0.0,95.5,0.8954261427630614,0.0213903743315508,negligible,1.0,False,False,0.0213903743315508,False
boostnsift,buglocator,embedding_cluster_distance,17,11,0.5365475799691005,0.5372804844688406,0.5373594232204939,0.5285194009668635,-0.0007329044997400613,95.0,0.9624810445979066,0.016042780748663103,negligible,1.0,False,False,0.016042780748663103,False
boostnsift,buglocator,num_env_mentions,17,11,0.0,0.0,0.0,0.0,0.0,93.5,1.0,0.0,negligible,1.0,False,False,0.0,False
boostnsift,buglocator,num_caused_by,17,11,0.0,0.0,0.0,0.0,0.0,93.5,1.0,0.0,negligible,1.0,False,False,0.0,False
boostnsift,buglocator,exc_cat_type_error,17,11,0.0,0.0,0.0,0.0,0.0,93.5,1.0,0.0,negligible,1.0,False,False,0.0,False
boostnsift,buglocator,exc_cat_concurrency,17,11,0.0,0.0,0.0,0.0,0.0,93.5,1.0,0.0,negligible,1.0,False,False,0.0,False
boostnsift,buglocator,exc_cat_assertion,17,11,0.0,0.0,0.0,0.0,0.0,93.5,1.0,0.0,negligible,1.0,False,False,0.0,False
boostnsift,buglocator,exc_cat_arithmetic,17,11,0.0,0.0,0.0,0.0,0.0,93.5,1.0,0.0,negligible,1.0,False,False,0.0,False
boostnsift,buglocator,has_exc_type_error,17,11,0.0,0.0,0.0,0.0,0.0,93.5,1.0,0.0,negligible,1.0,False,False,0.0,False
boostnsift,buglocator,has_exc_concurrency,17,11,0.0,0.0,0.0,0.0,0.0,93.5,1.0,0.0,negligible,1.0,False,False,0.0,False
boostnsift,buglocator,has_exc_assertion,17,11,0.0,0.0,0.0,0.0,0.0,93.5,1.0,0.0,negligible,1.0,False,False,0.0,False
boostnsift,buglocator,has_exc_arithmetic,17,11,0.0,0.0,0.0,0.0,0.0,93.5,1.0,0.0,negligible,1.0,False,False,0.0,False
boostnsift,buglocator,behavior_verb_count,17,11,0.0,0.0,0.0,0.0,0.0,93.5,1.0,0.0,negligible,1.0,False,False,0.0,False
boostnsift,buglocator,behavior_verb_density,17,11,0.0,0.0,0.0,0.0,0.0,93.5,1.0,0.0,negligible,1.0,False,False,0.0,False
boostnsift,buglocator,num_S2R,17,11,0.0,0.0,0.0,0.0,0.0,93.5,1.0,0.0,negligible,1.0,False,False,0.0,False
boostnsift,flexfl,embedding_min,17,118,-0.1584273427724838,-0.14983055740594858,-0.15875311897081482,-0.14987505460947248,-0.008596785366535215,673.0,0.02886234540321518,-0.32901296111665007,small,1.0,False,False,0.32901296111665007,False
boostnsift,flexfl,embedding_std,17,118,0.0510284788906574,0.051029872149229,0.051026497693622774,0.05102770314630811,-1.3932585716039392e-06,684.5,0.034930644159595625,-0.31754735792622135,small,1.0,False,False,0.31754735792622135,False
boostnsift,flexfl,description_length,17,118,865.0,20.0,1359.9411764705883,857.2881355932203,845.0,1315.0,0.028843649551064568,0.31106679960119643,small,1.0,False,False,0.31106679960119643,False
boostnsift,flexfl,automated_readability_index,17,113,26.1,32.2,27.4,38.30530973451327,-6.100000000000001,672.0,0.04672189146235153,-0.30036439354502864,small,1.0,False,False,0.30036439354502864,False
boostnsift,flexfl,coleman_liau_index,17,113,27.85,31.46,27.17647058823529,37.41159292035398,-3.6099999999999994,686.0,0.05847688744330725,-0.2857886517438834,small,1.0,False,False,0.2857886517438834,False
boostnsift,flexfl,technical_depth,17,118,3.0,0.0,2.7058823529411766,1.7033898305084745,3.0,1276.5,0.05375963574925464,0.2726819541375872,small,1.0,False,False,0.2726819541375872,False
boostnsift,flexfl,embedding_cluster_distance,17,118,0.5365475799691005,0.4939301857145936,0.5373594232204939,0.4884915024630674,0.042617394254506946,1261.0,0.08766754024289443,0.2572283150548355,small,1.0,False,False,0.2572283150548355,False
boostnsift,flexfl,actionability,17,118,3.0,0.0,3.0,1.9745762711864407,3.0,1245.5,0.08677141627335334,0.24177467597208374,small,1.0,False,False,0.24177467597208374,False
boostnsift,flexfl,specificity,17,118,3.0,0.0,3.0,1.9745762711864407,3.0,1244.0,0.0888146407332729,0.24027916251246262,small,1.0,False,False,0.24027916251246262,False
boostnsift,flexfl,embedding_mean,17,118,-0.0004581704561132,-0.0001294869034609,-0.00034108391178851736,-0.00019141467143941906,-0.0003286835526523,764.0,0.11369132819647072,-0.2382851445663011,small,1.0,False,False,0.2382851445663011,False
boostnsift,flexfl,embedding_cluster_separation,17,118,0.7300769499081391,0.7789208034469062,0.7239958365918859,0.7674251661968219,-0.04884385353876708,764.0,0.11369132819647072,-0.2382851445663011,small,1.0,False,False,0.2382851445663011,False
boostnsift,flexfl,repair_difficulty,17,118,3.0,5.0,3.176470588235294,3.76271186440678,-2.0,766.5,0.09143798308236933,-0.2357926221335992,small,1.0,False,False,0.2357926221335992,False
boostnsift,flexfl,num_modal_verbs,17,118,0.0,0.0,0.35294117647058826,1.1440677966101696,0.0,767.5,0.08510493507748727,-0.23479561316051845,small,1.0,False,False,0.23479561316051845,False
boostnsift,flexfl,num_versions,17,118,1.0,0.0,1.9411764705882353,1.2966101694915255,1.0,1231.0,0.09391852678685804,0.22731804586241275,small,1.0,False,False,0.22731804586241275,False
boostnsift,flexfl,clarity,17,118,4.0,0.0,3.176470588235294,2.1186440677966103,4.0,1230.0,0.10666879400423467,0.226321036889332,small,1.0,False,False,0.226321036889332,False
boostnsift,flexfl,ambiguity,17,118,0.0032362459546925,0.0,0.007456787851289012,0.002952881011844348,0.0032362459546925,1226.0,0.08266319397121095,0.22233300099700898,small,1.0,False,False,0.22233300099700898,False
boostnsift,flexfl,summary_chars,17,118,12.0,12.0,33.88235294117647,23.56779661016949,0.0,1207.0,0.0636197698018579,0.2033898305084746,small,1.0,False,False,0.2033898305084746,False
boostnsift,flexfl,flesch_reading_ease,17,113,6.34,5.19,12.231764705882354,-14.15053097345133,1.1499999999999995,1149.0,0.19420417882839647,0.19625195210827695,small,1.0,False,False,0.19625195210827695,False
boostnsift,flexfl,causal_reasoning_quality,17,118,3.0,0.0,2.6470588235294117,1.9576271186440677,3.0,1175.5,0.22268978477746904,0.1719840478564307,small,1.0,False,False,0.1719840478564307,False
boostnsift,flexfl,embedding_cluster_size,17,118,115.0,115.0,108.0,123.12711864406779,0.0,831.0,0.23296339174669956,-0.17148554336989033,small,1.0,False,False,0.17148554336989033,False
boostnsift,flexfl,n_words,17,118,94.0,95.0,144.2941176470588,139.67796610169492,-1.0,1169.5,0.27087703465967217,0.16600199401794616,small,1.0,False,False,0.16600199401794616,False
boostnsift,flexfl,modal_density,17,118,0.0,0.0,0.08047962267911117,0.15948600183380662,0.0,838.5,0.2320730892313293,-0.16400797607178463,small,1.0,False,False,0.16400797607178463,False
boostnsift,flexfl,expected_observed_alignment,17,118,4.0,0.0,3.1176470588235294,2.2542372881355934,4.0,1157.5,0.26961189302748867,0.15403788634097706,small,1.0,False,False,0.15403788634097706,False
boostnsift,flexfl,redundancy,17,118,0.3135163486003876,0.2783687710762024,0.3033863972215092,0.27531519532203674,0.03514757752418518,1142.0,0.3583057598530679,0.13858424725822532,negligible,1.0,False,False,0.13858424725822532,False
boostnsift,flexfl,n_tokens,17,118,218.0,182.5,260.6470588235294,242.61864406779662,35.5,1141.0,0.36177679513264815,0.13758723828514458,negligible,1.0,False,False,0.13758723828514458,False
boostnsift,flexfl,embedding_norm,17,118,1.0,1.0,1.000000017530778,1.0000000025256206,0.0,1122.0,0.17239342460677687,0.11864406779661017,negligible,1.0,False,False,0.11864406779661017,False
boostnsift,flexfl,semantic_spread_pc1,17,118,0.4521378576755523,0.4315839409828186,0.4587966396528132,0.42706488148640775,0.02055391669273371,1115.0,0.45959050090581866,0.11166500498504486,negligible,1.0,False,False,0.11166500498504486,False
boostnsift,flexfl,temporal_density,17,118,0.0,0.0,0.07018854972819166,0.04956854501650176,0.0,1110.5,0.3664629847050068,0.10717846460618145,negligible,1.0,False,False,0.10717846460618145,False
boostnsift,flexfl,num_EB,17,118,0.0,0.0,0.35294117647058826,0.6101694915254238,0.0,898.0,0.4274844120916652,-0.10468594217347957,negligible,1.0,False,False,0.10468594217347957,False
boostnsift,flexfl,num_temporal_markers,17,118,0.0,0.0,0.5294117647058824,0.4152542372881356,0.0,1097.0,0.42730947956319454,0.09371884346959122,negligible,1.0,False,False,0.09371884346959122,False
boostnsift,flexfl,exc_cat_runtime_error,17,118,0.0,0.0,0.0,0.16101694915254236,0.0,909.5,0.19347250835162566,-0.09322033898305085,negligible,1.0,False,False,0.09322033898305085,False
boostnsift,flexfl,has_exc_runtime_error,17,118,0.0,0.0,0.0,0.09322033898305085,0.0,909.5,0.19303762624462095,-0.09322033898305085,negligible,1.0,False,False,0.09322033898305085,False
boostnsift,flexfl,num_env_mentions,17,118,0.0,0.0,0.0,0.11016949152542373,0.0,918.0,0.2167925166015473,-0.0847457627118644,negligible,1.0,False,False,0.0847457627118644,False
boostnsift,flexfl,exc_cat_io_error,17,118,0.0,0.0,0.17647058823529413,0.0423728813559322,0.0,1088.0,0.11649604974198863,0.0847457627118644,negligible,1.0,False,False,0.0847457627118644,False
boostnsift,flexfl,has_exc_io_error,17,118,0.0,0.0,0.11764705882352941,0.03389830508474576,0.0,1087.0,0.12079803696401717,0.08374875373878365,negligible,1.0,False,False,0.08374875373878365,False
boostnsift,flexfl,n_sentences,17,118,6.0,7.0,8.058823529411764,10.864406779661017,-1.0,920.5,0.5855902952759479,-0.08225324027916252,negligible,1.0,False,False,0.08225324027916252,False
boostnsift,flexfl,num_semantic_sentences,17,118,6.0,7.0,8.058823529411764,10.864406779661017,-1.0,920.5,0.5855902952759479,-0.08225324027916252,negligible,1.0,False,False,0.08225324027916252,False
boostnsift,flexfl,num_OB,17,118,4.0,4.5,5.294117647058823,5.203389830508475,-0.5,922.5,0.5935125761687423,-0.08025922233300099,negligible,1.0,False,False,0.08025922233300099,False
boostnsift,flexfl,smog_index,17,113,12.0,12.3,13.064705882352941,12.358407079646017,-0.3000000000000007,1035.0,0.6092163421297238,0.07756376887038001,negligible,1.0,False,False,0.07756376887038001,False
boostnsift,flexfl,embedding_pos_neg_ratio,17,118,0.9845360824742267,0.9845360824742267,0.9957442297581297,0.9857040078920011,0.0,1079.5,0.6136110993142445,0.07627118644067797,negligible,1.0,False,False,0.07627118644067797,False
boostnsift,flexfl,exception_user_frame_ratio,17,118,0.0,0.0,0.07352941176470588,0.030222991502944746,0.0,1077.0,0.20452074397919595,0.07377866400797607,negligible,1.0,False,False,0.07377866400797607,False
boostnsift,flexfl,stacktrace_depth,17,118,0.0,0.0,0.4117647058823529,0.4915254237288136,0.0,1075.5,0.21394870632399876,0.07228315054835494,negligible,1.0,False,False,0.07228315054835494,False
boostnsift,flexfl,exception_user_frames,17,118,0.0,0.0,0.11764705882352941,0.4491525423728814,0.0,1073.5,0.22694002399332114,0.07028913260219342,negligible,1.0,False,False,0.07028913260219342,False
boostnsift,flexfl,embedding_cluster,17,118,2.0,2.0,3.411764705882353,3.2711864406779663,0.0,935.0,0.6391227203445635,-0.06779661016949153,negligible,1.0,False,False,0.06779661016949153,False
boostnsift,flexfl,description_chars,17,118,1785.0,1464.0,1912.2941176470588,2068.898305084746,321.0,1067.0,0.6736417750359176,0.06380857427716849,negligible,1.0,False,False,0.06380857427716849,False
boostnsift,flexfl,embedding_sparsity,17,118,0.1640625,0.1614583333333333,0.15916053921568626,0.16300317796610164,0.002604166666666713,939.5,0.675665081883421,-0.06331006979062812,negligible,1.0,False,False,0.06331006979062812,False
boostnsift,flexfl,num_os_mentions,17,118,0.0,0.0,0.17647058823529413,0.1271186440677966,0.0,1059.5,0.5182899680087911,0.05633100697906281,negligible,1.0,False,False,0.05633100697906281,False
boostnsift,flexfl,exception_library_frames,17,118,0.0,0.0,0.35294117647058826,1.4576271186440677,0.0,1056.5,0.4162627028693284,0.05333998005982054,negligible,1.0,False,False,0.05333998005982054,False
boostnsift,flexfl,exc_cat_index_error,17,118,0.0,0.0,0.17647058823529413,0.01694915254237288,0.0,1054.0,0.10948793713248368,0.05084745762711865,negligible,1.0,False,False,0.05084745762711865,False
boostnsift,flexfl,has_exc_index_error,17,118,0.0,0.0,0.058823529411764705,0.00847457627118644,0.0,1053.5,0.11303529272839356,0.050348953140578266,negligible,1.0,False,False,0.050348953140578266,False
boostnsift,flexfl,semantic_spread_pc2,17,118,0.3366288244724273,0.35731771588325495,0.3015678893117356,0.3280679490101542,-0.020688891410827637,953.5,0.7451866576441156,-0.04935194416749751,negligible,1.0,False,False,0.04935194416749751,False
boostnsift,flexfl,semantic_coherence,17,118,0.3135163486003876,0.2853177785873413,0.3033863972215092,0.32616265294915536,0.028198570013046265,1040.0,0.8087139496391641,0.036889332003988036,negligible,1.0,False,False,0.036889332003988036,False
boostnsift,flexfl,completeness_score,17,118,2.0,2.0,2.1176470588235294,2.0508474576271185,0.0,1038.0,0.8088823880875768,0.03489531405782652,negligible,1.0,False,False,0.03489531405782652,False
boostnsift,flexfl,exception_avg_frame_package_depth,17,118,0.0,0.0,0.47058823529411764,0.3239243552589497,0.0,1036.5,0.6574973145359797,0.03339980059820538,negligible,1.0,False,False,0.03339980059820538,False
boostnsift,flexfl,num_negative_modals,17,118,0.0,0.0,0.11764705882352941,0.2288135593220339,0.0,1033.0,0.691674874907432,0.02991026919242273,negligible,1.0,False,False,0.02991026919242273,False
boostnsift,flexfl,embedding_max,17,118,0.1577728390693664,0.15366294234991068,0.15626878335195424,0.15803959668945458,0.004109896719455719,973.0,0.8448805785638556,-0.02991026919242273,negligible,1.0,False,False,0.02991026919242273,False
boostnsift,flexfl,exc_cat_null_pointer,17,118,0.0,0.0,0.23529411764705882,0.0423728813559322,0.0,1030.0,0.5911372038046362,0.026919242273180457,negligible,1.0,False,False,0.026919242273180457,False
boostnsift,flexfl,num_caused_by,17,118,0.0,0.0,0.0,0.0423728813559322,0.0,977.5,0.516106249965625,-0.025423728813559324,negligible,1.0,False,False,0.025423728813559324,False
boostnsift,flexfl,has_exc_null_pointer,17,118,0.0,0.0,0.058823529411764705,0.03389830508474576,0.0,1028.0,0.6193746669636713,0.024925224327018942,negligible,1.0,False,False,0.024925224327018942,False
boostnsift,flexfl,num_causal_markers,17,118,1.0,1.0,1.8823529411764706,2.7203389830508473,0.0,980.0,0.878660425367351,-0.022931206380857428,negligible,1.0,False,False,0.022931206380857428,False
boostnsift,flexfl,num_exception_types,17,118,0.0,0.0,0.35294117647058826,0.3898305084745763,0.0,1024.0,0.8605553621055598,0.020937188434695914,negligible,1.0,False,False,0.020937188434695914,False
boostnsift,flexfl,num_browser_mentions,17,118,0.0,0.0,0.17647058823529413,0.211864406779661,0.0,983.0,0.8499490830659806,-0.019940179461615155,negligible,1.0,False,False,0.019940179461615155,False
boostnsift,flexfl,gunning_fog,17,113,10.86,10.94,11.523529411764706,11.385309734513276,-0.08000000000000007,978.0,0.9065477862095885,0.018219677251431546,negligible,1.0,False,False,0.018219677251431546,False
boostnsift,flexfl,exc_cat_type_error,17,118,0.0,0.0,0.0,0.05084745762711865,0.0,986.0,0.601019275493636,-0.01694915254237288,negligible,1.0,False,False,0.01694915254237288,False
boostnsift,flexfl,has_exc_type_error,17,118,0.0,0.0,0.0,0.01694915254237288,0.0,986.0,0.6010091414319194,-0.01694915254237288,negligible,1.0,False,False,0.01694915254237288,False
boostnsift,flexfl,causal_density,17,118,0.1739130434782608,0.25,0.3025398301613135,0.28427905640998874,-0.07608695652173919,1017.5,0.924856206851421,0.014456630109670987,negligible,1.0,False,False,0.014456630109670987,False
boostnsift,flexfl,exc_cat_assertion,17,118,0.0,0.0,0.0,0.00847457627118644,0.0,994.5,0.7209155682202566,-0.00847457627118644,negligible,1.0,False,False,0.00847457627118644,False
boostnsift,flexfl,has_exc_assertion,17,118,0.0,0.0,0.0,0.00847457627118644,0.0,994.5,0.7209155682202566,-0.00847457627118644,negligible,1.0,False,False,0.00847457627118644,False
boostnsift,flexfl,semantic_entropy,17,118,1.433916091918945,1.6528388857841492,1.3127503360019495,1.394514311673286,-0.21892279386520408,995.0,0.9603267226001214,-0.007976071784646061,negligible,1.0,False,False,0.007976071784646061,False
boostnsift,flexfl,exc_cat_concurrency,17,118,0.0,0.0,0.0,0.0,0.0,1003.0,1.0,0.0,negligible,1.0,False,False,0.0,False
boostnsift,flexfl,exc_cat_arithmetic,17,118,0.0,0.0,0.0,0.0,0.0,1003.0,1.0,0.0,negligible,1.0,False,False,0.0,False
boostnsift,flexfl,has_exc_concurrency,17,118,0.0,0.0,0.0,0.0,0.0,1003.0,1.0,0.0,negligible,1.0,False,False,0.0,False
boostnsift,flexfl,has_exc_arithmetic,17,118,0.0,0.0,0.0,0.0,0.0,1003.0,1.0,0.0,negligible,1.0,False,False,0.0,False
boostnsift,flexfl,behavior_verb_count,17,118,0.0,0.0,0.0,0.0,0.0,1003.0,1.0,0.0,negligible,1.0,False,False,0.0,False
boostnsift,flexfl,behavior_verb_density,17,118,0.0,0.0,0.0,0.0,0.0,1003.0,1.0,0.0,negligible,1.0,False,False,0.0,False
boostnsift,flexfl,num_S2R,17,118,0.0,0.0,0.0,0.0,0.0,1003.0,1.0,0.0,negligible,1.0,False,False,0.0,False
boostnsift,locus,num_modal_verbs,17,16,0.0,1.0,0.35294117647058826,1.5625,-1.0,71.0,0.01137650821719,-0.47794117647058826,large,0.8646146245064401,False,False,0.47794117647058826,False
boostnsift,locus,embedding_min,17,16,-0.1584273427724838,-0.1465589106082916,-0.15875311897081482,-0.14755369722843167,-0.0118684321641922,83.0,0.05860430106970893,-0.3897058823529412,medium,1.0,False,False,0.3897058823529412,False
boostnsift,locus,modal_density,17,16,0.0,0.13194444444444445,0.08047962267911117,0.2891869670362317,-0.13194444444444445,85.5,0.05254509303332816,-0.3713235294117647,medium,1.0,False,False,0.3713235294117647,False
boostnsift,locus,embedding_mean,17,16,-0.0004581704561132,0.00011627320054685084,-0.00034108391178851736,-1.4545782050843657e-05,-0.0005744436566600508,87.0,0.08062649087704853,-0.3602941176470588,medium,1.0,False,False,0.3602941176470588,False
boostnsift,locus,embedding_max,17,16,0.1577728390693664,0.14577694237232205,0.15626878335195424,0.14626478729769582,0.011995896697044345,180.0,0.11712567855905875,0.3235294117647059,small,1.0,False,False,0.3235294117647059,False
boostnsift,locus,temporal_density,17,16,0.0,0.0,0.07018854972819166,0.0017361111111111062,0.0,178.5,0.034342158285947555,0.3125,small,1.0,False,False,0.3125,False
boostnsift,locus,num_temporal_markers,17,16,0.0,0.0,0.5294117647058824,0.0625,0.0,176.5,0.04318789897887541,0.2977941176470588,small,1.0,False,False,0.2977941176470588,False
boostnsift,locus,embedding_std,17,16,0.0510284788906574,0.05103001371026035,0.051026497693622774,0.051027911948040086,-1.5348196029524308e-06,97.0,0.16548950244348504,-0.2867647058823529,small,1.0,False,False,0.2867647058823529,False
boostnsift,locus,embedding_cluster_size,17,16,115.0,115.0,108.0,124.4375,0.0,103.5,0.23584197729247658,-0.23897058823529413,small,1.0,False,False,0.23897058823529413,False
boostnsift,locus,embedding_cluster_distance,17,16,0.5365475799691005,0.49645435116941605,0.5373594232204939,0.5069797912649247,0.040093228799684466,168.0,0.2565051861805062,0.23529411764705882,small,1.0,False,False,0.23529411764705882,False
boostnsift,locus,embedding_cluster_separation,17,16,0.7300769499081391,0.7743992667731356,0.7239958365918859,0.7560393210785598,-0.04432231686499655,105.0,0.27191282088637114,-0.22794117647058823,small,1.0,False,False,0.22794117647058823,False
boostnsift,locus,num_OB,17,16,4.0,5.0,5.294117647058823,6.0,-1.0,112.0,0.39424618109044685,-0.17647058823529413,small,1.0,False,False,0.17647058823529413,False
boostnsift,locus,redundancy,17,16,0.3135163486003876,0.2528595626354217,0.3033863972215092,0.30308950040489435,0.060656785964965876,158.0,0.43865229842635833,0.16176470588235295,small,1.0,False,False,0.16176470588235295,False
boostnsift,locus,semantic_coherence,17,16,0.3135163486003876,0.2528595626354217,0.3033863972215092,0.30308950040489435,0.060656785964965876,158.0,0.43865229842635833,0.16176470588235295,small,1.0,False,False,0.16176470588235295,False
boostnsift,locus,description_length,17,16,865.0,887.5,1359.9411764705883,839.875,-22.5,158.0,0.43223403777256597,0.16176470588235295,small,1.0,False,False,0.16176470588235295,False
boostnsift,locus,embedding_sparsity,17,16,0.1640625,0.16015624999999994,0.15916053921568626,0.1546223958333333,0.0039062500000000555,157.0,0.45930211017225786,0.15441176470588236,small,1.0,False,False,0.15441176470588236,False
boostnsift,locus,causal_density,17,16,0.1739130434782608,0.1833333333333333,0.3025398301613135,0.18686174936174935,-0.009420289855072483,156.0,0.47592751344960693,0.14705882352941177,small,1.0,False,False,0.14705882352941177,False
boostnsift,locus,num_versions,17,16,1.0,1.0,1.9411764705882353,1.3125,0.0,155.0,0.4876983284309234,0.13970588235294118,negligible,1.0,False,False,0.13970588235294118,False
boostnsift,locus,causal_reasoning_quality,17,16,3.0,4.0,2.6470588235294117,2.8125,-1.0,117.5,0.5022359909820672,-0.13602941176470587,negligible,1.0,False,False,0.13602941176470587,False
boostnsift,locus,completeness_score,17,16,2.0,2.0,2.1176470588235294,1.875,0.0,154.0,0.5021604163359481,0.1323529411764706,negligible,1.0,False,False,0.1323529411764706,False
boostnsift,locus,actionability,17,16,3.0,4.5,3.0,3.0,-1.5,118.0,0.509989183588367,-0.1323529411764706,negligible,1.0,False,False,0.1323529411764706,False
boostnsift,locus,specificity,17,16,3.0,4.5,3.0,3.0,-1.5,118.0,0.509989183588367,-0.1323529411764706,negligible,1.0,False,False,0.1323529411764706,False
boostnsift,locus,exc_cat_io_error,17,16,0.0,0.0,0.17647058823529413,0.0,0.0,152.0,0.17710527448845625,0.11764705882352941,negligible,1.0,False,False,0.11764705882352941,False
boostnsift,locus,has_exc_io_error,17,16,0.0,0.0,0.11764705882352941,0.0,0.0,152.0,0.17689373494653216,0.11764705882352941,negligible,1.0,False,False,0.11764705882352941,False
boostnsift,locus,embedding_norm,17,16,1.0,1.0,1.000000017530778,1.0,0.0,152.0,0.32428165054238045,0.11764705882352941,negligible,1.0,False,False,0.11764705882352941,False
boostnsift,locus,expected_observed_alignment,17,16,4.0,5.0,3.1176470588235294,3.0625,-1.0,120.0,0.5540418917738547,-0.11764705882352941,negligible,1.0,False,False,0.11764705882352941,False
boostnsift,locus,clarity,17,16,4.0,4.5,3.176470588235294,3.0,-0.5,121.0,0.5828499081166296,-0.11029411764705882,negligible,1.0,False,False,0.11029411764705882,False
boostnsift,locus,semantic_spread_pc1,17,16,0.4521378576755523,0.44146716594696045,0.4587966396528132,0.43930287659168243,0.010670691728591863,148.0,0.6786896055218025,0.08823529411764706,negligible,1.0,False,False,0.08823529411764706,False
boostnsift,locus,num_browser_mentions,17,16,0.0,0.0,0.17647058823529413,0.3125,0.0,124.5,0.577256504301479,-0.08455882352941177,negligible,1.0,False,False,0.08455882352941177,False
boostnsift,locus,exception_library_frames,17,16,0.0,0.0,0.35294117647058826,3.625,0.0,124.5,0.5250691838525388,-0.08455882352941177,negligible,1.0,False,False,0.08455882352941177,False
boostnsift,locus,n_sentences,17,16,6.0,6.5,8.058823529411764,10.375,-0.5,125.0,0.7040551418683008,-0.08088235294117647,negligible,1.0,False,False,0.08088235294117647,False
boostnsift,locus,num_semantic_sentences,17,16,6.0,6.5,8.058823529411764,10.375,-0.5,125.0,0.7040551418683008,-0.08088235294117647,negligible,1.0,False,False,0.08088235294117647,False
boostnsift,locus,num_causal_markers,17,16,1.0,1.0,1.8823529411764706,2.3125,0.0,146.5,0.710557313801287,0.07720588235294118,negligible,1.0,False,False,0.07720588235294118,False
boostnsift,locus,exception_avg_frame_package_depth,17,16,0.0,0.0,0.47058823529411764,0.6002992021276596,0.0,126.5,0.6033775013403442,-0.06985294117647059,negligible,1.0,False,False,0.06985294117647059,False
boostnsift,locus,technical_depth,17,16,3.0,3.0,2.7058823529411766,2.3125,0.0,145.0,0.7515939972646918,0.0661764705882353,negligible,1.0,False,False,0.0661764705882353,False
boostnsift,locus,num_caused_by,17,16,0.0,0.0,0.0,0.125,0.0,127.5,0.33197546708273695,-0.0625,negligible,1.0,False,False,0.0625,False
boostnsift,locus,exc_cat_type_error,17,16,0.0,0.0,0.0,0.4375,0.0,127.5,0.33197546708273695,-0.0625,negligible,1.0,False,False,0.0625,False
boostnsift,locus,exc_cat_runtime_error,17,16,0.0,0.0,0.0,0.25,0.0,127.5,0.33197546708273695,-0.0625,negligible,1.0,False,False,0.0625,False
boostnsift,locus,has_exc_type_error,17,16,0.0,0.0,0.0,0.0625,0.0,127.5,0.33197546708273695,-0.0625,negligible,1.0,False,False,0.0625,False
boostnsift,locus,has_exc_runtime_error,17,16,0.0,0.0,0.0,0.0625,0.0,127.5,0.33197546708273695,-0.0625,negligible,1.0,False,False,0.0625,False
boostnsift,locus,exc_cat_null_pointer,17,16,0.0,0.0,0.23529411764705882,0.0,0.0,144.0,0.3630817235584307,0.058823529411764705,negligible,1.0,False,False,0.058823529411764705,False
boostnsift,locus,has_exc_null_pointer,17,16,0.0,0.0,0.058823529411764705,0.0,0.0,144.0,0.3630817235584307,0.058823529411764705,negligible,1.0,False,False,0.058823529411764705,False
boostnsift,locus,ambiguity,17,16,0.0032362459546925,0.00277503588564315,0.007456787851289012,0.0047004706227646185,0.0004612100690493501,144.0,0.7765879244705879,0.058823529411764705,negligible,1.0,False,False,0.058823529411764705,False
boostnsift,locus,embedding_cluster,17,16,2.0,2.0,3.411764705882353,3.6875,0.0,128.0,0.7826473403892467,-0.058823529411764705,negligible,1.0,False,False,0.058823529411764705,False
boostnsift,locus,exception_user_frame_ratio,17,16,0.0,0.0,0.07352941176470588,0.025,0.0,143.5,0.6132142073987892,0.05514705882352941,negligible,1.0,False,False,0.05514705882352941,False
boostnsift,locus,coleman_liau_index,17,16,27.85,23.795,27.17647058823529,31.555,4.055,143.0,0.814874428740246,0.051470588235294115,negligible,1.0,False,False,0.051470588235294115,False
boostnsift,locus,stacktrace_depth,17,16,0.0,0.0,0.4117647058823529,0.25,0.0,143.0,0.6386823094452891,0.051470588235294115,negligible,1.0,False,False,0.051470588235294115,False
boostnsift,locus,exception_user_frames,17,16,0.0,0.0,0.11764705882352941,0.125,0.0,142.5,0.6647072508748091,0.04779411764705882,negligible,1.0,False,False,0.04779411764705882,False
boostnsift,locus,gunning_fog,17,16,10.86,11.43,11.523529411764706,11.552499999999998,-0.5700000000000003,131.0,0.8712282197431191,-0.03676470588235294,negligible,1.0,False,False,0.03676470588235294,False
boostnsift,locus,semantic_spread_pc2,17,16,0.3366288244724273,0.33865098655223846,0.3015678893117356,0.32006421685218855,-0.0020221620798111517,131.0,0.8712175526541794,-0.03676470588235294,negligible,1.0,False,False,0.03676470588235294,False
boostnsift,locus,flesch_reading_ease,17,16,6.34,20.21,12.231764705882354,1.2481250000000008,-13.870000000000001,131.5,0.8854217630576582,-0.03308823529411765,negligible,1.0,False,False,0.03308823529411765,False
boostnsift,locus,n_words,17,16,94.0,102.0,144.2941176470588,153.875,-8.0,132.0,0.8996378567586496,-0.029411764705882353,negligible,1.0,False,False,0.029411764705882353,False
boostnsift,locus,repair_difficulty,17,16,3.0,3.0,3.176470588235294,3.125,0.0,139.5,0.90956191660851,0.025735294117647058,negligible,1.0,False,False,0.025735294117647058,False
boostnsift,locus,num_EB,17,16,0.0,0.0,0.35294117647058826,0.5625,0.0,132.5,0.8964786309295976,-0.025735294117647058,negligible,1.0,False,False,0.025735294117647058,False
boostnsift,locus,description_chars,17,16,1785.0,1773.0,1912.2941176470588,2207.875,12.0,133.0,0.9282436914627462,-0.022058823529411766,negligible,1.0,False,False,0.022058823529411766,False
boostnsift,locus,n_tokens,17,16,218.0,192.5,260.6470588235294,265.875,25.5,139.0,0.9282257462622657,0.022058823529411766,negligible,1.0,False,False,0.022058823529411766,False
boostnsift,locus,num_exception_types,17,16,0.0,0.0,0.35294117647058826,0.375,0.0,139.0,0.9081390427673617,0.022058823529411766,negligible,1.0,False,False,0.022058823529411766,False
boostnsift,locus,summary_chars,17,16,12.0,12.0,33.88235294117647,35.875,0.0,138.0,0.9486489298712015,0.014705882352941176,negligible,1.0,False,False,0.014705882352941176,False
boostnsift,locus,automated_readability_index,17,16,26.1,25.35,27.4,31.4375,0.75,134.5,0.9712624899875801,-0.011029411764705883,negligible,1.0,False,False,0.011029411764705883,False
boostnsift,locus,num_os_mentions,17,16,0.0,0.0,0.17647058823529413,0.1875,0.0,134.5,0.9570173817594589,-0.011029411764705883,negligible,1.0,False,False,0.011029411764705883,False
boostnsift,locus,smog_index,17,16,12.0,12.15,13.064705882352941,12.78125,-0.15000000000000036,137.0,0.985621703491277,0.007352941176470588,negligible,1.0,False,False,0.007352941176470588,False
boostnsift,locus,num_negative_modals,17,16,0.0,0.0,0.11764705882352941,0.125,0.0,135.0,0.9745944735448081,-0.007352941176470588,negligible,1.0,False,False,0.007352941176470588,False
boostnsift,locus,semantic_entropy,17,16,1.433916091918945,1.629879117012024,1.3127503360019495,1.3521772362292046,-0.19596302509307884,135.0,0.9856301148079416,-0.007352941176470588,negligible,1.0,False,False,0.007352941176470588,False
boostnsift,locus,has_exc_index_error,17,16,0.0,0.0,0.058823529411764705,0.0625,0.0,135.5,1.0,-0.003676470588235294,negligible,1.0,False,False,0.003676470588235294,False
boostnsift,locus,embedding_pos_neg_ratio,17,16,0.9845360824742267,0.9896773676619838,0.9957442297581297,0.9908592829677305,-0.005141285187757028,135.5,1.0,-0.003676470588235294,negligible,1.0,False,False,0.003676470588235294,False
boostnsift,locus,num_env_mentions,17,16,0.0,0.0,0.0,0.0,0.0,136.0,1.0,0.0,negligible,1.0,False,False,0.0,False
boostnsift,locus,exc_cat_index_error,17,16,0.0,0.0,0.17647058823529413,0.125,0.0,136.0,1.0,0.0,negligible,1.0,False,False,0.0,False
boostnsift,locus,exc_cat_concurrency,17,16,0.0,0.0,0.0,0.0,0.0,136.0,1.0,0.0,negligible,1.0,False,False,0.0,False
boostnsift,locus,exc_cat_assertion,17,16,0.0,0.0,0.0,0.0,0.0,136.0,1.0,0.0,negligible,1.0,False,False,0.0,False
boostnsift,locus,exc_cat_arithmetic,17,16,0.0,0.0,0.0,0.0,0.0,136.0,1.0,0.0,negligible,1.0,False,False,0.0,False
boostnsift,locus,has_exc_concurrency,17,16,0.0,0.0,0.0,0.0,0.0,136.0,1.0,0.0,negligible,1.0,False,False,0.0,False
boostnsift,locus,has_exc_assertion,17,16,0.0,0.0,0.0,0.0,0.0,136.0,1.0,0.0,negligible,1.0,False,False,0.0,False
boostnsift,locus,has_exc_arithmetic,17,16,0.0,0.0,0.0,0.0,0.0,136.0,1.0,0.0,negligible,1.0,False,False,0.0,False
boostnsift,locus,behavior_verb_count,17,16,0.0,0.0,0.0,0.0,0.0,136.0,1.0,0.0,negligible,1.0,False,False,0.0,False
boostnsift,locus,behavior_verb_density,17,16,0.0,0.0,0.0,0.0,0.0,136.0,1.0,0.0,negligible,1.0,False,False,0.0,False
boostnsift,locus,num_S2R,17,16,0.0,0.0,0.0,0.0,0.0,136.0,1.0,0.0,negligible,1.0,False,False,0.0,False
buglocator,flexfl,ambiguity,11,118,0.0043859649122807,0.0,0.006412276029704819,0.002952881011844348,0.0043859649122807,872.5,0.02812476247420946,0.3443759630200308,medium,1.0,False,False,0.3443759630200308,False
buglocator,flexfl,embedding_min,11,118,-0.1571573764085769,-0.14983055740594858,-0.15944236110557208,-0.14987505460947248,-0.007326819002628326,444.0,0.08459923123751417,-0.31587057010785824,small,1.0,False,False,0.31587057010785824,False
buglocator,flexfl,redundancy,11,118,0.3285720348358154,0.2783687710762024,0.31912863796407526,0.27531519532203674,0.05020326375961298,840.0,0.10814873315633579,0.2942989214175655,small,1.0,False,False,0.2942989214175655,False
buglocator,flexfl,embedding_cluster_separation,11,118,0.7512888393651611,0.7789208034469062,0.7221968294240567,0.7674251661968219,-0.027631964081745064,474.0,0.1411278146461467,-0.2696456086286595,small,1.0,False,False,0.2696456086286595,False
buglocator,flexfl,embedding_cluster,11,118,2.0,2.0,2.090909090909091,3.2711864406779663,0.0,487.0,0.14990401365356282,-0.24961479198767333,small,1.0,False,False,0.24961479198767333,False
buglocator,flexfl,num_versions,11,118,0.0,0.0,0.36363636363636365,1.2966101694915255,0.0,494.5,0.13615431759748906,-0.23805855161787365,small,1.0,False,False,0.23805855161787365,False
buglocator,flexfl,completeness_score,11,118,2.0,2.0,2.3636363636363638,2.0508474576271185,0.0,799.5,0.17664392787685124,0.23189522342064714,small,1.0,False,False,0.23189522342064714,False
buglocator,flexfl,n_words,11,118,114.0,95.0,130.0909090909091,139.67796610169492,19.0,792.5,0.2278031118409427,0.22110939907550076,small,1.0,False,False,0.22110939907550076,False
buglocator,flexfl,n_tokens,11,118,215.0,182.5,257.09090909090907,242.61864406779662,32.5,792.0,0.22944614872360314,0.22033898305084745,small,1.0,False,False,0.22033898305084745,False
buglocator,flexfl,embedding_max,11,118,0.1491489112377166,0.15366294234991068,0.1497695229270241,0.15803959668945458,-0.004514031112194089,507.0,0.2327493633068618,-0.21879815100154082,small,1.0,False,False,0.21879815100154082,False
buglocator,flexfl,embedding_std,11,118,0.0510289594531059,0.051029872149229,0.05102765323086214,0.05102770314630811,-9.126961231023523e-07,516.0,0.26380293187949655,-0.2049306625577812,small,1.0,False,False,0.2049306625577812,False
buglocator,flexfl,semantic_coherence,11,118,0.3285720348358154,0.2853177785873413,0.31912863796407526,0.32616265294915536,0.043254256248474066,774.0,0.2937350989990083,0.1926040061633282,small,1.0,False,False,0.1926040061633282,False
buglocator,flexfl,description_chars,11,118,1670.0,1464.0,2039.3636363636363,2068.898305084746,206.0,766.5,0.3237925055647737,0.1810477657935285,small,1.0,False,False,0.1810477657935285,False
buglocator,flexfl,embedding_cluster_distance,11,118,0.5372804844688406,0.4939301857145936,0.5285194009668635,0.4884915024630674,0.04335029875424701,765.0,0.33003583974617823,0.17873651771956856,small,1.0,False,False,0.17873651771956856,False
buglocator,flexfl,semantic_spread_pc1,11,118,0.4512540102005005,0.4315839409828186,0.45698838342319836,0.42706488148640775,0.019670069217681885,763.0,0.33846872168157527,0.17565485362095531,small,1.0,False,False,0.17565485362095531,False
buglocator,flexfl,embedding_sparsity,11,118,0.1692708333333333,0.1614583333333333,0.16785037878787873,0.16300317796610164,0.0078125,756.5,0.3661181643828033,0.16563944530046226,small,1.0,False,False,0.16563944530046226,False
buglocator,flexfl,embedding_norm,11,118,1.0,1.0,0.9999999891627919,1.0000000025256206,0.0,542.5,0.10805950657606082,-0.16409861325115563,small,1.0,False,False,0.16409861325115563,False
buglocator,flexfl,embedding_pos_neg_ratio,11,118,1.0263157894736843,0.9845360824742267,1.000809337604531,0.9857040078920011,0.041779706999457544,755.0,0.37283793479647986,0.1633281972265023,small,1.0,False,False,0.1633281972265023,False
buglocator,flexfl,semantic_entropy,11,118,1.8036415576934817,1.6528388857841492,1.6280257485129617,1.394514311673286,0.1508026719093325,754.0,0.37815855514325036,0.1617873651771957,small,1.0,False,False,0.1617873651771957,False
buglocator,flexfl,embedding_cluster_size,11,118,115.0,115.0,137.63636363636363,123.12711864406779,0.0,747.5,0.38170723430504483,0.1517719568567026,small,1.0,False,False,0.1517719568567026,False
buglocator,flexfl,temporal_density,11,118,0.0,0.0,0.07272727272727274,0.04956854501650176,0.0,552.0,0.28311629134393534,-0.14946070878274267,small,1.0,False,False,0.14946070878274267,False
buglocator,flexfl,num_temporal_markers,11,118,0.0,0.0,1.0909090909090908,0.4152542372881356,0.0,553.0,0.2860410074174856,-0.14791987673343607,small,1.0,False,False,0.14791987673343607,False
buglocator,flexfl,n_sentences,11,118,9.0,7.0,9.272727272727273,10.864406779661017,2.0,744.5,0.42187481529734916,0.14714946070878274,small,1.0,False,False,0.14714946070878274,False
buglocator,flexfl,num_semantic_sentences,11,118,9.0,7.0,9.272727272727273,10.864406779661017,2.0,744.5,0.42187481529734916,0.14714946070878274,small,1.0,False,False,0.14714946070878274,False
buglocator,flexfl,num_os_mentions,11,118,0.0,0.0,0.0,0.1271186440677966,0.0,572.0,0.23134761804735804,-0.11864406779661017,negligible,1.0,False,False,0.11864406779661017,False
buglocator,flexfl,causal_reasoning_quality,11,118,3.0,0.0,2.3636363636363638,1.9576271186440677,3.0,724.5,0.494105713150108,0.11633281972265024,negligible,1.0,False,False,0.11633281972265024,False
buglocator,flexfl,num_browser_mentions,11,118,0.0,0.0,0.09090909090909091,0.211864406779661,0.0,581.0,0.39878855644272926,-0.10477657935285054,negligible,1.0,False,False,0.10477657935285054,False
buglocator,flexfl,technical_depth,11,118,3.0,0.0,2.090909090909091,1.7033898305084745,3.0,717.0,0.5396328484367121,0.10477657935285054,negligible,1.0,False,False,0.10477657935285054,False
buglocator,flexfl,modal_density,11,118,0.1666666666666666,0.0,0.1118457300275482,0.15948600183380662,0.1666666666666666,716.0,0.5437894604816456,0.10323574730354391,negligible,1.0,False,False,0.10323574730354391,False
buglocator,flexfl,embedding_mean,11,118,5.301538112689741e-05,-0.0001294869034609,-8.61857502472457e-05,-0.00019141467143941906,0.00018250228458779741,712.0,0.5981388427350751,0.0970724191063174,negligible,1.0,False,False,0.0970724191063174,False
buglocator,flexfl,num_negative_modals,11,118,0.0,0.0,0.18181818181818182,0.2288135593220339,0.0,709.0,0.31905623028332164,0.09244992295839753,negligible,1.0,False,False,0.09244992295839753,False
buglocator,flexfl,clarity,11,118,4.0,0.0,2.4545454545454546,2.1186440677966103,4.0,708.0,0.5923631812824556,0.09090909090909091,negligible,1.0,False,False,0.09090909090909091,False
buglocator,flexfl,smog_index,11,113,12.4,12.3,12.727272727272727,12.358407079646017,0.09999999999999964,676.5,0.6318468872607282,0.08849557522123894,negligible,1.0,False,False,0.08849557522123894,False
buglocator,flexfl,num_causal_markers,11,118,2.0,1.0,2.1818181818181817,2.7203389830508473,1.0,705.0,0.6323369004625693,0.08628659476117104,negligible,1.0,False,False,0.08628659476117104,False
buglocator,flexfl,num_env_mentions,11,118,0.0,0.0,0.0,0.11016949152542373,0.0,594.0,0.3212179030757798,-0.0847457627118644,negligible,1.0,False,False,0.0847457627118644,False
buglocator,flexfl,exception_avg_frame_package_depth,11,118,0.0,0.0,0.0,0.3239243552589497,0.0,594.0,0.32159566033190023,-0.0847457627118644,negligible,1.0,False,False,0.0847457627118644,False
buglocator,flexfl,description_length,11,118,733.0,20.0,820.2727272727273,857.2881355932203,713.0,703.5,0.6258074669350173,0.0839753466872111,negligible,1.0,False,False,0.0839753466872111,False
buglocator,flexfl,causal_density,11,118,0.1666666666666666,0.25,0.3086485484212757,0.28427905640998874,-0.0833333333333334,700.0,0.6653698877056782,0.07858243451463791,negligible,1.0,False,False,0.07858243451463791,False
buglocator,flexfl,coleman_liau_index,11,113,29.59,31.46,31.650000000000002,37.41159292035398,-1.870000000000001,578.5,0.7087743231201225,-0.06918744971842317,negligible,1.0,False,False,0.06918744971842317,False
buglocator,flexfl,num_exception_types,11,118,0.0,0.0,0.45454545454545453,0.3898305084745763,0.0,605.5,0.6347582808965717,-0.06702619414483821,negligible,1.0,False,False,0.06702619414483821,False
buglocator,flexfl,semantic_spread_pc2,11,118,0.3503910899162292,0.35731771588325495,0.3622174317186529,0.3280679490101542,-0.006926625967025757,689.0,0.7390423896221685,0.061633281972265024,negligible,1.0,False,False,0.061633281972265024,False
buglocator,flexfl,summary_chars,11,118,12.0,12.0,26.818181818181817,23.56779661016949,0.0,688.5,0.6387868739374458,0.06086286594761171,negligible,1.0,False,False,0.06086286594761171,False
buglocator,flexfl,expected_observed_alignment,11,118,4.0,0.0,2.5454545454545454,2.2542372881355934,4.0,688.0,0.7220619192999338,0.060092449922958396,negligible,1.0,False,False,0.060092449922958396,False
buglocator,flexfl,exc_cat_io_error,11,118,0.0,0.0,0.18181818181818182,0.0423728813559322,0.0,687.5,0.33790876446568485,0.059322033898305086,negligible,1.0,False,False,0.059322033898305086,False
buglocator,flexfl,exception_library_frames,11,118,0.0,0.0,0.0,1.4576271186440677,0.0,610.5,0.4143480822397114,-0.059322033898305086,negligible,1.0,False,False,0.059322033898305086,False
buglocator,flexfl,has_exc_io_error,11,118,0.0,0.0,0.09090909090909091,0.03389830508474576,0.0,686.0,0.3572330818006533,0.05701078582434515,negligible,1.0,False,False,0.05701078582434515,False
buglocator,flexfl,gunning_fog,11,113,10.77,10.94,10.764545454545454,11.385309734513276,-0.16999999999999993,586.5,0.7617387962098856,-0.05631536604987932,negligible,1.0,False,False,0.05631536604987932,False
buglocator,flexfl,automated_readability_index,11,113,33.1,32.2,32.54545454545454,38.30530973451327,0.8999999999999986,586.5,0.7617380690397674,-0.05631536604987932,negligible,1.0,False,False,0.05631536604987932,False
buglocator,flexfl,actionability,11,118,3.0,0.0,2.1818181818181817,1.9745762711864407,3.0,678.0,0.795371368744534,0.04468412942989214,negligible,1.0,False,False,0.04468412942989214,False
buglocator,flexfl,specificity,11,118,3.0,0.0,2.1818181818181817,1.9745762711864407,3.0,677.0,0.8024361862084548,0.04314329738058552,negligible,1.0,False,False,0.04314329738058552,False
buglocator,flexfl,repair_difficulty,11,118,3.0,5.0,3.6363636363636362,3.76271186440678,-2.0,621.0,0.8008889387886365,-0.04314329738058552,negligible,1.0,False,False,0.04314329738058552,False
buglocator,flexfl,stacktrace_depth,11,118,0.0,0.0,0.0,0.4915254237288136,0.0,621.5,0.49596091413522236,-0.0423728813559322,negligible,1.0,False,False,0.0423728813559322,False
buglocator,flexfl,exception_user_frames,11,118,0.0,0.0,0.0,0.4491525423728814,0.0,621.5,0.49595552966788403,-0.0423728813559322,negligible,1.0,False,False,0.0423728813559322,False
buglocator,flexfl,exception_user_frame_ratio,11,118,0.0,0.0,0.0,0.030222991502944746,0.0,621.5,0.4959393752417519,-0.0423728813559322,negligible,1.0,False,False,0.0423728813559322,False
buglocator,flexfl,exc_cat_null_pointer,11,118,0.0,0.0,0.0,0.0423728813559322,0.0,627.0,0.5459603604472734,-0.03389830508474576,negligible,1.0,False,False,0.03389830508474576,False
buglocator,flexfl,has_exc_null_pointer,11,118,0.0,0.0,0.0,0.03389830508474576,0.0,627.0,0.5459230146285863,-0.03389830508474576,negligible,1.0,False,False,0.03389830508474576,False
buglocator,flexfl,num_OB,11,118,5.0,4.5,5.0,5.203389830508475,0.5,669.0,0.8685373357619091,0.030816640986132512,negligible,1.0,False,False,0.030816640986132512,False
buglocator,flexfl,num_modal_verbs,11,118,1.0,0.0,0.9090909090909091,1.1440677966101696,1.0,666.0,0.8795878499667656,0.026194144838212634,negligible,1.0,False,False,0.026194144838212634,False
buglocator,flexfl,num_caused_by,11,118,0.0,0.0,0.0,0.0423728813559322,0.0,632.5,0.6052770919541999,-0.025423728813559324,negligible,1.0,False,False,0.025423728813559324,False
buglocator,flexfl,exc_cat_type_error,11,118,0.0,0.0,0.0,0.05084745762711865,0.0,638.0,0.6790440766814239,-0.01694915254237288,negligible,1.0,False,False,0.01694915254237288,False
buglocator,flexfl,has_exc_type_error,11,118,0.0,0.0,0.0,0.01694915254237288,0.0,638.0,0.6790348277993867,-0.01694915254237288,negligible,1.0,False,False,0.01694915254237288,False
buglocator,flexfl,num_EB,11,118,0.0,0.0,0.5454545454545454,0.6101694915254238,0.0,658.5,0.9312846554838788,0.014637904468412942,negligible,1.0,False,False,0.014637904468412942,False
buglocator,flexfl,flesch_reading_ease,11,113,5.39,5.19,0.04272727272727266,-14.15053097345133,0.1999999999999993,615.0,0.9579470665037588,-0.010458567980691875,negligible,1.0,False,False,0.010458567980691875,False
buglocator,flexfl,exc_cat_index_error,11,118,0.0,0.0,0.0,0.01694915254237288,0.0,643.5,0.7813473077820189,-0.00847457627118644,negligible,1.0,False,False,0.00847457627118644,False
buglocator,flexfl,exc_cat_assertion,11,118,0.0,0.0,0.0,0.00847457627118644,0.0,643.5,0.7813473077820189,-0.00847457627118644,negligible,1.0,False,False,0.00847457627118644,False
buglocator,flexfl,has_exc_index_error,11,118,0.0,0.0,0.0,0.00847457627118644,0.0,643.5,0.7813473077820189,-0.00847457627118644,negligible,1.0,False,False,0.00847457627118644,False
buglocator,flexfl,has_exc_assertion,11,118,0.0,0.0,0.0,0.00847457627118644,0.0,643.5,0.7813473077820189,-0.00847457627118644,negligible,1.0,False,False,0.00847457627118644,False
buglocator,flexfl,exc_cat_runtime_error,11,118,0.0,0.0,0.09090909090909091,0.16101694915254236,0.0,644.5,0.9466128816002679,-0.006933744221879815,negligible,1.0,False,False,0.006933744221879815,False
buglocator,flexfl,has_exc_runtime_error,11,118,0.0,0.0,0.09090909090909091,0.09322033898305085,0.0,647.5,0.9866268472124278,-0.0023112480739599386,negligible,1.0,False,False,0.0023112480739599386,False
buglocator,flexfl,exc_cat_concurrency,11,118,0.0,0.0,0.0,0.0,0.0,649.0,1.0,0.0,negligible,1.0,False,False,0.0,False
buglocator,flexfl,exc_cat_arithmetic,11,118,0.0,0.0,0.0,0.0,0.0,649.0,1.0,0.0,negligible,1.0,False,False,0.0,False
buglocator,flexfl,has_exc_concurrency,11,118,0.0,0.0,0.0,0.0,0.0,649.0,1.0,0.0,negligible,1.0,False,False,0.0,False
buglocator,flexfl,has_exc_arithmetic,11,118,0.0,0.0,0.0,0.0,0.0,649.0,1.0,0.0,negligible,1.0,False,False,0.0,False
buglocator,flexfl,behavior_verb_count,11,118,0.0,0.0,0.0,0.0,0.0,649.0,1.0,0.0,negligible,1.0,False,False,0.0,False
buglocator,flexfl,behavior_verb_density,11,118,0.0,0.0,0.0,0.0,0.0,649.0,1.0,0.0,negligible,1.0,False,False,0.0,False
buglocator,flexfl,num_S2R,11,118,0.0,0.0,0.0,0.0,0.0,649.0,1.0,0.0,negligible,1.0,False,False,0.0,False
buglocator,locus,embedding_min,11,16,-0.1571573764085769,-0.1465589106082916,-0.15944236110557208,-0.14755369722843167,-0.010598465800285312,52.0,0.07980882556361903,-0.4090909090909091,medium,1.0,False,False,0.4090909090909091,False
buglocator,locus,completeness_score,11,16,2.0,2.0,2.3636363636363638,1.875,0.0,123.0,0.047385265581503924,0.3977272727272727,medium,1.0,False,False,0.3977272727272727,False
buglocator,locus,num_versions,11,16,0.0,1.0,0.36363636363636365,1.3125,-1.0,54.0,0.06213729313885694,-0.38636363636363635,medium,1.0,False,False,0.38636363636363635,False
buglocator,locus,redundancy,11,16,0.3285720348358154,0.2528595626354217,0.31912863796407526,0.30308950040489435,0.07571247220039368,121.0,0.10876756967904058,0.375,medium,1.0,False,False,0.375,False
buglocator,locus,semantic_coherence,11,16,0.3285720348358154,0.2528595626354217,0.31912863796407526,0.30308950040489435,0.07571247220039368,121.0,0.10876756967904058,0.375,medium,1.0,False,False,0.375,False
buglocator,locus,embedding_sparsity,11,16,0.1692708333333333,0.16015624999999994,0.16785037878787873,0.1546223958333333,0.009114583333333343,120.5,0.11343186323474105,0.3693181818181818,medium,1.0,False,False,0.3693181818181818,False
buglocator,locus,embedding_cluster_separation,11,16,0.7512888393651611,0.7743992667731356,0.7221968294240567,0.7560393210785598,-0.023110427407974532,60.0,0.17477314927118337,-0.3181818181818182,small,1.0,False,False,0.3181818181818182,False
buglocator,locus,embedding_cluster,11,16,2.0,2.0,2.090909090909091,3.6875,0.0,64.5,0.23685811411139412,-0.26704545454545453,small,1.0,False,False,0.26704545454545453,False
buglocator,locus,actionability,11,16,3.0,4.5,2.1818181818181817,3.0,-1.5,65.0,0.23634637953722182,-0.26136363636363635,small,1.0,False,False,0.26136363636363635,False
buglocator,locus,specificity,11,16,3.0,4.5,2.1818181818181817,3.0,-1.5,65.0,0.23634637953722182,-0.26136363636363635,small,1.0,False,False,0.26136363636363635,False
buglocator,locus,coleman_liau_index,11,16,29.59,23.795,31.650000000000002,31.555,5.794999999999998,108.5,0.32360430052673683,0.23295454545454544,small,1.0,False,False,0.23295454545454544,False
buglocator,locus,flesch_reading_ease,11,16,5.39,20.21,0.04272727272727266,1.2481250000000008,-14.82,68.0,0.33592185194433766,-0.22727272727272727,small,1.0,False,False,0.22727272727272727,False
buglocator,locus,num_modal_verbs,11,16,1.0,1.0,0.9090909090909091,1.5625,0.0,69.5,0.35450683485276513,-0.21022727272727273,small,1.0,False,False,0.21022727272727273,False
buglocator,locus,num_causal_markers,11,16,2.0,1.0,2.1818181818181817,2.3125,1.0,105.5,0.39106770067784236,0.19886363636363635,small,1.0,False,False,0.19886363636363635,False
buglocator,locus,embedding_cluster_size,11,16,115.0,115.0,137.63636363636363,124.4375,0.0,105.0,0.3889422759415302,0.19318181818181818,small,1.0,False,False,0.19318181818181818,False
buglocator,locus,num_os_mentions,11,16,0.0,0.0,0.0,0.1875,0.0,71.5,0.1472018652123841,-0.1875,small,1.0,False,False,0.1875,False
buglocator,locus,exception_library_frames,11,16,0.0,0.0,0.0,3.625,0.0,71.5,0.14803341254011632,-0.1875,small,1.0,False,False,0.1875,False
buglocator,locus,exception_avg_frame_package_depth,11,16,0.0,0.0,0.0,0.6002992021276596,0.0,71.5,0.14803341254011632,-0.1875,small,1.0,False,False,0.1875,False
buglocator,locus,semantic_entropy,11,16,1.8036415576934817,1.629879117012024,1.6280257485129617,1.3521772362292046,0.17376244068145774,104.0,0.44434964721022296,0.18181818181818182,small,1.0,False,False,0.18181818181818182,False
buglocator,locus,semantic_spread_pc1,11,16,0.4512540102005005,0.44146716594696045,0.45698838342319836,0.43930287659168243,0.009786844253540039,104.0,0.44434964721022296,0.18181818181818182,small,1.0,False,False,0.18181818181818182,False
buglocator,locus,embedding_norm,11,16,1.0,1.0,0.9999999891627919,1.0,0.0,72.0,0.09198323695104671,-0.18181818181818182,small,1.0,False,False,0.18181818181818182,False
buglocator,locus,clarity,11,16,4.0,4.5,2.4545454545454546,3.0,-0.5,72.0,0.4093838375073512,-0.18181818181818182,small,1.0,False,False,0.18181818181818182,False
buglocator,locus,n_sentences,11,16,9.0,6.5,9.272727272727273,10.375,2.5,103.5,0.45725206778423244,0.17613636363636365,small,1.0,False,False,0.17613636363636365,False
buglocator,locus,ambiguity,11,16,0.0043859649122807,0.00277503588564315,0.006412276029704819,0.0047004706227646185,0.00161092902663755,103.5,0.44751095646993655,0.17613636363636365,small,1.0,False,False,0.17613636363636365,False
buglocator,locus,num_semantic_sentences,11,16,9.0,6.5,9.272727272727273,10.375,2.5,103.5,0.45725206778423244,0.17613636363636365,small,1.0,False,False,0.17613636363636365,False
buglocator,locus,repair_difficulty,11,16,3.0,3.0,3.6363636363636362,3.125,0.0,103.5,0.43599880082829534,0.17613636363636365,small,1.0,False,False,0.17613636363636365,False
buglocator,locus,num_browser_mentions,11,16,0.0,0.0,0.09090909090909091,0.3125,0.0,73.5,0.30646485459506156,-0.16477272727272727,small,1.0,False,False,0.16477272727272727,False
buglocator,locus,expected_observed_alignment,11,16,4.0,5.0,2.5454545454545454,3.0625,-1.0,74.0,0.4620724869905056,-0.1590909090909091,small,1.0,False,False,0.1590909090909091,False
buglocator,locus,causal_density,11,16,0.1666666666666666,0.1833333333333333,0.3086485484212757,0.18686174936174935,-0.01666666666666669,101.5,0.5155665728072165,0.1534090909090909,small,1.0,False,False,0.1534090909090909,False
buglocator,locus,embedding_std,11,16,0.0510289594531059,0.05103001371026035,0.05102765323086214,0.051027911948040086,-1.0542571544508439e-06,75.0,0.5373470506601392,-0.14772727272727273,small,1.0,False,False,0.14772727272727273,False
buglocator,locus,embedding_cluster_distance,11,16,0.5372804844688406,0.49645435116941605,0.5285194009668635,0.5069797912649247,0.04082613329942453,101.0,0.5373470506601392,0.14772727272727273,small,1.0,False,False,0.14772727272727273,False
buglocator,locus,automated_readability_index,11,16,33.1,25.35,32.54545454545454,31.4375,7.75,100.5,0.5536852515764491,0.14204545454545456,negligible,1.0,False,False,0.14204545454545456,False
buglocator,locus,n_tokens,11,16,215.0,192.5,257.09090909090907,265.875,22.5,100.0,0.5702681388013463,0.13636363636363635,negligible,1.0,False,False,0.13636363636363635,False
buglocator,locus,gunning_fog,11,16,10.77,11.43,10.764545454545454,11.552499999999998,-0.6600000000000001,76.0,0.5703858444523079,-0.13636363636363635,negligible,1.0,False,False,0.13636363636363635,False
buglocator,locus,semantic_spread_pc2,11,16,0.3503910899162292,0.33865098655223846,0.3622174317186529,0.32006421685218855,0.011740103363990728,100.0,0.5703270036573526,0.13636363636363635,negligible,1.0,False,False,0.13636363636363635,False
buglocator,locus,embedding_max,11,16,0.1491489112377166,0.14577694237232205,0.1497695229270241,0.14626478729769582,0.0033719688653945368,100.0,0.5703858444523079,0.13636363636363635,negligible,1.0,False,False,0.13636363636363635,False
buglocator,locus,summary_chars,11,16,12.0,12.0,26.818181818181817,35.875,0.0,76.5,0.48125525690386517,-0.13068181818181818,negligible,1.0,False,False,0.13068181818181818,False
buglocator,locus,embedding_mean,11,16,5.301538112689741e-05,0.00011627320054685084,-8.61857502472457e-05,-1.4545782050843657e-05,-6.325781941995343e-05,78.0,0.6392193319866875,-0.11363636363636363,negligible,1.0,False,False,0.11363636363636363,False
buglocator,locus,embedding_pos_neg_ratio,11,16,1.0263157894736843,0.9896773676619838,1.000809337604531,0.9908592829677305,0.03663842181170052,98.0,0.6382951474108891,0.11363636363636363,negligible,1.0,False,False,0.11363636363636363,False
buglocator,locus,causal_reasoning_quality,11,16,3.0,4.0,2.3636363636363638,2.8125,-1.0,78.5,0.6378303899966027,-0.10795454545454546,negligible,1.0,False,False,0.10795454545454546,False
buglocator,locus,n_words,11,16,114.0,102.0,130.0909090909091,153.875,12.0,96.5,0.6929229070931318,0.09659090909090909,negligible,1.0,False,False,0.09659090909090909,False
buglocator,locus,exc_cat_io_error,11,16,0.0,0.0,0.18181818181818182,0.0,0.0,96.0,0.25819504758394507,0.09090909090909091,negligible,1.0,False,False,0.09090909090909091,False
buglocator,locus,has_exc_io_error,11,16,0.0,0.0,0.09090909090909091,0.0,0.0,96.0,0.25819504758394507,0.09090909090909091,negligible,1.0,False,False,0.09090909090909091,False
buglocator,locus,technical_depth,11,16,3.0,3.0,2.090909090909091,2.3125,0.0,81.0,0.7371081649429593,-0.07954545454545454,negligible,1.0,False,False,0.07954545454545454,False
buglocator,locus,num_EB,11,16,0.0,0.0,0.5454545454545454,0.5625,0.0,95.0,0.7090625527074363,0.07954545454545454,negligible,1.0,False,False,0.07954545454545454,False
buglocator,locus,description_length,11,16,733.0,887.5,820.2727272727273,839.875,-154.5,81.5,0.7591474706921812,-0.07386363636363637,negligible,1.0,False,False,0.07386363636363637,False
buglocator,locus,stacktrace_depth,11,16,0.0,0.0,0.0,0.25,0.0,82.5,0.45098231926888266,-0.0625,negligible,1.0,False,False,0.0625,False
buglocator,locus,num_caused_by,11,16,0.0,0.0,0.0,0.125,0.0,82.5,0.45098231926888266,-0.0625,negligible,1.0,False,False,0.0625,False
buglocator,locus,exc_cat_type_error,11,16,0.0,0.0,0.0,0.4375,0.0,82.5,0.45098231926888266,-0.0625,negligible,1.0,False,False,0.0625,False
buglocator,locus,exc_cat_index_error,11,16,0.0,0.0,0.0,0.125,0.0,82.5,0.45098231926888266,-0.0625,negligible,1.0,False,False,0.0625,False
buglocator,locus,has_exc_type_error,11,16,0.0,0.0,0.0,0.0625,0.0,82.5,0.45098231926888266,-0.0625,negligible,1.0,False,False,0.0625,False
buglocator,locus,has_exc_index_error,11,16,0.0,0.0,0.0,0.0625,0.0,82.5,0.45098231926888266,-0.0625,negligible,1.0,False,False,0.0625,False
buglocator,locus,exception_user_frames,11,16,0.0,0.0,0.0,0.125,0.0,82.5,0.45098231926888266,-0.0625,negligible,1.0,False,False,0.0625,False
buglocator,locus,exception_user_frame_ratio,11,16,0.0,0.0,0.0,0.025,0.0,82.5,0.45098231926888266,-0.0625,negligible,1.0,False,False,0.0625,False
buglocator,locus,num_exception_types,11,16,0.0,0.0,0.45454545454545453,0.375,0.0,83.0,0.7599960911260868,-0.056818181818181816,negligible,1.0,False,False,0.056818181818181816,False
buglocator,locus,num_negative_modals,11,16,0.0,0.0,0.18181818181818182,0.125,0.0,93.0,0.718365453131182,0.056818181818181816,negligible,1.0,False,False,0.056818181818181816,False
buglocator,locus,description_chars,11,16,1670.0,1773.0,2039.3636363636363,2207.875,-103.0,92.5,0.8435022904227026,0.05113636363636364,negligible,1.0,False,False,0.05113636363636364,False
buglocator,locus,num_OB,11,16,5.0,5.0,5.0,6.0,0.0,83.5,0.8416540925967302,-0.05113636363636364,negligible,1.0,False,False,0.05113636363636364,False
buglocator,locus,smog_index,11,16,12.4,12.15,12.727272727272727,12.78125,0.25,92.0,0.8627738365314181,0.045454545454545456,negligible,1.0,False,False,0.045454545454545456,False
buglocator,locus,num_temporal_markers,11,16,0.0,0.0,1.0909090909090908,0.0625,0.0,91.0,0.7859468563478014,0.03409090909090909,negligible,1.0,False,False,0.03409090909090909,False
buglocator,locus,temporal_density,11,16,0.0,0.0,0.07272727272727274,0.0017361111111111062,0.0,91.0,0.7859468563478014,0.03409090909090909,negligible,1.0,False,False,0.03409090909090909,False
buglocator,locus,has_exc_runtime_error,11,16,0.0,0.0,0.09090909090909091,0.0625,0.0,90.5,0.8278787687946585,0.028409090909090908,negligible,1.0,False,False,0.028409090909090908,False
buglocator,locus,exc_cat_runtime_error,11,16,0.0,0.0,0.09090909090909091,0.25,0.0,90.0,0.870560530415955,0.022727272727272728,negligible,1.0,False,False,0.022727272727272728,False
buglocator,locus,modal_density,11,16,0.1666666666666666,0.13194444444444445,0.1118457300275482,0.2891869670362317,0.034722222222222154,89.5,0.9595423918405187,0.017045454545454544,negligible,1.0,False,False,0.017045454545454544,False
buglocator,locus,num_env_mentions,11,16,0.0,0.0,0.0,0.0,0.0,88.0,1.0,0.0,negligible,1.0,False,False,0.0,False
buglocator,locus,exc_cat_null_pointer,11,16,0.0,0.0,0.0,0.0,0.0,88.0,1.0,0.0,negligible,1.0,False,False,0.0,False
buglocator,locus,exc_cat_concurrency,11,16,0.0,0.0,0.0,0.0,0.0,88.0,1.0,0.0,negligible,1.0,False,False,0.0,False
buglocator,locus,exc_cat_assertion,11,16,0.0,0.0,0.0,0.0,0.0,88.0,1.0,0.0,negligible,1.0,False,False,0.0,False
buglocator,locus,exc_cat_arithmetic,11,16,0.0,0.0,0.0,0.0,0.0,88.0,1.0,0.0,negligible,1.0,False,False,0.0,False
buglocator,locus,has_exc_null_pointer,11,16,0.0,0.0,0.0,0.0,0.0,88.0,1.0,0.0,negligible,1.0,False,False,0.0,False
buglocator,locus,has_exc_concurrency,11,16,0.0,0.0,0.0,0.0,0.0,88.0,1.0,0.0,negligible,1.0,False,False,0.0,False
buglocator,locus,has_exc_assertion,11,16,0.0,0.0,0.0,0.0,0.0,88.0,1.0,0.0,negligible,1.0,False,False,0.0,False
buglocator,locus,has_exc_arithmetic,11,16,0.0,0.0,0.0,0.0,0.0,88.0,1.0,0.0,negligible,1.0,False,False,0.0,False
buglocator,locus,behavior_verb_count,11,16,0.0,0.0,0.0,0.0,0.0,88.0,1.0,0.0,negligible,1.0,False,False,0.0,False
buglocator,locus,behavior_verb_density,11,16,0.0,0.0,0.0,0.0,0.0,88.0,1.0,0.0,negligible,1.0,False,False,0.0,False
buglocator,locus,num_S2R,11,16,0.0,0.0,0.0,0.0,0.0,88.0,1.0,0.0,negligible,1.0,False,False,0.0,False
flexfl,locus,embedding_max,118,16,0.15366294234991068,0.14577694237232205,0.15803959668945458,0.14626478729769582,0.007885999977588626,1235.0,0.04622425219061175,0.3082627118644068,small,1.0,False,False,0.3082627118644068,False
flexfl,locus,actionability,118,16,0.0,4.5,1.9745762711864407,3.0,-4.5,671.0,0.04431145990104191,-0.2891949152542373,small,1.0,False,False,0.2891949152542373,False
flexfl,locus,specificity,118,16,0.0,4.5,1.9745762711864407,3.0,-4.5,676.0,0.04833573676481631,-0.2838983050847458,small,1.0,False,False,0.2838983050847458,False
flexfl,locus,clarity,118,16,0.0,4.5,2.1186440677966103,3.0,-4.5,700.0,0.07087901403940626,-0.2584745762711864,small,1.0,False,False,0.2584745762711864,False
flexfl,locus,coleman_liau_index,113,16,31.46,23.795,37.41159292035398,31.555,7.664999999999999,1130.0,0.10711959267569102,0.25,small,1.0,False,False,0.25,False
flexfl,locus,automated_readability_index,113,16,32.2,25.35,38.30530973451327,31.4375,6.850000000000001,1128.5,0.10946941548953937,0.24834070796460178,small,1.0,False,False,0.24834070796460178,False
flexfl,locus,causal_reasoning_quality,118,16,0.0,4.0,1.9576271186440677,2.8125,-4.0,718.0,0.09545452353368783,-0.23940677966101695,small,1.0,False,False,0.23940677966101695,False
flexfl,locus,embedding_sparsity,118,16,0.1614583333333333,0.16015624999999994,0.16300317796610164,0.1546223958333333,0.0013020833333333426,1158.5,0.14132532985675564,0.22722457627118645,small,1.0,False,False,0.22722457627118645,False
flexfl,locus,embedding_mean,118,16,-0.0001294869034609,0.00011627320054685084,-0.00019141467143941906,-1.4545782050843657e-05,-0.00024576010400775085,731.0,0.14480666771462344,-0.225635593220339,small,1.0,False,False,0.225635593220339,False
flexfl,locus,num_modal_verbs,118,16,0.0,1.0,1.1440677966101696,1.5625,-1.0,738.5,0.1289920597228231,-0.2176906779661017,small,1.0,False,False,0.2176906779661017,False
flexfl,locus,modal_density,118,16,0.0,0.13194444444444445,0.15948600183380662,0.2891869670362317,-0.13194444444444445,741.5,0.1370803857588589,-0.2145127118644068,small,1.0,False,False,0.2145127118644068,False
flexfl,locus,repair_difficulty,118,16,5.0,3.0,3.76271186440678,3.125,2.0,1144.5,0.13797925691823545,0.21239406779661016,small,1.0,False,False,0.21239406779661016,False
flexfl,locus,temporal_density,118,16,0.0,0.0,0.04956854501650176,0.0017361111111111062,0.0,1144.0,0.06710256769869823,0.211864406779661,small,1.0,False,False,0.211864406779661,False
flexfl,locus,ambiguity,118,16,0.0,0.00277503588564315,0.002952881011844348,0.0047004706227646185,-0.00277503588564315,744.0,0.10823094320400808,-0.211864406779661,small,1.0,False,False,0.211864406779661,False
flexfl,locus,flesch_reading_ease,113,16,5.19,20.21,-14.15053097345133,1.2481250000000008,-15.02,716.0,0.1803239243660575,-0.2079646017699115,small,1.0,False,False,0.2079646017699115,False
flexfl,locus,expected_observed_alignment,118,16,0.0,5.0,2.2542372881355934,3.0625,-5.0,749.5,0.14474127514721097,-0.20603813559322035,small,1.0,False,False,0.20603813559322035,False
flexfl,locus,num_temporal_markers,118,16,0.0,0.0,0.4152542372881356,0.0625,0.0,1137.5,0.07517243189257844,0.20497881355932204,small,1.0,False,False,0.20497881355932204,False
flexfl,locus,n_words,118,16,95.0,102.0,139.67796610169492,153.875,-7.0,770.0,0.2338133389432736,-0.1843220338983051,small,1.0,False,False,0.1843220338983051,False
flexfl,locus,summary_chars,118,16,12.0,12.0,23.56779661016949,35.875,0.0,772.5,0.10332786728254037,-0.1816737288135593,small,1.0,False,False,0.1816737288135593,False
flexfl,locus,technical_depth,118,16,0.0,3.0,1.7033898305084745,2.3125,-3.0,774.0,0.2124396912451737,-0.18008474576271186,small,1.0,False,False,0.18008474576271186,False
flexfl,locus,semantic_coherence,118,16,0.2853177785873413,0.2528595626354217,0.32616265294915536,0.30308950040489435,0.03245821595191961,1109.0,0.25899074046839643,0.17478813559322035,small,1.0,False,False,0.17478813559322035,False
flexfl,locus,causal_density,118,16,0.25,0.1833333333333333,0.28427905640998874,0.18686174936174935,0.06666666666666671,1089.0,0.31251668028737134,0.15360169491525424,small,1.0,False,False,0.15360169491525424,False
flexfl,locus,description_length,118,16,20.0,887.5,857.2881355932203,839.875,-867.5,811.0,0.33260881610961446,-0.1408898305084746,negligible,1.0,False,False,0.1408898305084746,False
flexfl,locus,exception_library_frames,118,16,0.0,0.0,1.4576271186440677,3.625,0.0,823.5,0.07073877272805262,-0.12764830508474576,negligible,1.0,False,False,0.12764830508474576,False
flexfl,locus,n_tokens,118,16,182.5,192.5,242.61864406779662,265.875,-10.0,834.5,0.45447685333258725,-0.1159957627118644,negligible,1.0,False,False,0.1159957627118644,False
flexfl,locus,num_versions,118,16,0.0,1.0,1.2966101694915255,1.3125,-1.0,837.5,0.4160142369433051,-0.1128177966101695,negligible,1.0,False,False,0.1128177966101695,False
flexfl,locus,num_OB,118,16,4.5,5.0,5.203389830508475,6.0,-0.5,847.0,0.5050553728505598,-0.1027542372881356,negligible,1.0,False,False,0.1027542372881356,False
flexfl,locus,completeness_score,118,16,2.0,2.0,2.0508474576271185,1.875,0.0,1038.0,0.492258530758346,0.09957627118644068,negligible,1.0,False,False,0.09957627118644068,False
flexfl,locus,embedding_min,118,16,-0.14983055740594858,-0.1465589106082916,-0.14987505460947248,-0.14755369722843167,-0.003271646797656985,851.0,0.5256160535671215,-0.09851694915254237,negligible,1.0,False,False,0.09851694915254237,False
flexfl,locus,exception_avg_frame_package_depth,118,16,0.0,0.0,0.3239243552589497,0.6002992021276596,0.0,853.0,0.22659435023720753,-0.09639830508474577,negligible,1.0,False,False,0.09639830508474577,False
flexfl,locus,description_chars,118,16,1464.0,1773.0,2068.898305084746,2207.875,-309.0,857.5,0.555115302503758,-0.0916313559322034,negligible,1.0,False,False,0.0916313559322034,False
flexfl,locus,gunning_fog,113,16,10.94,11.43,11.385309734513276,11.552499999999998,-0.4900000000000002,826.0,0.5797379363856463,-0.08628318584070796,negligible,1.0,False,False,0.08628318584070796,False
flexfl,locus,num_env_mentions,118,16,0.0,0.0,0.11016949152542373,0.0,0.0,1024.0,0.23087760149037273,0.0847457627118644,negligible,1.0,False,False,0.0847457627118644,False
flexfl,locus,embedding_cluster_separation,118,16,0.7789208034469062,0.7743992667731356,0.7674251661968219,0.7560393210785598,0.004521536673770532,1021.0,0.5996358526174573,0.0815677966101695,negligible,1.0,False,False,0.0815677966101695,False
flexfl,locus,num_causal_markers,118,16,1.0,1.0,2.7203389830508473,2.3125,0.0,1018.5,0.6028536833809448,0.07891949152542373,negligible,1.0,False,False,0.07891949152542373,False
flexfl,locus,smog_index,113,16,12.3,12.15,12.358407079646017,12.78125,0.15000000000000036,833.0,0.6143253043204796,-0.07853982300884955,negligible,1.0,False,False,0.07853982300884955,False
flexfl,locus,embedding_std,118,16,0.051029872149229,0.05103001371026035,0.05102770314630811,0.051027911948040086,-1.4156103134849163e-07,1013.5,0.6358737291526961,0.0736228813559322,negligible,1.0,False,False,0.0736228813559322,False
flexfl,locus,redundancy,118,16,0.2783687710762024,0.2528595626354217,0.27531519532203674,0.30308950040489435,0.025509208440780695,1013.0,0.6383271539195287,0.07309322033898305,negligible,1.0,False,False,0.07309322033898305,False
flexfl,locus,embedding_pos_neg_ratio,118,16,0.9845360824742267,0.9896773676619838,0.9857040078920011,0.9908592829677305,-0.005141285187757028,878.0,0.6525072771517391,-0.06991525423728813,negligible,1.0,False,False,0.06991525423728813,False
flexfl,locus,num_os_mentions,118,16,0.0,0.0,0.1271186440677966,0.1875,0.0,880.5,0.4535716536093257,-0.06726694915254237,negligible,1.0,False,False,0.06726694915254237,False
flexfl,locus,num_browser_mentions,118,16,0.0,0.0,0.211864406779661,0.3125,0.0,883.0,0.5508697509383622,-0.0646186440677966,negligible,1.0,False,False,0.0646186440677966,False
flexfl,locus,num_EB,118,16,0.0,0.0,0.6101694915254238,0.5625,0.0,1004.5,0.6374664790666951,0.06408898305084745,negligible,1.0,False,False,0.06408898305084745,False
flexfl,locus,exc_cat_index_error,118,16,0.0,0.0,0.01694915254237288,0.125,0.0,893.0,0.09897379440429005,-0.05402542372881356,negligible,1.0,False,False,0.05402542372881356,False
flexfl,locus,has_exc_index_error,118,16,0.0,0.0,0.00847457627118644,0.0625,0.0,893.0,0.09897379440429005,-0.05402542372881356,negligible,1.0,False,False,0.05402542372881356,False
flexfl,locus,embedding_cluster,118,16,2.0,2.0,3.2711864406779663,3.6875,0.0,894.5,0.7231851129078768,-0.0524364406779661,negligible,1.0,False,False,0.0524364406779661,False
flexfl,locus,embedding_cluster_size,118,16,115.0,115.0,123.12711864406779,124.4375,0.0,899.0,0.7474477550923034,-0.04766949152542373,negligible,1.0,False,False,0.04766949152542373,False
flexfl,locus,exc_cat_type_error,118,16,0.0,0.0,0.05084745762711865,0.4375,0.0,900.0,0.24413964252335374,-0.046610169491525424,negligible,1.0,False,False,0.046610169491525424,False
flexfl,locus,has_exc_type_error,118,16,0.0,0.0,0.01694915254237288,0.0625,0.0,901.0,0.2551147774022591,-0.045550847457627115,negligible,1.0,False,False,0.045550847457627115,False
flexfl,locus,embedding_cluster_distance,118,16,0.4939301857145936,0.49645435116941605,0.4884915024630674,0.5069797912649247,-0.00252416545482248,905.0,0.7916430996593988,-0.0413135593220339,negligible,1.0,False,False,0.0413135593220339,False
flexfl,locus,num_caused_by,118,16,0.0,0.0,0.0423728813559322,0.125,0.0,908.5,0.4152589993453434,-0.03760593220338983,negligible,1.0,False,False,0.03760593220338983,False
flexfl,locus,num_negative_modals,118,16,0.0,0.0,0.2288135593220339,0.125,0.0,909.0,0.6324869972985109,-0.037076271186440676,negligible,1.0,False,False,0.037076271186440676,False
flexfl,locus,exc_cat_null_pointer,118,16,0.0,0.0,0.0423728813559322,0.0,0.0,976.0,0.46343248762924627,0.03389830508474576,negligible,1.0,False,False,0.03389830508474576,False
flexfl,locus,exc_cat_io_error,118,16,0.0,0.0,0.0423728813559322,0.0,0.0,976.0,0.46343248762924627,0.03389830508474576,negligible,1.0,False,False,0.03389830508474576,False
flexfl,locus,has_exc_null_pointer,118,16,0.0,0.0,0.03389830508474576,0.0,0.0,976.0,0.46339398909815166,0.03389830508474576,negligible,1.0,False,False,0.03389830508474576,False
flexfl,locus,has_exc_io_error,118,16,0.0,0.0,0.03389830508474576,0.0,0.0,976.0,0.46339398909815166,0.03389830508474576,negligible,1.0,False,False,0.03389830508474576,False
flexfl,locus,has_exc_runtime_error,118,16,0.0,0.0,0.09322033898305085,0.0625,0.0,973.0,0.6925527624480468,0.03072033898305085,negligible,1.0,False,False,0.03072033898305085,False
flexfl,locus,exc_cat_runtime_error,118,16,0.0,0.0,0.16101694915254236,0.25,0.0,968.0,0.7447122367986081,0.025423728813559324,negligible,1.0,False,False,0.025423728813559324,False
flexfl,locus,exception_user_frame_ratio,118,16,0.0,0.0,0.030222991502944746,0.025,0.0,925.5,0.7303350451996189,-0.019597457627118644,negligible,1.0,False,False,0.019597457627118644,False
flexfl,locus,n_sentences,118,16,7.0,6.5,10.864406779661017,10.375,0.5,962.0,0.9041654380194901,0.019067796610169493,negligible,1.0,False,False,0.019067796610169493,False
flexfl,locus,num_semantic_sentences,118,16,7.0,6.5,10.864406779661017,10.375,0.5,962.0,0.9041654380194901,0.019067796610169493,negligible,1.0,False,False,0.019067796610169493,False
flexfl,locus,stacktrace_depth,118,16,0.0,0.0,0.4915254237288136,0.25,0.0,926.5,0.7447887939250383,-0.018538135593220338,negligible,1.0,False,False,0.018538135593220338,False
flexfl,locus,exception_user_frames,118,16,0.0,0.0,0.4491525423728814,0.125,0.0,927.5,0.7593205184206822,-0.017478813559322032,negligible,1.0,False,False,0.017478813559322032,False
flexfl,locus,semantic_spread_pc2,118,16,0.35731771588325495,0.33865098655223846,0.3280679490101542,0.32006421685218855,0.018666729331016485,958.0,0.9261929255646252,0.014830508474576272,negligible,1.0,False,False,0.014830508474576272,False
flexfl,locus,exc_cat_assertion,118,16,0.0,0.0,0.00847457627118644,0.0,0.0,952.0,0.7299323806657452,0.00847457627118644,negligible,1.0,False,False,0.00847457627118644,False
flexfl,locus,has_exc_assertion,118,16,0.0,0.0,0.00847457627118644,0.0,0.0,952.0,0.7299323806657452,0.00847457627118644,negligible,1.0,False,False,0.00847457627118644,False
flexfl,locus,embedding_norm,118,16,1.0,1.0,1.0000000025256206,1.0,0.0,936.0,0.920144828899212,-0.00847457627118644,negligible,1.0,False,False,0.00847457627118644,False
flexfl,locus,semantic_entropy,118,16,1.6528388857841492,1.629879117012024,1.394514311673286,1.3521772362292046,0.022959768772125244,940.0,0.9808393746090259,-0.00423728813559322,negligible,1.0,False,False,0.00423728813559322,False
flexfl,locus,num_exception_types,118,16,0.0,0.0,0.3898305084745763,0.375,0.0,947.0,0.9822022541443903,0.0031779661016949155,negligible,1.0,False,False,0.0031779661016949155,False
flexfl,locus,semantic_spread_pc1,118,16,0.4315839409828186,0.44146716594696045,0.42706488148640775,0.43930287659168243,-0.009883224964141846,946.0,0.9917876589889849,0.00211864406779661,negligible,1.0,False,False,0.00211864406779661,False
flexfl,locus,exc_cat_concurrency,118,16,0.0,0.0,0.0,0.0,0.0,944.0,1.0,0.0,negligible,1.0,False,False,0.0,False
flexfl,locus,exc_cat_arithmetic,118,16,0.0,0.0,0.0,0.0,0.0,944.0,1.0,0.0,negligible,1.0,False,False,0.0,False
flexfl,locus,has_exc_concurrency,118,16,0.0,0.0,0.0,0.0,0.0,944.0,1.0,0.0,negligible,1.0,False,False,0.0,False
flexfl,locus,has_exc_arithmetic,118,16,0.0,0.0,0.0,0.0,0.0,944.0,1.0,0.0,negligible,1.0,False,False,0.0,False
flexfl,locus,behavior_verb_count,118,16,0.0,0.0,0.0,0.0,0.0,944.0,1.0,0.0,negligible,1.0,False,False,0.0,False
flexfl,locus,behavior_verb_density,118,16,0.0,0.0,0.0,0.0,0.0,944.0,1.0,0.0,negligible,1.0,False,False,0.0,False
flexfl,locus,num_S2R,118,16,0.0,0.0,0.0,0.0,0.0,944.0,1.0,0.0,negligible,1.0,False,False,0.0,False
