tool,feature,unique_n,others_n,unique_median,others_median,unique_mean,others_mean,median_diff,u_statistic,p_value,cliffs_delta,effect_size,pval_adj,reject,significant,abs_delta,practically_significant
boostnsift,summary_chars,23,344,12.0,67.0,24.869565217391305,61.07848837209303,-55.0,1826.5,9.684411996997844e-06,-0.5382962588473206,large,0.0007166464877778404,True,True,0.5382962588473206,True
boostnsift,expected_observed_alignment,23,344,3.0,5.0,2.6956521739130435,4.520348837209302,-2.0,1894.5,1.258742948020187e-07,-0.5211071789686552,large,9.566446404953421e-06,True,True,0.5211071789686552,True
boostnsift,causal_reasoning_quality,23,344,3.0,5.0,2.4782608695652173,4.255813953488372,-2.0,1938.0,5.3938963914903815e-06,-0.5101112234580384,large,0.0004045422293617786,True,True,0.5101112234580384,True
boostnsift,flesch_reading_ease,20,344,3.275,31.685000000000002,-2.0244999999999993,17.378895348837208,-28.410000000000004,1974.0,0.0013572335730621628,-0.42616279069767443,medium,0.09364911654128924,False,False,0.42616279069767443,False
boostnsift,coleman_liau_index,20,344,28.125,20.7,31.247000000000003,25.11973837209302,7.425000000000001,4887.0,0.0015665630966860936,0.4206395348837209,medium,0.10652629057465436,False,False,0.4206395348837209,False
boostnsift,repair_difficulty,23,344,3.0,2.0,3.3043478260869565,2.238372093023256,1.0,5618.0,0.000395879178715353,0.4201213346814965,medium,0.028503300867505414,True,True,0.4201213346814965,True
boostnsift,actionability,23,344,3.0,5.0,2.6956521739130435,4.276162790697675,-2.0,2308.0,0.00020475589947280555,-0.416582406471183,medium,0.014947180661514806,True,True,0.416582406471183,True
boostnsift,automated_readability_index,20,344,29.8,20.6,30.895,24.656104651162792,9.2,4826.0,0.0024554488685225775,0.4029069767441861,medium,0.1645150741910127,False,False,0.4029069767441861,False
boostnsift,specificity,23,344,3.0,5.0,2.6956521739130435,4.151162790697675,-2.0,2446.5,0.000913099978996033,-0.38157229524772496,medium,0.06391699852972231,False,False,0.38157229524772496,False
boostnsift,clarity,23,344,4.0,5.0,2.9130434782608696,4.409883720930233,-1.0,2449.0,0.00042416147214265873,-0.3809403437815976,medium,0.03011546452212877,True,True,0.3809403437815976,True
boostnsift,technical_depth,23,344,3.0,4.0,2.4347826086956523,3.6424418604651163,-1.0,2579.0,0.0034082863762240874,-0.3480788675429727,medium,0.22494690083078978,False,False,0.3480788675429727,False
boostnsift,description_length,23,344,829.0,1485.5,1145.2173913043478,1759.4302325581396,-656.5,2586.5,0.005442694050635695,-0.3461830131445905,medium,0.35377511329132016,False,False,0.3461830131445905,False
boostnsift,embedding_cluster_distance,23,344,0.5157047192466343,0.5611061385697019,0.46723217510549236,0.5582104445621052,-0.04540141932306763,2760.0,0.015223346146304502,-0.3023255813953488,small,0.9742941533634881,False,False,0.3023255813953488,False
boostnsift,completeness_score,23,344,2.0,2.0,1.7826086956521738,2.311046511627907,0.0,2821.0,0.015231845865015544,-0.28690596562184023,small,0.9742941533634881,False,False,0.28690596562184023,False
boostnsift,num_causal_markers,23,344,1.0,2.0,1.6521739130434783,2.4825581395348837,-1.0,2877.0,0.0259606387787095,-0.27275025278058646,small,1.0,False,False,0.27275025278058646,False
boostnsift,causal_density,23,344,0.0476190476190476,0.25,0.22938741634393808,0.31442777338752564,-0.20238095238095238,2906.0,0.03232766192885835,-0.2654196157735086,small,1.0,False,False,0.2654196157735086,False
boostnsift,embedding_cluster,23,344,3.0,6.0,3.4782608695652173,4.982558139534884,-3.0,2918.5,0.03367805912768169,-0.2622598584428716,small,1.0,False,False,0.2622598584428716,False
boostnsift,semantic_spread_pc2,23,344,0.3315455615520477,0.36242906749248505,0.268029510974885,0.35145998421276736,-0.030883505940437372,2990.5,0.050103400326321726,-0.24405965621840242,small,1.0,False,False,0.24405965621840242,False
boostnsift,num_EB,23,344,0.0,0.0,0.391304347826087,0.7412790697674418,0.0,3113.5,0.05978976898313322,-0.21296764408493427,small,1.0,False,False,0.21296764408493427,False
boostnsift,n_words,23,344,84.0,119.0,123.8695652173913,141.60174418604652,-35.0,3120.0,0.08983761697593885,-0.21132457027300303,small,1.0,False,False,0.21132457027300303,False
boostnsift,semantic_coherence,23,344,0.3135163486003876,0.266408309340477,0.3850047121877256,0.2830356869976534,0.047108039259910583,4751.0,0.10675739359606935,0.20096056622851366,small,1.0,False,False,0.20096056622851366,False
boostnsift,embedding_max,23,344,0.1598518341779709,0.14866444468498224,0.1575666873351387,0.15106467616765995,0.011187389492988642,4704.0,0.1291346997542719,0.1890798786653185,small,1.0,False,False,0.1890798786653185,False
boostnsift,semantic_entropy,23,344,1.3483881950378418,1.6467077732086182,1.1830843091011405,1.5244203196015516,-0.29831957817077637,3222.0,0.13646035941650161,-0.18554095045500504,small,1.0,False,False,0.18554095045500504,False
boostnsift,smog_index,20,344,12.5,12.0,13.25,12.11656976744186,0.5,4071.0,0.16800180241846718,0.18343023255813953,small,1.0,False,False,0.18343023255813953,False
boostnsift,num_versions,23,344,1.0,2.0,1.7391304347826086,3.48546511627907,-1.0,3253.0,0.14592441730898142,-0.17770475227502527,small,1.0,False,False,0.17770475227502527,False
boostnsift,embedding_cluster_separation,23,344,0.7573284903011803,0.7068384002250204,0.7524393875844125,0.7079573154759915,0.0504900900761599,4647.0,0.16097333707629702,0.17467138523761375,small,1.0,False,False,0.17467138523761375,False
boostnsift,num_modal_verbs,23,344,0.0,1.0,0.9130434782608695,1.0959302325581395,-1.0,3265.5,0.1290154077502817,-0.17454499494438827,small,1.0,False,False,0.17454499494438827,False
boostnsift,num_semantic_sentences,23,344,5.0,7.0,8.434782608695652,9.218023255813954,-2.0,3268.5,0.16181288602935362,-0.1737866531850354,small,1.0,False,False,0.1737866531850354,False
boostnsift,n_sentences,23,344,5.0,7.0,8.434782608695652,9.218023255813954,-2.0,3268.5,0.16181288602935362,-0.1737866531850354,small,1.0,False,False,0.1737866531850354,False
boostnsift,modal_density,23,344,0.0,0.032744282744282704,0.10296366383322905,0.15397243806307187,-0.032744282744282704,3343.5,0.1822136050757014,-0.15482810920121334,small,1.0,False,False,0.15482810920121334,False
boostnsift,embedding_norm,23,344,1.0,1.0,1.0000000129575315,0.999999997227691,0.0,4504.5,0.033097729049560515,0.13865015166835187,negligible,1.0,False,False,0.13865015166835187,False
boostnsift,num_exception_types,23,344,0.0,0.0,0.2608695652173913,0.5116279069767442,0.0,3412.5,0.18529708205071327,-0.13738624873609706,negligible,1.0,False,False,0.13738624873609706,False
boostnsift,n_tokens,23,344,192.0,199.0,209.34782608695653,248.16860465116278,-7.0,3425.0,0.28147692876820685,-0.13422649140546006,negligible,1.0,False,False,0.13422649140546006,False
boostnsift,embedding_min,23,344,-0.1555699557065963,-0.15105234831571576,-0.158795667083367,-0.15331339712666214,-0.004517607390880529,3430.0,0.28604686078620745,-0.13296258847320525,negligible,1.0,False,False,0.13296258847320525,False
boostnsift,embedding_sparsity,23,344,0.1666666666666666,0.1614583333333333,0.16496829710144922,0.1618368459302325,0.005208333333333315,4451.0,0.314890714942861,0.12512639029322548,negligible,1.0,False,False,0.12512639029322548,False
boostnsift,embedding_mean,23,344,-0.0001631184277357,-7.095275213941932e-05,-0.00019493764161976145,-9.012069325455941e-05,-9.216567559628067e-05,3526.0,0.3832404073464123,-0.10869565217391304,negligible,1.0,False,False,0.10869565217391304,False
boostnsift,description_chars,23,344,1593.0,1566.5,1631.6521739130435,1875.828488372093,26.5,3574.5,0.439237761586349,-0.09643579373104146,negligible,1.0,False,False,0.09643579373104146,False
boostnsift,exception_avg_frame_package_depth,23,344,0.0,0.0,0.2608695652173913,0.5868252726987155,0.0,3588.0,0.21085632873797622,-0.09302325581395349,negligible,1.0,False,False,0.09302325581395349,False
boostnsift,num_OB,23,344,3.0,4.0,6.0,4.933139534883721,-1.0,3591.5,0.45606496548740283,-0.09213852376137513,negligible,1.0,False,False,0.09213852376137513,False
boostnsift,stacktrace_depth,23,344,0.0,0.0,0.13043478260869565,1.619186046511628,0.0,3607.5,0.2149530546049535,-0.08809403437815976,negligible,1.0,False,False,0.08809403437815976,False
boostnsift,exception_user_frames,23,344,0.0,0.0,0.043478260869565216,1.058139534883721,0.0,3629.5,0.23599127542853138,-0.08253286147623863,negligible,1.0,False,False,0.08253286147623863,False
boostnsift,gunning_fog,20,344,12.035,11.344999999999999,12.172,11.486947674418605,0.6900000000000013,3713.0,0.5513836476094245,0.07936046511627907,negligible,1.0,False,False,0.07936046511627907,False
boostnsift,exception_user_frame_ratio,23,344,0.0,0.0,0.043478260869565216,0.09551169368646485,0.0,3654.5,0.27368734820305607,-0.07621334681496461,negligible,1.0,False,False,0.07621334681496461,False
boostnsift,exc_cat_runtime_error,23,344,0.0,0.0,0.0,0.11918604651162791,0.0,3657.0,0.17294815442273193,-0.0755813953488372,negligible,1.0,False,False,0.0755813953488372,False
boostnsift,has_exc_runtime_error,23,344,0.0,0.0,0.0,0.0755813953488372,0.0,3657.0,0.17267284933209104,-0.0755813953488372,negligible,1.0,False,False,0.0755813953488372,False
boostnsift,temporal_density,23,344,0.0,0.0,0.0485575920358529,0.0704300004373429,0.0,3669.0,0.48061281864383687,-0.07254802831142568,negligible,1.0,False,False,0.07254802831142568,False
boostnsift,num_temporal_markers,23,344,0.0,0.0,0.34782608695652173,0.5813953488372093,0.0,3677.0,0.4906688210784673,-0.070525783619818,negligible,1.0,False,False,0.070525783619818,False
boostnsift,has_exc_io_error,23,344,0.0,0.0,0.13043478260869565,0.061046511627906974,0.0,4230.5,0.1939273723300915,0.06938827098078867,negligible,1.0,False,False,0.06938827098078867,False
boostnsift,exc_cat_io_error,23,344,0.0,0.0,0.17391304347826086,0.10755813953488372,0.0,4224.0,0.2049963522148731,0.06774519716885744,negligible,1.0,False,False,0.06774519716885744,False
boostnsift,exception_library_frames,23,344,0.0,0.0,0.13043478260869565,0.8197674418604651,0.0,3742.0,0.38881664583975595,-0.05409504550050556,negligible,1.0,False,False,0.05409504550050556,False
boostnsift,redundancy,23,344,0.2521763741970062,0.2661532610654831,0.2545699295790299,0.27722173350928137,-0.013976886868476868,3765.0,0.6989484470328421,-0.048281092012133466,negligible,1.0,False,False,0.048281092012133466,False
boostnsift,num_negative_modals,23,344,0.0,0.0,0.43478260869565216,0.22093023255813954,0.0,4145.0,0.5094598246246251,0.04777553083923155,negligible,1.0,False,False,0.04777553083923155,False
boostnsift,num_caused_by,23,344,0.0,0.0,0.0,0.040697674418604654,0.0,3829.5,0.38645900303806957,-0.03197674418604651,negligible,1.0,False,False,0.03197674418604651,False
boostnsift,embedding_cluster_size,23,344,90.0,90.0,96.56521739130434,89.40697674418605,0.0,4080.5,0.7976175348369599,0.03147118301314459,negligible,1.0,False,False,0.03147118301314459,False
boostnsift,semantic_spread_pc1,23,344,0.4416529238224029,0.44270721077919006,0.4042787098366281,0.446491239202577,-0.0010542869567871649,3836.0,0.8083145863104263,-0.030333670374115267,negligible,1.0,False,False,0.030333670374115267,False
boostnsift,has_exc_null_pointer,23,344,0.0,0.0,0.0,0.029069767441860465,0.0,3841.0,0.40975458684423605,-0.029069767441860465,negligible,1.0,False,False,0.029069767441860465,False
boostnsift,exc_cat_null_pointer,23,344,0.0,0.0,0.0,0.061046511627906974,0.0,3841.0,0.40980818919462136,-0.029069767441860465,negligible,1.0,False,False,0.029069767441860465,False
boostnsift,has_exc_index_error,23,344,0.0,0.0,0.043478260869565216,0.06976744186046512,0.0,3852.0,0.6301703179234571,-0.0262891809908999,negligible,1.0,False,False,0.0262891809908999,False
boostnsift,embedding_pos_neg_ratio,23,344,0.9845360824742267,0.9948186528497408,1.0041739873623399,0.9941647121275037,-0.010282570375514055,4058.5,0.8357489476633055,0.025910010111223458,negligible,1.0,False,False,0.025910010111223458,False
boostnsift,exc_cat_index_error,23,344,0.0,0.0,0.13043478260869565,0.14534883720930233,0.0,3859.0,0.6537322159755238,-0.024519716885743174,negligible,1.0,False,False,0.024519716885743174,False
boostnsift,embedding_std,23,344,0.0510289780795574,0.0510293245315551,0.051027625637209896,0.05102719114226999,-3.4645199770144686e-07,3877.0,0.8733801863659435,-0.019969666329625886,negligible,1.0,False,False,0.019969666329625886,False
boostnsift,has_exc_arithmetic,23,344,0.0,0.0,0.0,0.014534883720930232,0.0,3898.5,0.5643995560036974,-0.014534883720930232,negligible,1.0,False,False,0.014534883720930232,False
boostnsift,exc_cat_arithmetic,23,344,0.0,0.0,0.0,0.023255813953488372,0.0,3898.5,0.5644054190806543,-0.014534883720930232,negligible,1.0,False,False,0.014534883720930232,False
boostnsift,ambiguity,23,344,0.0,0.0,0.004013226728715296,0.003636020951180019,0.0,3924.0,0.9415325632020115,-0.008088978766430738,negligible,1.0,False,False,0.008088978766430738,False
boostnsift,num_env_mentions,23,344,0.0,0.0,0.043478260869565216,0.055232558139534885,0.0,3931.5,0.8963786738862985,-0.006193124368048534,negligible,1.0,False,False,0.006193124368048534,False
boostnsift,exc_cat_concurrency,23,344,0.0,0.0,0.0,0.011627906976744186,0.0,3933.0,0.7201805103117761,-0.005813953488372093,negligible,1.0,False,False,0.005813953488372093,False
boostnsift,has_exc_concurrency,23,344,0.0,0.0,0.0,0.005813953488372093,0.0,3933.0,0.7201795097756042,-0.005813953488372093,negligible,1.0,False,False,0.005813953488372093,False
boostnsift,num_browser_mentions,23,344,0.0,0.0,0.08695652173913043,0.10174418604651163,0.0,3940.5,0.9510113264685083,-0.003918099089989888,negligible,1.0,False,False,0.003918099089989888,False
boostnsift,exc_cat_type_error,23,344,0.0,0.0,0.0,0.0029069767441860465,0.0,3944.5,0.8046516338902353,-0.0029069767441860465,negligible,1.0,False,False,0.0029069767441860465,False
boostnsift,has_exc_type_error,23,344,0.0,0.0,0.0,0.0029069767441860465,0.0,3944.5,0.8046516338902353,-0.0029069767441860465,negligible,1.0,False,False,0.0029069767441860465,False
boostnsift,num_os_mentions,23,344,0.0,0.0,0.13043478260869565,0.14825581395348839,0.0,3957.0,0.9986021590239524,0.0002527805864509606,negligible,1.0,False,False,0.0002527805864509606,False
boostnsift,behavior_verb_count,23,344,0.0,0.0,0.0,0.0,0.0,3956.0,1.0,0.0,negligible,1.0,False,False,0.0,False
boostnsift,exc_cat_assertion,23,344,0.0,0.0,0.0,0.0,0.0,3956.0,1.0,0.0,negligible,1.0,False,False,0.0,False
boostnsift,behavior_verb_density,23,344,0.0,0.0,0.0,0.0,0.0,3956.0,1.0,0.0,negligible,1.0,False,False,0.0,False
boostnsift,has_exc_assertion,23,344,0.0,0.0,0.0,0.0,0.0,3956.0,1.0,0.0,negligible,1.0,False,False,0.0,False
boostnsift,num_S2R,23,344,0.0,0.0,0.0,0.0,0.0,3956.0,1.0,0.0,negligible,1.0,False,False,0.0,False
buglocator,summary_chars,14,335,12.0,71.0,26.428571428571427,63.026865671641794,-59.0,1182.0,0.0013617832355778171,-0.49594882729211087,large,0.09735182932519462,False,False,0.49594882729211087,False
buglocator,num_versions,14,335,0.0,2.0,0.9285714285714286,3.5104477611940297,-2.0,1183.5,0.0013521087406277031,-0.4953091684434968,large,0.09735182932519462,False,False,0.4953091684434968,False
buglocator,description_length,14,335,768.5,1465.0,956.8571428571429,1718.734328358209,-696.5,1227.0,0.0025134628930022856,-0.4767590618336887,large,0.1734289396171577,False,False,0.4767590618336887,False
buglocator,expected_observed_alignment,14,335,3.5,5.0,2.7142857142857144,4.540298507462687,-1.5,1228.5,9.808037520367989e-05,-0.4761194029850746,large,0.007454108515479671,True,True,0.4761194029850746,True
buglocator,embedding_cluster_size,14,335,115.0,90.0,125.07142857142857,89.86567164179104,25.0,3433.5,0.0026581636181813545,0.46417910447761196,medium,0.1807551260363321,False,False,0.46417910447761196,False
buglocator,causal_reasoning_quality,14,335,3.0,5.0,2.642857142857143,4.2835820895522385,-2.0,1276.5,0.0011899162624801622,-0.45565031982942433,medium,0.08686388716105184,False,False,0.45565031982942433,False
buglocator,actionability,14,335,3.0,5.0,2.642857142857143,4.2746268656716415,-2.0,1297.5,0.0016607541898967602,-0.4466950959488273,medium,0.11625279329277322,False,False,0.4466950959488273,False
buglocator,repair_difficulty,14,335,3.0,2.0,3.2857142857142856,2.2,1.0,3324.5,0.005328298654737268,0.41769722814498933,medium,0.356996009867397,False,False,0.41769722814498933,False
buglocator,coleman_liau_index,14,335,28.560000000000002,20.34,27.893571428571423,23.962567164179106,8.220000000000002,3317.5,0.00858683056119193,0.4147121535181237,medium,0.5495571559162835,False,False,0.4147121535181237,False
buglocator,specificity,14,335,3.0,5.0,2.642857142857143,4.143283582089552,-2.0,1413.0,0.006368390357536734,-0.3974413646055437,medium,0.42031376359742445,False,False,0.3974413646055437,False
buglocator,automated_readability_index,14,335,26.9,20.3,27.77142857142857,23.64507462686567,6.599999999999998,3274.0,0.01205523669598984,0.3961620469083156,medium,0.75947991184736,False,False,0.3961620469083156,False
buglocator,technical_depth,14,335,3.0,4.0,2.357142857142857,3.611940298507463,-1.0,1493.5,0.01576571341144145,-0.3631130063965885,medium,0.97747423150937,False,False,0.3631130063965885,False
buglocator,clarity,14,335,4.0,5.0,2.9285714285714284,4.414925373134328,-1.0,1499.0,0.008192337734138555,-0.3607675906183369,medium,0.532501952719006,False,False,0.3607675906183369,False
buglocator,flesch_reading_ease,14,335,9.75,32.49,9.860000000000001,21.454925373134326,-22.740000000000002,1543.5,0.030331646983727326,-0.3417910447761194,medium,1.0,False,False,0.3417910447761194,False
buglocator,embedding_cluster,14,335,2.0,6.0,3.0714285714285716,4.985074626865671,-4.0,1553.5,0.030704219866116194,-0.33752665245202557,medium,1.0,False,False,0.33752665245202557,False
buglocator,embedding_mean,14,335,-0.0004128433938603,-8.984111627796665e-05,-0.00036407899135933034,-0.00010683353377295979,-0.00032300227758233333,1759.0,0.11340770488062042,-0.24989339019189766,small,1.0,False,False,0.24989339019189766,False
buglocator,num_semantic_sentences,14,335,10.5,7.0,10.214285714285714,8.811940298507462,3.5,2887.5,0.14138548866895473,0.23134328358208955,small,1.0,False,False,0.23134328358208955,False
buglocator,n_sentences,14,335,10.5,7.0,10.214285714285714,8.811940298507462,3.5,2887.5,0.14138548866895473,0.23134328358208955,small,1.0,False,False,0.23134328358208955,False
buglocator,ambiguity,14,335,0.00431547619047615,0.0,0.005712486743987229,0.0036693126320978316,0.00431547619047615,2864.0,0.11147869629212048,0.22132196162046908,small,1.0,False,False,0.22132196162046908,False
buglocator,num_EB,14,335,0.0,1.0,0.42857142857142855,0.746268656716418,-1.0,1881.0,0.1697652665570918,-0.1978678038379531,small,1.0,False,False,0.1978678038379531,False
buglocator,smog_index,14,335,12.9,12.0,12.735714285714286,12.209850746268657,0.9000000000000004,2796.5,0.22256145526693782,0.1925373134328358,small,1.0,False,False,0.1925373134328358,False
buglocator,semantic_entropy,14,335,1.9102191925048828,1.6456514596939087,1.6550121690545763,1.525722737810509,0.2645677328109741,2769.0,0.25218894655654245,0.18081023454157782,small,1.0,False,False,0.18081023454157782,False
buglocator,num_modal_verbs,14,335,1.0,0.0,1.5,1.0328358208955224,1.0,2722.0,0.27093383268330107,0.1607675906183369,small,1.0,False,False,0.1607675906183369,False
buglocator,embedding_cluster_separation,14,335,0.7170456122924129,0.7062230454752011,0.725136556735446,0.7060865847939619,0.010822566817211832,2704.0,0.3323938313477237,0.153091684434968,small,1.0,False,False,0.153091684434968,False
buglocator,n_tokens,14,335,252.0,199.0,285.14285714285717,244.07462686567163,53.0,2689.0,0.3530110572093583,0.1466950959488273,negligible,1.0,False,False,0.1466950959488273,False
buglocator,n_words,14,335,138.5,118.0,155.78571428571428,138.8597014925373,20.5,2679.5,0.36647134459656927,0.14264392324093816,negligible,1.0,False,False,0.14264392324093816,False
buglocator,num_os_mentions,14,335,0.0,0.0,0.0,0.16119402985074627,0.0,2023.0,0.13842747520893103,-0.1373134328358209,negligible,1.0,False,False,0.1373134328358209,False
buglocator,completeness_score,14,335,2.0,2.0,2.0714285714285716,2.2776119402985073,0.0,2028.0,0.3674930109613712,-0.135181236673774,negligible,1.0,False,False,0.135181236673774,False
buglocator,description_chars,14,335,1879.0,1534.0,2174.1428571428573,1831.886567164179,345.0,2641.0,0.42430972394995725,0.12622601279317697,negligible,1.0,False,False,0.12622601279317697,False
buglocator,embedding_sparsity,14,335,0.15625,0.1614583333333333,0.15848214285714285,0.16155161691542283,-0.005208333333333287,2063.5,0.44688015663481295,-0.12004264392324093,negligible,1.0,False,False,0.12004264392324093,False
buglocator,embedding_cluster_distance,14,335,0.537868479329813,0.5635100859863131,0.5483865399662206,0.5606897610704198,-0.02564160665650017,2072.0,0.4612569150692908,-0.11641791044776119,negligible,1.0,False,False,0.11641791044776119,False
buglocator,gunning_fog,14,335,10.825,11.4,10.762857142857142,11.505641791044775,-0.5750000000000011,2076.0,0.46785883238859605,-0.11471215351812367,negligible,1.0,False,False,0.11471215351812367,False
buglocator,modal_density,14,335,0.1409090909090909,0.0,0.18160173160173157,0.14546540004036365,0.1409090909090909,2607.0,0.44938515618682096,0.11172707889125799,negligible,1.0,False,False,0.11172707889125799,False
buglocator,exception_avg_frame_package_depth,14,335,0.0,0.0,0.0,0.4567779351025965,0.0,2086.0,0.19085845345433416,-0.11044776119402985,negligible,1.0,False,False,0.11044776119402985,False
buglocator,num_OB,14,335,5.5,4.0,5.571428571428571,4.979104477611941,1.5,2601.5,0.4850285408066969,0.1093816631130064,negligible,1.0,False,False,0.1093816631130064,False
buglocator,stacktrace_depth,14,335,0.0,0.0,0.0,1.0537313432835822,0.0,2121.0,0.2273948566831926,-0.0955223880597015,negligible,1.0,False,False,0.0955223880597015,False
buglocator,embedding_max,14,335,0.15290532261133188,0.1488995552062988,0.15511090627738405,0.15104580697283812,0.004005767405033084,2568.0,0.5474471010889566,0.09509594882729211,negligible,1.0,False,False,0.09509594882729211,False
buglocator,embedding_std,14,335,0.051029222086071954,0.0510293394327163,0.05102683470717494,0.051027283372718855,-1.1734664434603914e-07,2133.0,0.5674213951808351,-0.09040511727078891,negligible,1.0,False,False,0.09040511727078891,False
buglocator,temporal_density,14,335,0.0,0.0,0.09746572871572871,0.06706663276623848,0.0,2555.5,0.4932496241249762,0.08976545842217484,negligible,1.0,False,False,0.08976545842217484,False
buglocator,exception_user_frames,14,335,0.0,0.0,0.0,0.7014925373134329,0.0,2135.0,0.2439302684692488,-0.08955223880597014,negligible,1.0,False,False,0.08955223880597014,False
buglocator,exception_user_frame_ratio,14,335,0.0,0.0,0.0,0.07090668444945211,0.0,2135.0,0.24384801588312877,-0.08955223880597014,negligible,1.0,False,False,0.08955223880597014,False
buglocator,num_temporal_markers,14,335,0.0,0.0,1.2142857142857142,0.5701492537313433,0.0,2553.5,0.494979151858537,0.08891257995735607,negligible,1.0,False,False,0.08891257995735607,False
buglocator,num_causal_markers,14,335,2.0,2.0,2.4285714285714284,2.408955223880597,0.0,2552.0,0.5700491536006402,0.088272921108742,negligible,1.0,False,False,0.088272921108742,False
buglocator,exception_library_frames,14,335,0.0,0.0,0.0,0.7582089552238805,0.0,2156.0,0.27124343735451517,-0.08059701492537313,negligible,1.0,False,False,0.08059701492537313,False
buglocator,num_negative_modals,14,335,0.0,0.0,0.21428571428571427,0.20298507462686566,0.0,2525.5,0.40719931428052547,0.07697228144989339,negligible,1.0,False,False,0.07697228144989339,False
buglocator,exc_cat_runtime_error,14,335,0.0,0.0,0.0,0.14029850746268657,0.0,2170.0,0.2911766260094736,-0.07462686567164178,negligible,1.0,False,False,0.07462686567164178,False
buglocator,has_exc_runtime_error,14,335,0.0,0.0,0.0,0.07462686567164178,0.0,2170.0,0.2908324664061437,-0.07462686567164178,negligible,1.0,False,False,0.07462686567164178,False
buglocator,exc_cat_type_error,14,335,0.0,0.0,0.07142857142857142,0.0029850746268656717,0.0,2505.5,0.0009368928163081049,0.06844349680170576,negligible,0.07026696122310787,False,False,0.06844349680170576,False
buglocator,has_exc_type_error,14,335,0.0,0.0,0.07142857142857142,0.0029850746268656717,0.0,2505.5,0.0009368928163081049,0.06844349680170576,negligible,0.07026696122310787,False,False,0.06844349680170576,False
buglocator,num_exception_types,14,335,0.0,0.0,0.2857142857142857,0.48059701492537316,0.0,2203.0,0.6385424942499216,-0.06055437100213219,negligible,1.0,False,False,0.06055437100213219,False
buglocator,embedding_pos_neg_ratio,14,335,0.9744108983799706,0.9948186528497408,0.9859482749839766,0.9929480895874669,-0.020407754469770167,2206.5,0.7086825200441266,-0.05906183368869936,negligible,1.0,False,False,0.05906183368869936,False
buglocator,embedding_norm,14,335,1.0,1.0,1.0,0.9999999973311353,0.0,2478.0,0.4539371361314606,0.056716417910447764,negligible,1.0,False,False,0.056716417910447764,False
buglocator,has_exc_index_error,14,335,0.0,0.0,0.0,0.056716417910447764,0.0,2212.0,0.3619671769803392,-0.056716417910447764,negligible,1.0,False,False,0.056716417910447764,False
buglocator,exc_cat_index_error,14,335,0.0,0.0,0.0,0.11940298507462686,0.0,2212.0,0.3621949974436691,-0.056716417910447764,negligible,1.0,False,False,0.056716417910447764,False
buglocator,semantic_spread_pc1,14,335,0.43890728056430817,0.4443225264549255,0.4567425229719707,0.44929117097783444,-0.005415245890617315,2466.0,0.7445719637012174,0.05159914712153518,negligible,1.0,False,False,0.05159914712153518,False
buglocator,num_env_mentions,14,335,0.0,0.0,0.0,0.050746268656716415,0.0,2240.0,0.4212620974890885,-0.04477611940298507,negligible,1.0,False,False,0.04477611940298507,False
buglocator,semantic_spread_pc2,14,335,0.34174928069114685,0.3650726675987243,0.37167816928454805,0.3568299202331857,-0.02332338690757746,2249.0,0.7962442767706446,-0.04093816631130064,negligible,1.0,False,False,0.04093816631130064,False
buglocator,redundancy,14,335,0.28772394359111786,0.2637607455253601,0.27187577315739225,0.2742185254150362,0.02396319806575775,2435.0,0.8087895552159405,0.03837953091684435,negligible,1.0,False,False,0.03837953091684435,False
buglocator,semantic_coherence,14,335,0.28772394359111786,0.2638275921344757,0.27187577315739225,0.27720360004190187,0.02389635145664215,2421.0,0.8382479833803725,0.032409381663113,negligible,1.0,False,False,0.032409381663113,False
buglocator,num_caused_by,14,335,0.0,0.0,0.0,0.04477611940298507,0.0,2275.0,0.5155325374595547,-0.029850746268656716,negligible,1.0,False,False,0.029850746268656716,False
buglocator,causal_density,14,335,0.1818181818181818,0.25,0.2776376401376401,0.31239360634369817,-0.0681818181818182,2278.5,0.8578369030922617,-0.028358208955223882,negligible,1.0,False,False,0.028358208955223882,False
buglocator,exc_cat_null_pointer,14,335,0.0,0.0,0.0,0.050746268656716415,0.0,2282.0,0.5382420277799347,-0.026865671641791045,negligible,1.0,False,False,0.026865671641791045,False
buglocator,has_exc_null_pointer,14,335,0.0,0.0,0.0,0.026865671641791045,0.0,2282.0,0.5382016983847637,-0.026865671641791045,negligible,1.0,False,False,0.026865671641791045,False
buglocator,num_browser_mentions,14,335,0.0,0.0,0.07142857142857142,0.1044776119402985,0.0,2287.5,0.7611216008291575,-0.024520255863539446,negligible,1.0,False,False,0.024520255863539446,False
buglocator,exc_cat_arithmetic,14,335,0.0,0.0,0.0,0.023880597014925373,0.0,2310.0,0.6504115457276176,-0.014925373134328358,negligible,1.0,False,False,0.014925373134328358,False
buglocator,has_exc_arithmetic,14,335,0.0,0.0,0.0,0.014925373134328358,0.0,2310.0,0.6504061099134788,-0.014925373134328358,negligible,1.0,False,False,0.014925373134328358,False
buglocator,exc_cat_io_error,14,335,0.0,0.0,0.2857142857142857,0.11940298507462686,0.0,2368.5,0.8850197833699236,0.010021321961620469,negligible,1.0,False,False,0.010021321961620469,False
buglocator,embedding_min,14,335,-0.15064593404531476,-0.1526219844818115,-0.15313893024410521,-0.15426541860423867,0.0019760504364967346,2365.0,0.9579521222467425,0.008528784648187633,negligible,1.0,False,False,0.008528784648187633,False
buglocator,exc_cat_concurrency,14,335,0.0,0.0,0.0,0.011940298507462687,0.0,2331.0,0.780106132174265,-0.005970149253731343,negligible,1.0,False,False,0.005970149253731343,False
buglocator,has_exc_concurrency,14,335,0.0,0.0,0.0,0.005970149253731343,0.0,2331.0,0.780105247639778,-0.005970149253731343,negligible,1.0,False,False,0.005970149253731343,False
buglocator,has_exc_io_error,14,335,0.0,0.0,0.07142857142857142,0.06567164179104477,0.0,2358.5,0.9348131657797774,0.005756929637526652,negligible,1.0,False,False,0.005756929637526652,False
buglocator,exc_cat_assertion,14,335,0.0,0.0,0.0,0.0,0.0,2345.0,1.0,0.0,negligible,1.0,False,False,0.0,False
buglocator,behavior_verb_count,14,335,0.0,0.0,0.0,0.0,0.0,2345.0,1.0,0.0,negligible,1.0,False,False,0.0,False
buglocator,has_exc_assertion,14,335,0.0,0.0,0.0,0.0,0.0,2345.0,1.0,0.0,negligible,1.0,False,False,0.0,False
buglocator,behavior_verb_density,14,335,0.0,0.0,0.0,0.0,0.0,2345.0,1.0,0.0,negligible,1.0,False,False,0.0,False
buglocator,num_S2R,14,335,0.0,0.0,0.0,0.0,0.0,2345.0,1.0,0.0,negligible,1.0,False,False,0.0,False
flexfl,description_length,83,339,20.0,1503.0,708.4819277108434,1747.3982300884957,-1483.0,5374.5,2.3187608876578375e-18,-0.6179763300991576,large,1.669507839113643e-16,True,True,0.6179763300991576,True
flexfl,causal_reasoning_quality,83,339,0.0,5.0,1.927710843373494,4.300884955752212,-5.0,5425.0,4.063843089034688e-21,-0.614386750541991,large,3.0885207476663633e-19,True,True,0.614386750541991,True
flexfl,actionability,83,339,0.0,5.0,1.9036144578313252,4.286135693215339,-5.0,5552.0,2.827877176441649e-20,-0.6053594910615915,large,2.1209078823312367e-18,True,True,0.6053594910615915,True
flexfl,repair_difficulty,83,339,5.0,2.0,3.783132530120482,2.1887905604719764,3.0,22354.0,5.211341161201186e-18,0.5889398301169279,large,3.700052224452842e-16,True,True,0.5889398301169279,True
flexfl,clarity,83,339,0.0,5.0,2.0602409638554215,4.427728613569322,-5.0,5910.5,9.575183887986625e-20,-0.5798770302448732,large,7.085636077110102e-18,True,True,0.5798770302448732,True
flexfl,specificity,83,339,0.0,5.0,1.9036144578313252,4.15929203539823,-5.0,6113.0,2.386826248530309e-17,-0.5654831716245513,large,1.6707783739712161e-15,True,True,0.5654831716245513,True
flexfl,summary_chars,83,339,12.0,71.0,21.951807228915662,62.46017699115044,-59.0,6137.5,1.5484559328294832e-16,-0.5637416924334506,large,1.0684345936523433e-14,True,True,0.5637416924334506,True
flexfl,technical_depth,83,339,0.0,4.0,1.6265060240963856,3.634218289085546,-4.0,6153.0,1.8007491026707348e-16,-0.562639940292142,large,1.2245093898160996e-14,True,True,0.562639940292142,True
flexfl,automated_readability_index,79,339,32.5,20.4,36.9860759493671,23.534513274336284,12.100000000000001,20816.5,1.6033065183950618e-14,0.5545722713864307,large,1.0742153673246915e-12,True,True,0.5545722713864307,True
flexfl,coleman_liau_index,79,339,31.16,20.59,35.75430379746835,23.882182890855457,10.57,20306.0,8.618124667712986e-13,0.5164482282215003,large,5.687962280690571e-11,True,True,0.5164482282215003,True
flexfl,expected_observed_alignment,83,339,0.0,5.0,2.1927710843373496,4.548672566371682,-5.0,6858.5,1.9525221272554196e-18,-0.5124924476667733,large,1.4253411528964563e-16,True,True,0.5124924476667733,True
flexfl,flesch_reading_ease,79,339,5.19,32.43,-8.266708860759499,21.837758112094395,-27.24,6936.0,2.485440812256551e-11,-0.48202083566707743,large,1.6155365279667582e-09,True,True,0.48202083566707743,True
flexfl,embedding_cluster_separation,83,339,0.785170095891311,0.7052318084979781,0.7722306774572875,0.7069329109644563,0.07993828739333297,20102.0,1.3799116240299532e-09,0.42886590610228525,medium,8.831434393791701e-08,True,True,0.42886590610228525,True
flexfl,num_versions,83,339,0.0,2.0,1.2409638554216869,3.495575221238938,-2.0,8711.5,3.75698102715835e-08,-0.38077975619291327,medium,2.3668980471097606e-06,True,True,0.38077975619291327,True
flexfl,embedding_cluster_distance,83,339,0.5004228228891315,0.5668681893002181,0.48577210812064037,0.5628020191122538,-0.06644536641108656,8839.0,1.5168716529379707e-07,-0.37171695632085866,medium,9.404604248215418e-06,True,True,0.37171695632085866,True
flexfl,embedding_cluster_size,83,339,115.0,90.0,124.63855421686748,89.83185840707965,25.0,19092.5,2.9966832261815965e-07,0.35710985535060596,medium,1.827976767970774e-05,True,True,0.35710985535060596,True
flexfl,n_words,83,339,93.0,119.0,114.57831325301204,140.83480825958702,-26.0,10213.0,0.00010838550747992114,-0.2740519600525998,small,0.0065031304487952685,True,True,0.2740519600525998,True
flexfl,embedding_cluster,83,339,2.0,6.0,3.4216867469879517,4.887905604719764,-4.0,10454.5,0.00025504708587160003,-0.2568859508831787,small,0.015047778066424402,True,True,0.2568859508831787,True
flexfl,embedding_max,83,339,0.1579859405755996,0.1485974192619323,0.15867161786699868,0.15083059642167213,0.009388521313667297,17375.0,0.000901487624658313,0.23502861001528236,small,0.052286282230182154,False,False,0.23502861001528236,False
flexfl,semantic_coherence,83,339,0.3033129870891571,0.2647503018379211,0.3390515280595745,0.2817574121651396,0.03856268525123602,16785.5,0.006378300501688187,0.19312648825390055,small,0.36356312859622664,False,False,0.19312648825390055,False
flexfl,n_tokens,83,339,176.0,200.0,207.56626506024097,247.83480825958702,-24.0,11366.0,0.006664590523746404,-0.1920958168959022,small,0.3732170693297986,False,False,0.1920958168959022,False
flexfl,completeness_score,83,339,2.0,2.0,2.0481927710843375,2.312684365781711,0.0,11942.0,0.02443269332534349,-0.15115328570920852,small,1.0,False,False,0.15115328570920852,False
flexfl,embedding_min,83,339,-0.1495912373065948,-0.1526219844818115,-0.14921248381037305,-0.15419469681461295,0.0030307471752167026,15957.0,0.05799142399947838,0.13423605928137328,negligible,1.0,False,False,0.13423605928137328,False
flexfl,num_causal_markers,83,339,1.0,2.0,2.144578313253012,2.368731563421829,-1.0,12267.0,0.06560873377937293,-0.1280520311333831,negligible,1.0,False,False,0.1280520311333831,False
flexfl,embedding_std,83,339,0.0510300695896148,0.051029272377491,0.05102756246924396,0.05102716626978549,7.972121238014607e-07,15771.5,0.08735540879342348,0.12105057397732523,negligible,1.0,False,False,0.12105057397732523,False
flexfl,description_chars,83,339,1392.0,1579.0,1752.6506024096386,1841.2389380530974,-187.0,12482.0,0.11126729492938331,-0.11276966272168319,negligible,1.0,False,False,0.11276966272168319,False
flexfl,semantic_entropy,83,339,1.661170244216919,1.6477640867233276,1.3720960021019095,1.532756035306817,0.013406157493591309,12505.5,0.11666518774395887,-0.11109926431389273,negligible,1.0,False,False,0.11109926431389273,False
flexfl,causal_density,83,339,0.1818181818181818,0.24,0.27939239017355405,0.298294043042591,-0.058181818181818196,12533.0,0.12100802585335786,-0.10914454277286136,negligible,1.0,False,False,0.10914454277286136,False
flexfl,gunning_fog,79,339,10.57,11.3,11.212531645569618,11.428377581120943,-0.7300000000000004,11967.5,0.1412801617884759,-0.10626937007580001,negligible,1.0,False,False,0.10626937007580001,False
flexfl,num_temporal_markers,83,339,0.0,0.0,0.40963855421686746,0.5988200589970502,0.0,12601.0,0.07026383482623251,-0.10431104950776558,negligible,1.0,False,False,0.10431104950776558,False
flexfl,temporal_density,83,339,0.0,0.0,0.05867071857773796,0.06966795352943385,0.0,12697.0,0.09227399459293177,-0.09748729430998329,negligible,1.0,False,False,0.09748729430998329,False
flexfl,stacktrace_depth,83,339,0.0,0.0,0.20481927710843373,1.0973451327433628,0.0,12798.0,0.008483281334235026,-0.09030813519564986,negligible,0.4665804733829264,False,False,0.09030813519564986,False
flexfl,num_negative_modals,83,339,0.0,0.0,0.0963855421686747,0.22713864306784662,0.0,12874.5,0.031093484526189333,-0.0848704552724171,negligible,1.0,False,False,0.0848704552724171,False
flexfl,exception_user_frame_ratio,83,339,0.0,0.0,0.012048192771084338,0.07670719554739366,0.0,12875.5,0.011160504626879696,-0.08479937448910688,negligible,0.6026672498515036,False,False,0.08479937448910688,False
flexfl,exception_user_frames,83,339,0.0,0.0,0.20481927710843373,0.7315634218289085,0.0,12882.0,0.011623615377915435,-0.08433734939759036,negligible,0.6160516150295181,False,False,0.08433734939759036,False
flexfl,redundancy,83,339,0.2832772731781006,0.2643584907054901,0.2788105642041528,0.278807559657765,0.018918782472610474,15173.5,0.26741189306501445,0.07854426555780644,negligible,1.0,False,False,0.07854426555780644,False
flexfl,num_browser_mentions,83,339,0.0,0.0,0.1927710843373494,0.10029498525073746,0.0,15157.0,0.041078682538453204,0.07737143263318762,negligible,1.0,False,False,0.07737143263318762,False
flexfl,ambiguity,83,339,0.0,0.0,0.002963846622895718,0.003830134419871233,0.0,13058.5,0.24343130260736046,-0.0717915911433344,negligible,1.0,False,False,0.0717915911433344,False
flexfl,exception_avg_frame_package_depth,83,339,0.0,0.0,0.19417927464333037,0.4829561162562979,0.0,13073.0,0.05960282602541793,-0.07076091978533604,negligible,1.0,False,False,0.07076091978533604,False
flexfl,num_semantic_sentences,83,339,7.0,7.0,8.927710843373495,8.982300884955752,0.0,13100.0,0.32957370601142455,-0.06884173863595977,negligible,1.0,False,False,0.06884173863595977,False
flexfl,n_sentences,83,339,7.0,7.0,8.927710843373495,8.982300884955752,0.0,13100.0,0.32957370601142455,-0.06884173863595977,negligible,1.0,False,False,0.06884173863595977,False
flexfl,embedding_mean,83,339,-0.0001035324166878,-6.760078395018354e-05,-0.00017979074608916114,-9.480571747763577e-05,-3.593163273761646e-05,13110.0,0.33608027860280376,-0.06813093080285745,negligible,1.0,False,False,0.06813093080285745,False
flexfl,num_exception_types,83,339,0.0,0.0,0.3855421686746988,0.49852507374631266,0.0,13113.5,0.23865744649883835,-0.06788214806127163,negligible,1.0,False,False,0.06788214806127163,False
flexfl,num_EB,83,339,0.0,1.0,0.6626506024096386,0.7463126843657817,-1.0,13283.0,0.38737209784588944,-0.055833955290187295,negligible,1.0,False,False,0.055833955290187295,False
flexfl,semantic_spread_pc2,83,339,0.3628345131874084,0.3627130687236786,0.3280243112380249,0.3538051060782774,0.00012144446372980289,13295.0,0.4376430302661195,-0.05498098589046451,negligible,1.0,False,False,0.05498098589046451,False
flexfl,semantic_spread_pc1,83,339,0.4319746792316437,0.4435080885887146,0.4246132600020213,0.4474055339804793,-0.011533409357070923,13306.5,0.4444908484910878,-0.054163556882396845,negligible,1.0,False,False,0.054163556882396845,False
flexfl,embedding_pos_neg_ratio,83,339,0.9845360824742267,0.9948186528497408,0.9882871497012515,0.993585874090302,-0.010282570375514055,13327.0,0.4562162725989387,-0.052706400824537085,negligible,1.0,False,False,0.052706400824537085,False
flexfl,exception_library_frames,83,339,0.0,0.0,0.9879518072289156,0.6017699115044248,0.0,13406.0,0.14754877611190148,-0.04709101894302875,negligible,1.0,False,False,0.04709101894302875,False
flexfl,has_exc_index_error,83,339,0.0,0.0,0.012048192771084338,0.058997050147492625,0.0,13408.0,0.07848919708269762,-0.04694885737640829,negligible,1.0,False,False,0.04694885737640829,False
flexfl,exc_cat_index_error,83,339,0.0,0.0,0.024096385542168676,0.12094395280235988,0.0,13409.0,0.07905982096735555,-0.04687777659309805,negligible,1.0,False,False,0.04687777659309805,False
flexfl,modal_density,83,339,0.0,0.0,0.1580904266487436,0.14802734792411523,0.0,13463.0,0.5128846816950594,-0.043039414294345525,negligible,1.0,False,False,0.043039414294345525,False
flexfl,num_modal_verbs,83,339,0.0,0.0,0.9397590361445783,1.0707964601769913,0.0,13539.5,0.5640476848616958,-0.03760173437111277,negligible,1.0,False,False,0.03760173437111277,False
flexfl,exc_cat_io_error,83,339,0.0,0.0,0.04819277108433735,0.12684365781710916,0.0,13571.5,0.2398122594420986,-0.035327149305185344,negligible,1.0,False,False,0.035327149305185344,False
flexfl,has_exc_io_error,83,339,0.0,0.0,0.03614457831325301,0.07079646017699115,0.0,13581.0,0.24863648985304532,-0.03465188186373814,negligible,1.0,False,False,0.03465188186373814,False
flexfl,exc_cat_runtime_error,83,339,0.0,0.0,0.1927710843373494,0.12684365781710916,0.0,14492.0,0.3805089247025488,0.030102711731883284,negligible,1.0,False,False,0.030102711731883284,False
flexfl,has_exc_runtime_error,83,339,0.0,0.0,0.10843373493975904,0.07964601769911504,0.0,14473.5,0.4012049762187132,0.02878771724064399,negligible,1.0,False,False,0.02878771724064399,False
flexfl,num_env_mentions,83,339,0.0,0.0,0.07228915662650602,0.05014749262536873,0.0,14457.0,0.3010106743395957,0.027614884316025164,negligible,1.0,False,False,0.027614884316025164,False
flexfl,embedding_norm,83,339,1.0,1.0,1.0000000014362564,0.9999999985934007,0.0,14373.5,0.5640338758766742,0.021679638909620783,negligible,1.0,False,False,0.021679638909620783,False
flexfl,exc_cat_type_error,83,339,0.0,0.0,0.07228915662650602,0.0029498525073746312,0.0,14367.0,0.03975770281988371,0.021217613818104275,negligible,1.0,False,False,0.021217613818104275,False
flexfl,has_exc_type_error,83,339,0.0,0.0,0.024096385542168676,0.0029498525073746312,0.0,14366.0,0.0404256790443098,0.021146533034794045,negligible,1.0,False,False,0.021146533034794045,False
flexfl,exc_cat_arithmetic,83,339,0.0,0.0,0.0,0.029498525073746312,0.0,13819.5,0.22367313105013253,-0.017699115044247787,negligible,1.0,False,False,0.017699115044247787,False
flexfl,has_exc_arithmetic,83,339,0.0,0.0,0.0,0.017699115044247787,0.0,13819.5,0.2236621405483138,-0.017699115044247787,negligible,1.0,False,False,0.017699115044247787,False
flexfl,num_OB,83,339,4.0,4.0,5.072289156626506,5.262536873156342,0.0,13855.0,0.8293194085453421,-0.015175747236734548,negligible,1.0,False,False,0.015175747236734548,False
flexfl,embedding_sparsity,83,339,0.1614583333333333,0.1614583333333333,0.16083082329317264,0.16177329154375608,0.0,13873.0,0.8445766370335616,-0.013896293137150371,negligible,1.0,False,False,0.013896293137150371,False
flexfl,exc_cat_assertion,83,339,0.0,0.0,0.012048192771084338,0.0,0.0,14238.0,0.043903310001764166,0.012048192771084338,negligible,1.0,False,False,0.012048192771084338,False
flexfl,has_exc_assertion,83,339,0.0,0.0,0.012048192771084338,0.0,0.0,14238.0,0.043903310001764166,0.012048192771084338,negligible,1.0,False,False,0.012048192771084338,False
flexfl,num_os_mentions,83,339,0.0,0.0,0.14457831325301204,0.16224188790560473,0.0,13931.5,0.8197138743028691,-0.009738067313501795,negligible,1.0,False,False,0.009738067313501795,False
flexfl,has_exc_null_pointer,83,339,0.0,0.0,0.03614457831325301,0.029498525073746312,0.0,14162.0,0.7550256873293365,0.006646053239506699,negligible,1.0,False,False,0.006646053239506699,False
flexfl,exc_cat_null_pointer,83,339,0.0,0.0,0.04819277108433735,0.061946902654867256,0.0,14156.5,0.7691207732362495,0.006255108931300423,negligible,1.0,False,False,0.006255108931300423,False
flexfl,exc_cat_concurrency,83,339,0.0,0.0,0.0,0.011799410029498525,0.0,13985.5,0.4861919499353563,-0.0058997050147492625,negligible,1.0,False,False,0.0058997050147492625,False
flexfl,has_exc_concurrency,83,339,0.0,0.0,0.0,0.0058997050147492625,0.0,13985.5,0.48619071998192964,-0.0058997050147492625,negligible,1.0,False,False,0.0058997050147492625,False
flexfl,smog_index,79,339,12.0,12.0,11.99240506329114,12.084660766961651,0.0,13460.0,0.9431009601868964,0.005190246816773086,negligible,1.0,False,False,0.005190246816773086,False
flexfl,num_caused_by,83,339,0.0,0.0,0.04819277108433735,0.035398230088495575,0.0,14040.0,0.9188616869049119,-0.002025802324341614,negligible,1.0,False,False,0.002025802324341614,False
flexfl,behavior_verb_density,83,339,0.0,0.0,0.0,0.0,0.0,14068.5,1.0,0.0,negligible,1.0,False,False,0.0,False
flexfl,behavior_verb_count,83,339,0.0,0.0,0.0,0.0,0.0,14068.5,1.0,0.0,negligible,1.0,False,False,0.0,False
flexfl,num_S2R,83,339,0.0,0.0,0.0,0.0,0.0,14068.5,1.0,0.0,negligible,1.0,False,False,0.0,False
locus,embedding_cluster_separation,14,354,0.7743992667731356,0.7070018464777399,0.7619995445117939,0.7068373615284541,0.06739742029539575,3744.0,0.0011881465018490638,0.5108958837772397,large,0.09029913414052884,False,False,0.5108958837772397,False
locus,description_length,14,354,932.5,1469.5,859.3571428571429,1723.5790960451977,-537.0,1257.0,0.0017682575881262398,-0.4927360774818402,large,0.13261931910946798,False,False,0.4927360774818402,False
locus,embedding_cluster_distance,14,354,0.48154079378896275,0.5667804549979565,0.49671965806390084,0.5647411830856903,-0.08523966120899373,1326.0,0.0031809540041056713,-0.4648910411622276,medium,0.23539059630381967,False,False,0.4648910411622276,False
locus,automated_readability_index,14,354,25.35,20.35,31.25714285714286,23.489830508474576,5.0,3572.0,0.005091188667186996,0.44148506860371267,medium,0.3665655840374637,False,False,0.44148506860371267,False
locus,summary_chars,14,354,12.0,70.0,30.357142857142858,62.35310734463277,-58.0,1393.0,0.00465169437698047,-0.4378531073446328,medium,0.3395736895195743,False,False,0.4378531073446328,False
locus,causal_reasoning_quality,14,354,4.0,5.0,2.857142857142857,4.2740112994350286,-1.0,1541.5,0.0071097400666104635,-0.37792574656981437,medium,0.504791544729343,False,False,0.37792574656981437,False
locus,embedding_cluster_size,14,354,102.5,90.0,119.07142857142857,88.70338983050847,12.5,3388.5,0.01754493044943707,0.36743341404358354,medium,1.0,False,False,0.36743341404358354,False
locus,technical_depth,14,354,3.0,4.0,2.2857142857142856,3.598870056497175,-1.0,1570.0,0.01466219069666959,-0.36642453591606133,medium,0.9823667766768626,False,False,0.36642453591606133,False
locus,coleman_liau_index,14,354,23.795,20.46,30.90357142857143,23.79593220338983,3.335000000000001,3385.5,0.020158572588690794,0.3662227602905569,medium,1.0,False,False,0.3662227602905569,False
locus,num_modal_verbs,14,354,1.0,0.0,1.7142857142857142,1.0225988700564972,1.0,3280.0,0.025633678725639642,0.32364810330912025,small,1.0,False,False,0.32364810330912025,False
locus,num_versions,14,354,1.0,2.0,1.2857142857142858,3.573446327683616,-1.0,1683.0,0.03788013062488621,-0.32082324455205813,small,1.0,False,False,0.32082324455205813,False
locus,causal_density,14,354,0.1547619047619047,0.25,0.21373943516800661,0.3122747279603001,-0.09523809523809529,1696.0,0.04420056974167929,-0.3155770782889427,small,1.0,False,False,0.3155770782889427,False
locus,repair_difficulty,14,354,3.0,2.0,3.0714285714285716,2.2288135593220337,1.0,3229.5,0.0430558952788365,0.3032687651331719,small,1.0,False,False,0.3032687651331719,False
locus,modal_density,14,354,0.14087301587301584,0.0,0.34331990371906335,0.13994901934905554,0.14087301587301584,3220.0,0.04128821161422962,0.2994350282485876,small,1.0,False,False,0.2994350282485876,False
locus,flesch_reading_ease,14,354,23.575,32.175,4.249999999999998,22.147881355932203,-8.599999999999998,1830.5,0.09744616674589016,-0.2612994350282486,small,1.0,False,False,0.2612994350282486,False
locus,temporal_density,14,354,0.0,0.0,0.0019841269841269784,0.07015654525362976,0.0,1840.5,0.043835510619015965,-0.2572639225181598,small,1.0,False,False,0.2572639225181598,False
locus,expected_observed_alignment,14,354,5.0,5.0,3.142857142857143,4.5423728813559325,0.0,1868.0,0.04231103215668061,-0.24616626311541565,small,1.0,False,False,0.24616626311541565,False
locus,num_temporal_markers,14,354,0.0,0.0,0.07142857142857142,0.5706214689265536,0.0,1869.0,0.05316091251043002,-0.2457627118644068,small,1.0,False,False,0.2457627118644068,False
locus,clarity,14,354,4.5,5.0,3.0714285714285716,4.415254237288136,-0.5,1918.5,0.09770491106801185,-0.2257869249394673,small,1.0,False,False,0.2257869249394673,False
locus,embedding_min,14,354,-0.1465589106082916,-0.15263610333204264,-0.14664664225918905,-0.15388585382935688,0.00607719272375104,2981.0,0.19802240428104323,0.2029862792574657,small,1.0,False,False,0.2029862792574657,False
locus,num_browser_mentions,14,354,0.0,0.0,0.35714285714285715,0.096045197740113,0.0,2980.0,0.011497178443552004,0.20258272800645682,small,0.7818081341615363,False,False,0.20258272800645682,False
locus,num_OB,14,354,5.0,4.0,6.285714285714286,4.963276836158192,1.0,2951.5,0.22166657323781336,0.1910815173527038,small,1.0,False,False,0.1910815173527038,False
locus,num_causal_markers,14,354,1.0,2.0,2.4285714285714284,2.3954802259887007,-1.0,2005.5,0.2186653822945941,-0.1906779661016949,small,1.0,False,False,0.1906779661016949,False
locus,actionability,14,354,4.5,5.0,3.0714285714285716,4.254237288135593,-0.5,2053.5,0.22857143275407943,-0.17130750605326878,small,1.0,False,False,0.17130750605326878,False
locus,exception_library_frames,14,354,0.0,0.0,4.142857142857143,0.5621468926553672,0.0,2829.5,0.061951855475954595,0.14184826472962067,negligible,1.0,False,False,0.14184826472962067,False
locus,specificity,14,354,4.5,4.5,3.0714285714285716,4.135593220338983,0.0,2145.0,0.3557840328793125,-0.1343825665859564,negligible,1.0,False,False,0.1343825665859564,False
locus,completeness_score,14,354,2.0,2.0,2.0714285714285716,2.2824858757062145,0.0,2161.5,0.393331753623981,-0.12772397094430993,negligible,1.0,False,False,0.12772397094430993,False
locus,semantic_entropy,14,354,1.629879117012024,1.6122568845748901,1.3389445287840829,1.4932585707155381,0.01762223243713379,2180.0,0.44601373625530283,-0.12025827280064569,negligible,1.0,False,False,0.12025827280064569,False
locus,embedding_cluster,14,354,4.0,6.0,4.285714285714286,4.892655367231638,-2.0,2191.5,0.459461533181846,-0.11561743341404358,negligible,1.0,False,False,0.11561743341404358,False
locus,smog_index,14,354,12.15,12.0,12.664285714285713,12.120338983050848,0.15000000000000036,2761.0,0.4691672550734137,0.11420500403551251,negligible,1.0,False,False,0.11420500403551251,False
locus,ambiguity,14,354,0.00277503588564315,0.0,0.003957539269015292,0.003964769827661888,0.00277503588564315,2759.5,0.41339814698200783,0.1135996771589992,negligible,1.0,False,False,0.1135996771589992,False
locus,semantic_spread_pc2,14,354,0.33865098655223846,0.36251503229141235,0.33627754024096923,0.352135547852449,-0.02386404573917389,2223.5,0.5152736016246243,-0.10270379338175949,negligible,1.0,False,False,0.10270379338175949,False
locus,embedding_sparsity,14,354,0.1614583333333333,0.1614583333333333,0.15718005952380948,0.16169373822975514,0.0,2227.5,0.5214551509218626,-0.10108958837772397,negligible,1.0,False,False,0.10108958837772397,False
locus,exception_avg_frame_package_depth,14,354,0.0,0.0,0.6860562310030396,0.4378171608080127,0.0,2712.0,0.27350810297435346,0.09443099273607748,negligible,1.0,False,False,0.09443099273607748,False
locus,description_chars,14,354,1773.0,1521.0,2324.0714285714284,1804.2372881355932,252.0,2682.0,0.6021667111665694,0.08232445520581114,negligible,1.0,False,False,0.08232445520581114,False
locus,n_tokens,14,354,192.5,196.0,282.14285714285717,244.22033898305085,-3.5,2660.0,0.6419732773943196,0.07344632768361582,negligible,1.0,False,False,0.07344632768361582,False
locus,num_os_mentions,14,354,0.0,0.0,0.21428571428571427,0.15819209039548024,0.0,2657.0,0.44907214547873775,0.07223567393058919,negligible,1.0,False,False,0.07223567393058919,False
locus,embedding_std,14,354,0.05103015527129165,0.0510293245315551,0.05102784798613612,0.05102717714373669,8.307397365500679e-07,2647.5,0.665076735942017,0.06840193704600485,negligible,1.0,False,False,0.06840193704600485,False
locus,exc_cat_type_error,14,354,0.0,0.0,0.5,0.00847457627118644,0.0,2642.0,0.007164918922703342,0.06618240516545601,negligible,0.504791544729343,False,False,0.06618240516545601,False
locus,has_exc_type_error,14,354,0.0,0.0,0.07142857142857142,0.005649717514124294,0.0,2641.0,0.007525251884894473,0.06577885391444714,negligible,0.5192423800577186,False,False,0.06577885391444714,False
locus,embedding_mean,14,354,-3.265451596234925e-05,-0.00010997130812025,-8.517414400037133e-05,-0.00011210422073191397,7.731679215790075e-05,2633.0,0.6922762621801524,0.06255044390637611,negligible,1.0,False,False,0.06255044390637611,False
locus,has_exc_io_error,14,354,0.0,0.0,0.0,0.05649717514124294,0.0,2338.0,0.3627942489137801,-0.05649717514124294,negligible,1.0,False,False,0.05649717514124294,False
locus,exc_cat_io_error,14,354,0.0,0.0,0.0,0.1016949152542373,0.0,2338.0,0.3630051312857544,-0.05649717514124294,negligible,1.0,False,False,0.05649717514124294,False
locus,num_env_mentions,14,354,0.0,0.0,0.0,0.059322033898305086,0.0,2345.0,0.3759115320707055,-0.05367231638418079,negligible,1.0,False,False,0.05367231638418079,False
locus,num_EB,14,354,0.0,1.0,0.8571428571428571,0.7429378531073446,-1.0,2360.5,0.7430766550390708,-0.04741727199354318,negligible,1.0,False,False,0.04741727199354318,False
locus,num_caused_by,14,354,0.0,0.0,0.14285714285714285,0.03389830508474576,0.0,2595.0,0.289321903084932,0.04721549636803874,negligible,1.0,False,False,0.04721549636803874,False
locus,embedding_norm,14,354,1.0,1.0,1.0,0.9999999986530024,0.0,2590.0,0.5694281291797999,0.04519774011299435,negligible,1.0,False,False,0.04519774011299435,False
locus,n_sentences,14,354,6.5,7.0,10.642857142857142,8.850282485875706,-0.5,2377.5,0.7971106716088495,-0.04055690072639225,negligible,1.0,False,False,0.04055690072639225,False
locus,num_semantic_sentences,14,354,6.5,7.0,10.642857142857142,8.850282485875706,-0.5,2377.5,0.7971106716088495,-0.04055690072639225,negligible,1.0,False,False,0.04055690072639225,False
locus,has_exc_null_pointer,14,354,0.0,0.0,0.0,0.031073446327683617,0.0,2401.0,0.5064355665712876,-0.031073446327683617,negligible,1.0,False,False,0.031073446327683617,False
locus,exc_cat_null_pointer,14,354,0.0,0.0,0.0,0.059322033898305086,0.0,2401.0,0.5064929207649858,-0.031073446327683617,negligible,1.0,False,False,0.031073446327683617,False
locus,stacktrace_depth,14,354,0.0,0.0,0.2857142857142857,1.0197740112994351,0.0,2410.0,0.734063293065311,-0.02744148506860371,negligible,1.0,False,False,0.02744148506860371,False
locus,embedding_max,14,354,0.1502241268754005,0.14855005592107765,0.15024060862404956,0.15103659749367815,0.0016740709543228427,2416.0,0.8748203284630351,-0.025020177562550445,negligible,1.0,False,False,0.025020177562550445,False
locus,exception_user_frame_ratio,14,354,0.0,0.0,0.028571428571428574,0.0694550074121463,0.0,2420.0,0.766268864030604,-0.023405972558514933,negligible,1.0,False,False,0.023405972558514933,False
locus,exception_user_frames,14,354,0.0,0.0,0.14285714285714285,0.6751412429378532,0.0,2427.5,0.7960570889604515,-0.020379338175948346,negligible,1.0,False,False,0.020379338175948346,False
locus,gunning_fog,14,354,11.43,11.52,11.485714285714286,11.569067796610168,-0.08999999999999986,2528.5,0.8980849297893911,0.020379338175948346,negligible,1.0,False,False,0.020379338175948346,False
locus,redundancy,14,354,0.261765107512474,0.265402153134346,0.2964605316519737,0.2788601517045902,-0.0036370456218720038,2527.0,0.9011269555982965,0.01977401129943503,negligible,1.0,False,False,0.01977401129943503,False
locus,num_negative_modals,14,354,0.0,0.0,0.14285714285714285,0.2344632768361582,0.0,2522.0,0.8431268629434201,0.01775625504439064,negligible,1.0,False,False,0.01775625504439064,False
locus,has_exc_arithmetic,14,354,0.0,0.0,0.0,0.01694915254237288,0.0,2436.0,0.6279346564812395,-0.01694915254237288,negligible,1.0,False,False,0.01694915254237288,False
locus,num_exception_types,14,354,0.0,0.0,0.42857142857142855,0.4774011299435028,0.0,2436.0,0.89564685574134,-0.01694915254237288,negligible,1.0,False,False,0.01694915254237288,False
locus,exc_cat_arithmetic,14,354,0.0,0.0,0.0,0.025423728813559324,0.0,2436.0,0.6279411089540761,-0.01694915254237288,negligible,1.0,False,False,0.01694915254237288,False
locus,exc_cat_index_error,14,354,0.0,0.0,0.14285714285714285,0.11864406779661017,0.0,2515.5,0.8136064396059735,0.01513317191283293,negligible,1.0,False,False,0.01513317191283293,False
locus,has_exc_index_error,14,354,0.0,0.0,0.07142857142857142,0.05649717514124294,0.0,2515.0,0.8159862654249413,0.01493139628732849,negligible,1.0,False,False,0.01493139628732849,False
locus,n_words,14,354,112.5,118.5,162.78571428571428,139.74576271186442,-6.0,2510.0,0.9356848984980939,0.0129136400322841,negligible,1.0,False,False,0.0129136400322841,False
locus,embedding_pos_neg_ratio,14,354,0.9896773676619838,0.9948186528497408,0.9949293305736997,0.99309729134038,-0.005141285187757028,2456.5,0.9570406287075416,-0.00867635189669088,negligible,1.0,False,False,0.00867635189669088,False
locus,exc_cat_runtime_error,14,354,0.0,0.0,0.2857142857142857,0.11299435028248588,0.0,2498.0,0.9088163797966106,0.008071025020177562,negligible,1.0,False,False,0.008071025020177562,False
locus,semantic_spread_pc1,14,354,0.45477308332920074,0.4438369274139404,0.4485138697283609,0.44710757166652354,0.01093615591526037,2462.0,0.9683284115338597,-0.00645682001614205,negligible,1.0,False,False,0.00645682001614205,False
locus,has_exc_concurrency,14,354,0.0,0.0,0.0,0.005649717514124294,0.0,2464.0,0.7859556436218982,-0.005649717514124294,negligible,1.0,False,False,0.005649717514124294,False
locus,exc_cat_concurrency,14,354,0.0,0.0,0.0,0.011299435028248588,0.0,2464.0,0.7859564188690864,-0.005649717514124294,negligible,1.0,False,False,0.005649717514124294,False
locus,has_exc_runtime_error,14,354,0.0,0.0,0.07142857142857142,0.06779661016949153,0.0,2487.0,0.9601563896283977,0.0036319612590799033,negligible,1.0,False,False,0.0036319612590799033,False
locus,semantic_coherence,14,354,0.261765107512474,0.2665310651063919,0.2964605316519737,0.28733472797577664,-0.004765957593917902,2485.0,0.9867154901650224,0.002824858757062147,negligible,1.0,False,False,0.002824858757062147,False
locus,exc_cat_assertion,14,354,0.0,0.0,0.0,0.0,0.0,2478.0,1.0,0.0,negligible,1.0,False,False,0.0,False
locus,has_exc_assertion,14,354,0.0,0.0,0.0,0.0,0.0,2478.0,1.0,0.0,negligible,1.0,False,False,0.0,False
locus,behavior_verb_count,14,354,0.0,0.0,0.0,0.0,0.0,2478.0,1.0,0.0,negligible,1.0,False,False,0.0,False
locus,behavior_verb_density,14,354,0.0,0.0,0.0,0.0,0.0,2478.0,1.0,0.0,negligible,1.0,False,False,0.0,False
locus,num_S2R,14,354,0.0,0.0,0.0,0.0,0.0,2478.0,1.0,0.0,negligible,1.0,False,False,0.0,False
