feature,all_n,none_n,all_median,none_median,all_mean,none_mean,median_diff,u_statistic,p_value,cliffs_delta,effect_size,pval_adj,reject,significant,abs_delta,practically_significant
project_num_java_files,123,122,158.0,720.5,235.8861788617886,651.2377049180328,-562.5,2554.5,4.584862927629297e-19,-0.6595361855257896,large,2.3841287223672344e-17,True,True,0.6595361855257896,True
project_java_bytes,123,122,1245729.0,5515551.0,2266335.2439024393,6466511.2950819675,-4269822.0,3037.0,8.19852102378425e-16,-0.595228575236572,large,4.1812457221299674e-14,True,True,0.595228575236572,True
txt_description_line_count,125,122,0.3502615481503528,-0.6028194775205034,0.13157498210725138,-0.3040673381173593,0.9530810256708562,11718.0,1.464924251933639e-13,0.5367868852459017,large,7.324621259668194e-12,True,True,0.5367868852459017,True
txt_description_avg_sentence_len,125,122,0.1272918452894908,-0.9929785078263713,0.3382038883967155,-0.40668597936874445,1.1202703531158622,11395.5,1.2475142693359364e-11,0.4944918032786885,large,5.988068492812495e-10,True,True,0.4944918032786885,True
txt_title_avg_sentence_len,125,122,0.0436294210728453,-0.70287777031615,0.3755255027083501,-0.45986957452441607,0.7465071913889952,11293.0,3.8548216376716373e-13,0.48104918032786886,large,1.8888626024591024e-11,True,True,0.48104918032786886,True
embedding_cluster_distance,125,122,0.460174200231574,-0.4075510928803511,0.3281760198847163,-0.5419190984919998,0.867725293111925,11157.5,3.140835039486681e-10,0.46327868852459014,medium,1.4447841181638732e-08,True,True,0.46327868852459014,True
txt_title_digit_density,125,122,0.2817596016693708,-0.6450552541976357,0.224175373254682,-0.4198386321414939,0.9268148558670064,10939.0,1.5882200084500284e-11,0.4346229508196721,medium,7.464634039715134e-10,True,True,0.4346229508196721,True
embedding_cluster_size,125,122,-0.5748438169972881,0.4146459595637947,-0.3736322215030996,0.40634676967269895,-0.9894897765610828,4334.0,2.7638872052195386e-09,-0.43160655737704917,medium,1.2437492423487923e-07,True,True,0.43160655737704917,True
ari,125,122,20.8,28.65,24.404799999999994,37.151950671204155,-7.849999999999998,4364.0,6.325061360078657e-09,-0.427672131147541,medium,2.783026998434609e-07,True,True,0.427672131147541,True
description_length,125,122,-0.0279949415701407,-0.6564426568163819,0.18073135435113288,-0.2887466019011903,0.6284477152462412,10853.0,6.642714596793084e-09,0.423344262295082,medium,2.856367276621026e-07,True,True,0.423344262295082,True
z_ambiguity,125,122,0.0,0.47140452079103157,-0.05042721462887858,0.5391110874433772,-0.47140452079103157,4458.5,1.6956865679884214e-08,-0.41527868852459016,medium,7.12188358555137e-07,True,True,0.41527868852459016,True
flesch,125,122,30.2,6.744999999999999,19.292,-14.55509863837488,23.455,10671.5,5.770164570817664e-08,0.3995409836065574,medium,2.3657674740352423e-06,True,True,0.3995409836065574,True
z_clarity,125,122,1.2110601416389966,0.9913504205727988,1.2399278488037115,0.8089751005788228,0.2197097210661978,10632.5,8.450425021241049e-08,0.3944262295081967,medium,3.3801700084964196e-06,True,True,0.3944262295081967,True
z_actionability,125,122,0.939618477299634,0.7176085488558899,0.9163602344451449,0.5183397742060827,0.22200992844374412,10247.5,2.993682201880506e-06,0.3439344262295082,medium,0.00011675360587333974,True,True,0.3439344262295082,True
kincaid,125,122,13.2,16.0,14.132,18.316089734505248,-2.8000000000000007,5016.5,3.3866198656374667e-06,-0.34209836065573773,medium,0.00012869155489422373,True,True,0.34209836065573773,True
code_vocab_overlap_count,123,122,25.0,17.0,27.479674796747968,20.770491803278688,8.0,10053.5,4.230999196612163e-06,0.3399306943889111,medium,0.00015654697027465004,True,True,0.3399306943889111,True
z_specificity,125,122,0.1010152544552209,0.5977524613639067,0.06308698926436512,0.4535447899906163,-0.4967372069086858,5149.5,1.0364133141624363e-05,-0.324655737704918,small,0.00037310879309847706,True,True,0.324655737704918,True
z_repair_readiness,125,122,0.672926584910453,0.2381665429740079,0.5184598366124261,0.17115979338134604,0.4347600419364451,10017.5,2.030634593714634e-05,0.3137704918032787,small,0.0006904157618629755,True,True,0.3137704918032787,True
technical_completeness,125,122,0.7,0.3,0.5530666666666668,0.3680327868852459,0.39999999999999997,10013.0,1.7830403353011524e-05,0.31318032786885247,small,0.0006240641173554033,True,True,0.31318032786885247,True
z_hidden_reproducibility,125,122,-1.7677669529663689,-1.2865350418053536,-1.7467429702452828,-1.3718606720868225,-0.48123191116101527,5273.0,2.7969735709425144e-05,-0.30845901639344264,small,0.0009230012784110297,True,True,0.30845901639344264,True
z_reproducibility,125,122,0.1524985703326045,0.5607721540920443,0.15229012691709118,0.46351251039768776,-0.4082735837594398,5365.0,5.6833972701733514e-05,-0.2963934426229508,small,0.001761853153753739,True,True,0.2963934426229508,True
num_versions,125,122,-0.0494572680454745,-0.3124943305803233,-0.04524867504491693,-0.1594153843510261,0.26303706253484876,9781.5,4.982039826575213e-05,0.28281967213114756,small,0.0015942527445040682,True,True,0.28281967213114756,True
code_vocab_jaccard,123,122,0.0766283524904214,0.056829925444747895,0.07850600562874595,0.06613320551943037,0.0197984270456735,9562.5,0.00020534759000103664,0.27449020391843265,small,0.005955080110030063,True,True,0.27449020391843265,True
z_root_cause_evidence,125,122,-0.7808688094430304,-1.2830806769808074,-0.8965536112336652,-1.2407024553664947,0.502211867537777,9716.0,0.00019576657035273728,0.2742295081967213,small,0.005872997110582119,True,True,0.2742295081967213,True
buggy_vocab_size,123,122,291.0,201.0,330.780487804878,251.05737704918033,90.0,9265.0,0.0014932322113238566,0.2348393975743036,small,0.040317269705744126,True,True,0.2348393975743036,True
num_causal_markers,125,122,-0.1531279935599871,-0.4554019288379759,0.13463679282465826,-0.026767577992959014,0.30227393527798885,9406.0,0.0012677395193543602,0.23357377049180328,small,0.035496706541922086,True,True,0.23357377049180328,True
cohens_kappa,125,122,0.6999999999999997,0.6377551020408163,0.6581296601378492,0.600414684358865,0.06224489795918342,9059.5,0.010637555149042969,0.18813114754098362,small,0.26593887872607425,False,False,0.18813114754098362,False
spec_reasoning_product,125,122,9.0,5.0,10.272,7.852459016393443,4.0,9013.0,0.012951269814448876,0.1820327868852459,small,0.2978792057323241,False,False,0.1820327868852459,False
z_reasoning_quality,125,122,0.7071067811865475,-0.28769414684562294,0.24757975172411012,0.009702623877468943,0.9948009280321704,8867.5,0.026916510132965685,0.16295081967213115,small,0.592163222925245,False,False,0.16295081967213115,False
num_exception_types,125,122,-0.5251530779927517,-0.5251530779927517,0.14721791286396804,-0.10581978006001484,0.0,8764.0,0.011129382697330884,0.14937704918032788,small,0.26710518473594125,False,False,0.14937704918032788,False
quality_composite,125,122,0.7,0.65,0.6576000000000001,0.5692622950819674,0.04999999999999993,8750.5,0.04444686602440347,0.14760655737704917,small,0.9333841865124728,False,False,0.14760655737704917,False
jira_num_attachments,125,122,0.0,0.0,0.4,0.16393442622950818,0.0,8666.0,0.004981718509464729,0.13652459016393442,negligible,0.12952468124608293,False,False,0.13652459016393442,False
z_technical_context,125,122,-0.2121320343559644,-0.0882743890059664,-0.23642526069823608,-0.12208054773514643,-0.12385764534999799,6750.5,0.11941404015593385,-0.11468852459016393,negligible,1.0,False,False,0.11468852459016393,False
percent_agreement,125,122,0.875,0.8541666666666666,0.8505,0.8348702185792352,0.02083333333333337,8428.0,0.15172130512393195,0.10531147540983607,negligible,1.0,False,False,0.10531147540983607,False
semantic_coherence,125,122,-0.1670358525082561,-0.1068341717163521,-0.09430965793726721,0.30275922159606555,-0.060201680791903994,6848.5,0.16685874653816946,-0.10183606557377049,negligible,1.0,False,False,0.10183606557377049,False
causal_consistency,125,122,0.8461192206423268,0.8509082681816867,0.8496670240457092,0.8124110907302097,-0.004789047539359936,8348.0,0.1980949409654289,0.09481967213114754,negligible,1.0,False,False,0.09481967213114754,False
num_temporal_markers,125,122,-0.4635308650875505,-0.4635308650875505,0.028288863533754715,-0.0022014613646106386,0.0,8257.0,0.17538169068355625,0.08288524590163934,negligible,1.0,False,False,0.08288524590163934,False
specificity_repro_gap,125,122,0.0,0.0,-0.08,0.04918032786885246,0.0,7009.5,0.20673226605021078,-0.08072131147540984,negligible,1.0,False,False,0.08072131147540984,False
num_OB,125,122,-0.2886514946017978,-0.0777818550633016,-0.15875579664608414,0.0967905514398797,-0.2108696395384962,7011.0,0.2717285339124501,-0.08052459016393443,negligible,1.0,False,False,0.08052459016393443,False
num_buggy_files,123,122,1.0,1.0,1.4634146341463414,1.1721311475409837,0.0,8100.0,0.10408454290562269,0.07956817273090763,negligible,1.0,False,False,0.07956817273090763,False
lix,125,122,51.65,50.385,52.004479999999994,51.7297135477278,1.2650000000000006,8083.5,0.4145999839992357,0.06013114754098361,negligible,1.0,False,False,0.06013114754098361,False
z_impact_scope,125,122,-0.1524985703326045,-0.22529628294599918,-0.20755573096078583,-0.2297020046869377,0.07279771261339468,8076.0,0.42214722941458516,0.059147540983606556,negligible,1.0,False,False,0.059147540983606556,False
fog,125,122,11.57,10.705,11.5352,11.577817727392151,0.8650000000000002,8000.5,0.504145506783381,0.04924590163934426,negligible,1.0,False,False,0.04924590163934426,False
stacktrace_depth,125,122,-0.2020454871191189,-0.2020454871191189,0.0750070700575702,-0.026017268837840377,0.0,7984.0,0.1770349065647876,0.04708196721311476,negligible,1.0,False,False,0.04708196721311476,False
quality_std,125,122,0.1914854215512676,0.1914854215512676,0.203223507888908,0.20150850460040332,0.0,7879.5,0.6494553423199787,0.03337704918032787,negligible,1.0,False,False,0.03337704918032787,False
report_vocab_size,123,122,72.0,78.5,80.64227642276423,87.65573770491804,-6.5,7309.5,0.7278237945398293,-0.02578968412634946,negligible,1.0,False,False,0.02578968412634946,False
smog,125,122,12.1,12.1,12.266399999999999,12.283695150574514,0.0,7428.5,0.7269353074224911,-0.02577049180327869,negligible,1.0,False,False,0.02577049180327869,False
exception_user_frames,125,122,-0.2073567129463963,-0.2073567129463963,0.07488985940865399,-0.027526103063202013,0.0,7803.5,0.529338092755268,0.023409836065573772,negligible,1.0,False,False,0.023409836065573772,False
num_EB,125,122,0.2959479588785432,-0.1885942875206404,0.00909894901022653,0.10530838652476604,0.4845422463991836,7792.5,0.7446800383816075,0.021967213114754098,negligible,1.0,False,False,0.021967213114754098,False
semantic_entropy,125,122,0.1579096263800142,0.4388732787035885,0.019149836032873853,-0.1313502350635652,-0.2809636523235743,7488.5,0.8085704352482506,-0.017901639344262296,negligible,1.0,False,False,0.017901639344262296,False
num_env_mentions,125,122,-0.2192296649910203,-0.2192296649910203,-0.03284458980956378,0.08086340102127788,0.0,7488.5,0.5453843672047207,-0.017901639344262296,negligible,1.0,False,False,0.017901639344262296,False
technical_consistency,125,122,0.7,0.7,0.7112,0.6934426229508197,0.0,7571.5,0.9233255420030921,-0.0070163934426229506,negligible,1.0,False,False,0.0070163934426229506,False
