tool,feature,unique_count,other_count,unique_median,other_median,unique_mean,other_mean,unique_std,other_std,u_statistic,p_value,cliffs_delta,effect_size,median_diff,mean_diff,pval_adj,reject,significant,abs_delta
FlexFL,automated_readability_index,79,48,32.5,26.549999999999997,36.9860759493671,30.089583333333337,18.801702965540493,12.60996295712806,2357.0,0.022035023437905622,0.24314345991561181,small,5.950000000000003,6.896492616033761,1.0,False,False,0.24314345991561181
FlexFL,actionability,83,51,0.0,4.0,1.9036144578313252,2.784313725490196,2.1277175325510216,2.193752269425115,1638.0,0.01959903148680971,-0.22608079376328843,small,-4.0,-0.8806992676588707,1.0,False,False,0.22608079376328843
FlexFL,clarity,83,51,0.0,4.0,2.0602409638554215,2.9607843137254903,2.2434152839700188,2.2535375241049396,1639.5,0.01902039268625862,-0.22537207654145996,small,-4.0,-0.9005433498700688,1.0,False,False,0.22537207654145996
FlexFL,coleman_liau_index,79,48,31.16,26.77,35.75430379746835,30.16875,17.586072846515055,12.331548646511377,2317.0,0.03654302114517119,0.2220464135021097,small,4.390000000000001,5.585553797468354,1.0,False,False,0.2220464135021097
FlexFL,specificity,83,51,0.0,3.0,1.9036144578313252,2.784313725490196,2.13344138476487,2.1846164467951446,1647.0,0.022021758220574766,-0.2218284904323175,small,-3.0,-0.8806992676588707,1.0,False,False,0.2218284904323175
FlexFL,description_length,83,51,20.0,884.0,708.4819277108434,1015.0392156862745,995.7375910746593,1003.4063376476015,1655.0,0.026041077664921836,-0.21804866524923222,small,-864.0,-306.5572879754311,1.0,False,False,0.21804866524923222
FlexFL,n_words,83,51,93.0,120.0,114.57831325301204,143.31372549019608,85.79244956287376,110.76506492501657,1681.0,0.04619028618996827,-0.20576423340420505,small,-27.0,-28.735412237184036,1.0,False,False,0.20576423340420505
FlexFL,technical_depth,83,51,0.0,3.0,1.6265060240963856,2.372549019607843,1.8980788963882635,1.938667421851675,1682.5,0.035075388706974964,-0.20505551618237655,small,-3.0,-0.7460429955114576,1.0,False,False,0.20505551618237655
FlexFL,repair_difficulty,83,51,5.0,3.0,3.783132530120482,3.235294117647059,1.4059819307297807,1.5177382553539018,2531.5,0.04257644324882442,0.19607843137254902,small,2.0,0.547838412473423,1.0,False,False,0.19607843137254902
FlexFL,smog_index,79,48,12.0,12.5,11.99240506329114,12.929166666666667,3.17594210338863,2.1032860140117866,1551.5,0.08708165378310709,-0.1816983122362869,small,-0.5,-0.9367616033755279,1.0,False,False,0.1816983122362869
FlexFL,causal_reasoning_quality,83,51,0.0,3.0,1.927710843373494,2.627450980392157,2.1344053409020582,2.116230463004684,1734.5,0.06275737047476074,-0.18048665249232224,small,-3.0,-0.6997401370186629,1.0,False,False,0.18048665249232224
FlexFL,confidence,83,51,1.0,5.0,2.8795180722891565,3.588235294117647,2.008503813735827,1.9305591996956246,1741.5,0.046910460736677456,-0.1771793054571226,small,-4.0,-0.7087172218284907,1.0,False,False,0.1771793054571226
FlexFL,n_tokens,83,51,176.0,197.0,207.56626506024097,250.13725490196077,147.90011401660246,172.47434819216951,1769.5,0.11228364834780614,-0.1639499173163241,small,-21.0,-42.57098984171981,1.0,False,False,0.1639499173163241
FlexFL,ambiguity,83,51,0.0,0.0020898641588296,0.002963846622895718,0.004464403508676217,0.005487590262414811,0.006887514839994339,1782.5,0.08174462984354634,-0.15780770139381053,small,-0.0020898641588296,-0.001500556885780499,1.0,False,False,0.15780770139381053
FlexFL,fine_grained_confidence,82,49,1.0,5.0,2.8292682926829267,3.4489795918367347,1.9864036493106279,1.9046130894247688,1714.0,0.11333613326278971,-0.14683922349427575,negligible,-4.0,-0.6197112991538081,1.0,False,False,0.14683922349427575
FlexFL,flesch_reading_ease,79,48,5.19,9.75,-8.266708860759499,3.271874999999999,51.63207720711848,38.54067907053643,1645.0,0.21292568409193724,-0.13238396624472573,negligible,-4.56,-11.538583860759498,1.0,False,False,0.13238396624472573
FlexFL,expected_observed_alignment,83,51,0.0,4.0,2.1927710843373496,2.823529411764706,2.3811138576422857,2.2334357600158654,1843.5,0.1758057750255514,-0.12898653437278526,negligible,-4.0,-0.6307583274273565,1.0,False,False,0.12898653437278526
FlexFL,num_negative_modals,83,51,0.0,0.0,0.0963855421686747,0.29411764705882354,0.5762464291477173,1.02555580339753,1847.0,0.01626873358352145,-0.12733286085518544,negligible,0.0,-0.19773210489014884,0.8947803470936798,False,False,0.12733286085518544
FlexFL,has_EB,83,51,0.0,0.0,0.43373493975903615,0.3137254901960784,0.4986022189969833,0.46862334890320484,2370.5,0.16874060289811754,0.12000944956295771,negligible,0.0,0.12000944956295773,1.0,False,False,0.12000944956295771
FlexFL,missing_EB,83,51,1.0,1.0,0.5662650602409639,0.6862745098039216,0.4986022189969834,0.46862334890320484,1862.5,0.16874060289811754,-0.12000944956295771,negligible,0.0,-0.12000944956295767,1.0,False,False,0.12000944956295771
FlexFL,has_version_info,83,51,0.0,1.0,0.39759036144578314,0.5098039215686274,0.49237500670021667,0.5048781642974013,1879.0,0.206568235649087,-0.11221356012284432,negligible,-1.0,-0.11221356012284428,1.0,False,False,0.11221356012284432
FlexFL,num_EB,83,51,0.0,0.0,0.6626506024096386,0.5294117647058824,0.914345139960368,0.9455779434075351,2349.0,0.22183617696806113,0.10985116938341602,negligible,0.0,0.13323883770375622,1.0,False,False,0.10985116938341602
FlexFL,description_chars,83,51,1392.0,1696.0,1752.6506024096386,1970.6470588235295,1275.876422199753,1430.2909749212488,1893.5,0.3078828444144296,-0.10536262697850224,negligible,-304.0,-217.99645641389088,1.0,False,False,0.10536262697850224
FlexFL,hidden_s2r_present,83,51,0.0,0.0,0.1927710843373494,0.29411764705882354,0.3968728777642879,0.46017899330842227,1902.0,0.17940217824207205,-0.10134656272147413,negligible,0.0,-0.10134656272147413,1.0,False,False,0.10134656272147413
FlexFL,gunning_fog,79,48,10.57,11.51,11.212531645569618,11.560833333333335,3.5351895710800147,3.247626847691091,1705.0,0.3435266336061754,-0.10073839662447258,negligible,-0.9399999999999995,-0.3483016877637173,1.0,False,False,0.10073839662447258
FlexFL,num_versions,83,51,0.0,1.0,1.2409638554216869,1.392156862745098,2.0576470189940737,1.9087004099391711,1920.0,0.32147292039835107,-0.09284195605953224,negligible,-1.0,-0.15119300732341112,1.0,False,False,0.09284195605953224
FlexFL,num_modal_verbs,83,51,0.0,1.0,0.9397590361445783,1.2941176470588236,1.3556512033450074,1.8032650126596348,1930.5,0.3539067890207058,-0.08788093550673282,negligible,-1.0,-0.35435861091424525,1.0,False,False,0.08788093550673282
FlexFL,summary_chars,83,51,12.0,12.0,21.951807228915662,26.80392156862745,27.315189919761313,28.380288658040907,1933.0,0.26194611167114357,-0.08669974013701866,negligible,0.0,-4.85211433971179,1.0,False,False,0.08669974013701866
FlexFL,modal_density,83,51,0.0,0.0588235294117647,0.1580904266487436,0.19053072867951762,0.35832734100057934,0.36405980122696824,1947.0,0.4011735769497148,-0.08008504606661943,negligible,-0.0588235294117647,-0.032440302030774026,1.0,False,False,0.08008504606661943
FlexFL,redundancy,83,51,0.2832772731781006,0.2652317583560943,0.2788105642041528,0.27081993426762374,0.10961825771215127,0.11383109154785977,2277.5,0.4619953033369063,0.0760689818095913,negligible,0.01804551482200628,0.007990629936529048,1.0,False,False,0.0760689818095913
FlexFL,causal_density,83,51,0.1818181818181818,0.1428571428571428,0.27939239017355405,0.2383370515723457,0.3575361948941861,0.31672604795454545,2248.0,0.5393060234444487,0.06213087644696433,negligible,0.038961038961039,0.04105533860120836,1.0,False,False,0.06213087644696433
FlexFL,num_env_mentions,83,51,0.0,0.0,0.07228915662650602,0.0196078431372549,0.26054036390250707,0.14002800840280097,2228.0,0.18690621015029207,0.05268131348925112,negligible,0.0,0.05268131348925112,1.0,False,False,0.05268131348925112
FlexFL,num_OB,83,51,4.0,5.0,5.072289156626506,5.96078431372549,3.4773943585858778,5.939564914414945,2024.0,0.6715317866094719,-0.04370422867942358,negligible,-1.0,-0.8884951570989843,1.0,False,False,0.04370422867942358
FlexFL,n_sentences,83,51,7.0,8.0,8.927710843373495,9.529411764705882,8.251804137588632,8.486113223794439,2029.5,0.690990042100643,-0.041105598866052445,negligible,-1.0,-0.6017009213323874,1.0,False,False,0.041105598866052445
FlexFL,has_stacktrace,83,51,0.0,1.0,0.4939759036144578,0.5294117647058824,0.5030030300035688,0.5041008302500836,2041.5,0.6934032905208376,-0.03543586109142452,negligible,-1.0,-0.03543586109142455,1.0,False,False,0.03543586109142452
FlexFL,num_browser_mentions,83,51,0.0,0.0,0.1927710843373494,0.1568627450980392,0.4802903422016983,0.41821281757535084,2180.0,0.647018914865763,0.030002362390739428,negligible,0.0,0.035908339239310194,1.0,False,False,0.030002362390739428
FlexFL,has_OB,83,51,1.0,1.0,0.9879518072289156,0.9607843137254902,0.10976425998969035,0.19603921176392136,2174.0,0.3080513874559726,0.027167493503425465,negligible,0.0,0.0271674935034254,1.0,False,False,0.027167493503425465
FlexFL,missing_OB,83,51,0.0,0.0,0.012048192771084338,0.0392156862745098,0.10976425998969035,0.19603921176392136,2059.0,0.3080513874559726,-0.027167493503425465,negligible,0.0,-0.027167493503425465,1.0,False,False,0.027167493503425465
FlexFL,stacktrace_depth,83,51,0.0,0.0,0.20481927710843373,0.13725490196078433,1.8659924198247355,0.6933861216706679,2060.0,0.31665256137304465,-0.026695015355539805,negligible,0.0,0.0675643751476494,1.0,False,False,0.026695015355539805
FlexFL,num_temporal_markers,83,51,0.0,0.0,0.40963855421686746,0.5098039215686274,1.0480661003441372,1.7247904106830814,2073.0,0.7911933722176516,-0.020552799433026223,negligible,0.0,-0.10016536735175996,1.0,False,False,0.020552799433026223
FlexFL,has_patch,83,51,0.0,0.0,0.0,0.0196078431372549,0.0,0.14002800840280097,2075.0,0.20754464506210746,-0.0196078431372549,negligible,0.0,-0.0196078431372549,1.0,False,False,0.0196078431372549
FlexFL,num_os_mentions,83,51,0.0,0.0,0.14457831325301204,0.11764705882352941,0.38674785762510433,0.32539568672798425,2151.0,0.787060771943145,0.01630049610205528,negligible,0.0,0.02693125442948263,1.0,False,False,0.01630049610205528
FlexFL,has_os_info,83,51,0.0,0.0,0.13253012048192772,0.11764705882352941,0.34112741119273676,0.32539568672798425,2148.0,0.8053571121350626,0.014883061658398299,negligible,0.0,0.014883061658398311,1.0,False,False,0.014883061658398299
FlexFL,has_enumeration,83,51,0.0,0.0,0.012048192771084338,0.0,0.10976425998969035,0.0,2142.0,0.4421880907228427,0.012048192771084338,negligible,0.0,0.012048192771084338,1.0,False,False,0.012048192771084338
FlexFL,num_exception_types,83,51,0.0,0.0,0.3855421686746988,0.3137254901960784,0.7623987385972985,0.5827588207288286,2141.0,0.8851221011032129,0.011575714623198678,negligible,0.0,0.07181667847862039,1.0,False,False,0.011575714623198678
FlexFL,temporal_density,83,51,0.0,0.0,0.05867071857773796,0.049198482286717575,0.1802367821279881,0.13780672576295636,2094.0,0.8927327268188763,-0.010630758327427357,negligible,0.0,0.009472236291020383,1.0,False,False,0.010630758327427357
FlexFL,num_causal_markers,83,51,1.0,1.0,2.144578313253012,2.0784313725490198,2.6647313968902626,2.6821121322935175,2132.0,0.9436074593401164,0.007323411292227734,negligible,0.0,0.0661469407039923,1.0,False,False,0.007323411292227734
FlexFL,num_caused_by,83,51,0.0,0.0,0.04819277108433735,0.0392156862745098,0.3085613532631611,0.28005601680560194,2126.0,0.872136594780898,0.0044885424049137725,negligible,0.0,0.008977084809827549,1.0,False,False,0.0044885424049137725
FlexFL,has_code,83,51,0.0,0.0,0.18072289156626506,0.17647058823529413,0.38712758069902276,0.3850133687518488,2125.5,0.9532329687127783,0.004252303330970942,negligible,0.0,0.00425230333097093,1.0,False,False,0.004252303330970942
FlexFL,behavior_verb_count,83,51,0.0,0.0,0.0,0.0,0.0,0.0,2116.5,1.0,0.0,negligible,0.0,0.0,1.0,False,False,0.0
FlexFL,behavior_verb_density,83,51,0.0,0.0,0.0,0.0,0.0,0.0,2116.5,1.0,0.0,negligible,0.0,0.0,1.0,False,False,0.0
FlexFL,contradiction_present,83,51,0.0,0.0,0.0,0.0,0.0,0.0,2116.5,1.0,0.0,negligible,0.0,0.0,1.0,False,False,0.0
FlexFL,has_S2R,83,51,0.0,0.0,0.0,0.0,0.0,0.0,2116.5,1.0,0.0,negligible,0.0,0.0,1.0,False,False,0.0
FlexFL,missing_S2R,83,51,1.0,1.0,1.0,1.0,0.0,0.0,2116.5,1.0,0.0,negligible,0.0,0.0,1.0,False,False,0.0
FlexFL,num_S2R,83,51,0.0,0.0,0.0,0.0,0.0,0.0,2116.5,1.0,0.0,negligible,0.0,0.0,1.0,False,False,0.0
boostnsift,num_versions,23,111,1.0,0.0,1.7391304347826086,1.2072072072072073,1.9821336370034972,1.9959828616367388,1540.5,0.0861110629860046,0.20681551116333724,small,1.0,0.5319232275754013,1.0,False,False,0.20681551116333724
boostnsift,description_length,23,111,829.0,594.0,1145.2173913043478,758.8378378378378,1137.4846235333046,969.0806847029683,1538.0,0.10469597364010287,0.20485703094398747,small,235.0,386.37955346650995,1.0,False,False,0.20485703094398747
boostnsift,has_version_info,23,111,1.0,0.0,0.6086956521739131,0.40540540540540543,0.4990108793478453,0.49319696191607176,1536.0,0.075510283734437,0.20329024676850763,small,1.0,0.20329024676850765,1.0,False,False,0.20329024676850763
boostnsift,num_modal_verbs,23,111,0.0,1.0,0.9130434782608695,1.1081081081081081,1.9751419621766402,1.4482048533606346,1043.0,0.13377814832600507,-0.18292205248726986,small,-1.0,-0.1950646298472386,1.0,False,False,0.18292205248726986
boostnsift,technical_depth,23,111,3.0,1.0,2.4347826086956523,1.8018018018018018,1.9731397903876622,1.9250493255537393,1489.5,0.1834357204088478,0.16686251468860164,small,2.0,0.6329808068938505,1.0,False,False,0.16686251468860164
boostnsift,modal_density,23,111,0.0,0.05,0.10296366383322905,0.1844180928498815,0.18684382024625001,0.3848784321857997,1077.5,0.2041851119900283,-0.15589502546024286,small,-0.05,-0.08145442901665245,1.0,False,False,0.15589502546024286
boostnsift,gunning_fog,20,107,12.035,10.67,12.172,11.189439252336449,3.8627009911936514,3.3285338241401004,1230.0,0.2911015532734277,0.14953271028037382,small,1.3650000000000002,0.9825607476635518,1.0,False,False,0.14953271028037382
boostnsift,smog_index,20,107,12.5,12.2,13.25,12.177570093457946,2.692386927694653,2.8545993477331093,1224.5,0.30790818571314194,0.144392523364486,negligible,0.3000000000000007,1.0724299065420535,1.0,False,False,0.144392523364486
boostnsift,hidden_s2r_present,23,111,0.0,0.0,0.34782608695652173,0.2072072072072072,0.48698475355767396,0.4071434216167145,1456.0,0.1481625519882993,0.14061887974931453,negligible,0.0,0.14061887974931453,1.0,False,False,0.14061887974931453
boostnsift,clarity,23,111,4.0,3.0,2.9130434782608696,2.2972972972972974,2.2342996356039806,2.286699068306241,1453.5,0.2633406874423254,0.13866039952996476,negligible,1.0,0.6157461809635723,1.0,False,False,0.13866039952996476
boostnsift,confidence,23,111,5.0,5.0,3.608695652173913,3.054054054054054,1.9479390142306958,2.0083364343195176,1453.5,0.22785419786435912,0.13866039952996476,negligible,0.0,0.5546415981198591,1.0,False,False,0.13866039952996476
boostnsift,num_causal_markers,23,111,1.0,1.0,1.6521739130434783,2.2162162162162162,2.327868624303315,2.7249867569499906,1103.5,0.2948843854152273,-0.1355268311790051,negligible,0.0,-0.564042303172738,1.0,False,False,0.1355268311790051
boostnsift,actionability,23,111,3.0,2.0,2.6956521739130435,2.144144144144144,2.1623804771739965,2.1902546420942466,1449.0,0.2795170034697403,0.13513513513513514,negligible,1.0,0.5515080297688995,1.0,False,False,0.13513513513513514
boostnsift,num_EB,23,111,0.0,0.0,0.391304347826087,0.6576576576576577,0.7223151185146154,0.9581753065592528,1106.0,0.24904032756540162,-0.1335683509596553,negligible,0.0,-0.26635330983157074,1.0,False,False,0.1335683509596553
boostnsift,specificity,23,111,3.0,2.0,2.6956521739130435,2.144144144144144,2.141256695763997,2.194401334167753,1440.0,0.3054482012729899,0.12808460634547592,negligible,1.0,0.5515080297688995,1.0,False,False,0.12808460634547592
boostnsift,n_sentences,23,111,5.0,7.0,8.434782608695652,9.306306306306306,8.580242033863836,8.291060676517038,1119.5,0.3544060165399914,-0.12299255777516648,negligible,-2.0,-0.8715236976106535,1.0,False,False,0.12299255777516648
boostnsift,causal_density,23,111,0.0476190476190476,0.1818181818181818,0.22938741634393808,0.2708905174656219,0.35410423040924666,0.3405858096720946,1120.5,0.34810425360170194,-0.12220916568742655,negligible,-0.1341991341991342,-0.041503101121683844,1.0,False,False,0.12220916568742655
boostnsift,repair_difficulty,23,111,3.0,3.0,3.3043478260869565,3.630630630630631,1.4904173487710703,1.464289638064869,1124.5,0.3398919174255238,-0.1190755973364669,negligible,0.0,-0.3262828045436743,1.0,False,False,0.1190755973364669
boostnsift,num_OB,23,111,3.0,5.0,6.0,5.288288288288288,7.897065047448727,3.5659689168771944,1129.5,0.3845818276339238,-0.11515863689776733,negligible,-2.0,0.711711711711712,1.0,False,False,0.11515863689776733
boostnsift,has_EB,23,111,0.0,0.0,0.30434782608695654,0.40540540540540543,0.4704719688969648,0.49319696191607176,1147.5,0.36902173134459537,-0.10105757931844889,negligible,0.0,-0.10105757931844889,1.0,False,False,0.10105757931844889
boostnsift,missing_EB,23,111,1.0,1.0,0.6956521739130435,0.5945945945945946,0.4704719688969648,0.4931969619160718,1405.5,0.36902173134459537,0.10105757931844889,negligible,0.0,0.10105757931844883,1.0,False,False,0.10105757931844889
boostnsift,num_negative_modals,23,111,0.0,0.0,0.43478260869565216,0.11711711711711711,1.4717363572115556,0.5349382077949622,1398.0,0.16400423803131325,0.09518213866039953,negligible,0.0,0.3176654915785351,1.0,False,False,0.09518213866039953
boostnsift,causal_reasoning_quality,23,111,3.0,3.0,2.4782608695652173,2.135135135135135,2.0860917180523204,2.163694174686543,1393.5,0.4643294521497343,0.09165687426556991,negligible,0.0,0.3431257344300822,1.0,False,False,0.09165687426556991
boostnsift,redundancy,23,111,0.2521763741970062,0.2832772731781006,0.2545699295790299,0.2801620278943766,0.13050839157849514,0.10651615893502742,1164.5,0.5105440884193388,-0.08773991382687035,negligible,-0.03110089898109436,-0.0255920983153467,1.0,False,False,0.08773991382687035
boostnsift,num_browser_mentions,23,111,0.0,0.0,0.08695652173913043,0.1981981981981982,0.28810406552003043,0.48279150063731757,1167.0,0.3076591350099547,-0.08578143360752057,negligible,0.0,-0.11124167645906777,1.0,False,False,0.08578143360752057
boostnsift,automated_readability_index,20,107,29.8,29.8,30.895,35.030841121495335,11.74610685783973,17.792638986840288,985.5,0.5782171669367248,-0.07897196261682243,negligible,0.0,-4.135841121495336,1.0,False,False,0.07897196261682243
boostnsift,flesch_reading_ease,20,107,3.275,8.37,-2.0244999999999993,-4.25728971962617,35.831793949390516,49.26323928115035,986.5,0.5827536154915286,-0.0780373831775701,negligible,-5.094999999999999,2.232789719626171,1.0,False,False,0.0780373831775701
boostnsift,has_OB,23,111,1.0,1.0,0.9130434782608695,0.990990990990991,0.28810406552003043,0.09491579957524993,1177.0,0.02262809533505551,-0.07794751273012143,negligible,0.0,-0.07794751273012146,1.0,False,False,0.07794751273012143
boostnsift,missing_OB,23,111,0.0,0.0,0.08695652173913043,0.009009009009009009,0.28810406552003043,0.09491579957524993,1376.0,0.02262809533505551,0.07794751273012143,negligible,0.0,0.07794751273012142,1.0,False,False,0.07794751273012143
boostnsift,num_exception_types,23,111,0.0,0.0,0.2608695652173913,0.3783783783783784,0.540823555863717,0.726811893309079,1207.0,0.5927452183562245,-0.05444575009792401,negligible,0.0,-0.1175088131609871,1.0,False,False,0.05444575009792401
boostnsift,fine_grained_confidence,21,110,4.0,4.0,3.3333333333333335,3.0090909090909093,1.9061304607327731,1.9884780706689413,1217.5,0.6602038694653065,0.05411255411255411,negligible,0.0,0.3242424242424242,1.0,False,False,0.05411255411255411
boostnsift,description_chars,23,111,1593.0,1477.0,1631.6521739130435,1877.882882882883,1070.573661373601,1384.6642372052693,1210.0,0.696928360507918,-0.05209557383470427,negligible,116.0,-246.2307089698395,1.0,False,False,0.05209557383470427
boostnsift,has_patch,23,111,0.0,0.0,0.043478260869565216,0.0,0.2085144140570748,0.0,1332.0,0.029477258068101416,0.043478260869565216,negligible,0.0,0.043478260869565216,1.0,False,False,0.043478260869565216
boostnsift,expected_observed_alignment,23,111,3.0,3.0,2.6956521739130435,2.3783783783783785,2.1623804771739965,2.378135457775325,1327.5,0.7466558254852764,0.0399529964747356,negligible,0.0,0.31727379553466495,1.0,False,False,0.0399529964747356
boostnsift,has_stacktrace,23,111,0.0,1.0,0.4782608695652174,0.5135135135135135,0.5107539184552491,0.5020841085798794,1231.5,0.7617189349978711,-0.03525264394829612,negligible,-1.0,-0.03525264394829608,1.0,False,False,0.03525264394829612
boostnsift,coleman_liau_index,20,107,28.125,29.68,31.247000000000003,34.09112149532711,10.820009290783053,16.77854027693477,1041.0,0.8503777949934826,-0.027102803738317756,negligible,-1.5549999999999997,-2.844121495327105,1.0,False,False,0.027102803738317756
boostnsift,num_caused_by,23,111,0.0,0.0,0.0,0.05405405405405406,0.0,0.3257951904840005,1242.0,0.4336786834131968,-0.02702702702702703,negligible,0.0,-0.05405405405405406,1.0,False,False,0.02702702702702703
boostnsift,num_temporal_markers,23,111,0.0,0.0,0.34782608695652173,0.46846846846846846,0.6472807211834832,1.4448643838205324,1310.5,0.7905465940784662,0.026635330983157072,negligible,0.0,-0.12064238151194673,1.0,False,False,0.026635330983157072
boostnsift,stacktrace_depth,23,111,0.0,0.0,0.13043478260869565,0.1891891891891892,0.6255432421712241,1.6542700313459515,1308.0,0.4753647862308066,0.024676850763807285,negligible,0.0,-0.05875440658049355,1.0,False,False,0.024676850763807285
boostnsift,n_tokens,23,111,192.0,192.0,209.34782608695653,226.75675675675674,145.24700237734595,161.48240637161553,1249.0,0.8734044209825338,-0.02154328241284763,negligible,0.0,-17.408930669800213,1.0,False,False,0.02154328241284763
boostnsift,temporal_density,23,111,0.0,0.0,0.0485575920358529,0.056414122718470544,0.11744658283286412,0.17350729641009374,1299.0,0.8621513107241568,0.01762632197414806,negligible,0.0,-0.007856530682617643,1.0,False,False,0.01762632197414806
boostnsift,ambiguity,23,111,0.0,0.0,0.004013226728715296,0.0034358525574989178,0.007830273146167075,0.005686587231821364,1255.0,0.8877634581201561,-0.016842929886408148,negligible,0.0,0.0005773741712163786,1.0,False,False,0.016842929886408148
boostnsift,n_words,23,111,84.0,99.0,123.8695652173913,125.85585585585585,101.08830718635252,96.20941617561017,1256.0,0.9060447408254904,-0.016059537798668234,negligible,-15.0,-1.9862906384645527,1.0,False,False,0.016059537798668234
boostnsift,num_env_mentions,23,111,0.0,0.0,0.043478260869565216,0.05405405405405406,0.2085144140570748,0.22714984392918164,1263.0,0.842237722456673,-0.010575793184488837,negligible,0.0,-0.010575793184488841,1.0,False,False,0.010575793184488837
boostnsift,has_enumeration,23,111,0.0,0.0,0.0,0.009009009009009009,0.0,0.09491579957524991,1265.0,0.6632656721949166,-0.009009009009009009,negligible,0.0,-0.009009009009009009,1.0,False,False,0.009009009009009009
boostnsift,has_code,23,111,0.0,0.0,0.17391304347826086,0.18018018018018017,0.3875533878815898,0.386080495568151,1268.5,0.9468738321576069,-0.00626713670191931,negligible,0.0,-0.006267136701919307,1.0,False,False,0.00626713670191931
boostnsift,summary_chars,23,111,12.0,12.0,24.869565217391305,23.576576576576578,25.259209567684213,28.305010654893387,1270.5,0.9653717400259423,-0.004700352526439483,negligible,0.0,1.2929886408147269,1.0,False,False,0.004700352526439483
boostnsift,has_os_info,23,111,0.0,0.0,0.13043478260869565,0.12612612612612611,0.34435022157509093,0.33349709327115756,1282.0,0.9591837094089792,0.004308656482569526,negligible,0.0,0.004308656482569534,1.0,False,False,0.004308656482569526
boostnsift,num_os_mentions,23,111,0.0,0.0,0.13043478260869565,0.13513513513513514,0.34435022157509093,0.3689416432417682,1280.5,0.9714368016348366,0.003133568350959655,negligible,0.0,-0.004700352526439494,1.0,False,False,0.003133568350959655
boostnsift,behavior_verb_count,23,111,0.0,0.0,0.0,0.0,0.0,0.0,1276.5,1.0,0.0,negligible,0.0,0.0,1.0,False,False,0.0
boostnsift,behavior_verb_density,23,111,0.0,0.0,0.0,0.0,0.0,0.0,1276.5,1.0,0.0,negligible,0.0,0.0,1.0,False,False,0.0
boostnsift,contradiction_present,23,111,0.0,0.0,0.0,0.0,0.0,0.0,1276.5,1.0,0.0,negligible,0.0,0.0,1.0,False,False,0.0
boostnsift,has_S2R,23,111,0.0,0.0,0.0,0.0,0.0,0.0,1276.5,1.0,0.0,negligible,0.0,0.0,1.0,False,False,0.0
boostnsift,missing_S2R,23,111,1.0,1.0,1.0,1.0,0.0,0.0,1276.5,1.0,0.0,negligible,0.0,0.0,1.0,False,False,0.0
boostnsift,num_S2R,23,111,0.0,0.0,0.0,0.0,0.0,0.0,1276.5,1.0,0.0,negligible,0.0,0.0,1.0,False,False,0.0
buglocator,n_words,14,120,138.5,95.0,155.78571428571428,121.98333333333333,77.48665251952312,98.33478943041943,1105.5,0.05387276511258982,0.31607142857142856,small,43.5,33.80238095238094,1.0,False,False,0.31607142857142856
buglocator,n_sentences,14,120,10.5,7.0,10.214285714285714,9.033333333333333,5.380571479921946,8.600306163529448,1073.5,0.08919685347250918,0.2779761904761905,small,3.5,1.1809523809523803,1.0,False,False,0.2779761904761905
buglocator,ambiguity,14,120,0.00431547619047615,0.0,0.005712486743987229,0.0032809086185584205,0.007201868550625998,0.0059153295704760895,1067.5,0.060017517450636125,0.2708333333333333,small,0.00431547619047615,0.002431578125428808,1.0,False,False,0.2708333333333333
buglocator,n_tokens,14,120,252.0,184.5,285.14285714285717,216.60833333333332,155.6192874850757,157.83755588458357,1060.5,0.10949831930912592,0.2625,small,67.5,68.53452380952385,1.0,False,False,0.2625
buglocator,num_causal_markers,14,120,2.0,1.0,2.4285714285714284,2.0833333333333335,1.8277470669267508,2.7457632247290573,1050.0,0.1168307006398435,0.25,small,1.0,0.3452380952380949,1.0,False,False,0.25
buglocator,automated_readability_index,14,113,26.9,30.2,27.77142857142857,35.19823008849558,7.961100481662123,17.6665391059568,619.0,0.18675167641291024,-0.21744627054361568,small,-3.3000000000000007,-7.426801517067009,1.0,False,False,0.21744627054361568
buglocator,temporal_density,14,120,0.0,0.0,0.09746572871572871,0.05011893363795537,0.21150057937455302,0.15894969969490355,1011.5,0.09616498617178276,0.20416666666666666,small,0.0,0.04734679507777335,1.0,False,False,0.20416666666666666
buglocator,num_temporal_markers,14,120,0.0,0.0,1.2142857142857142,0.35833333333333334,3.1422327051996604,0.9239650884063952,1011.0,0.09563329376489496,0.20357142857142857,small,0.0,0.8559523809523808,1.0,False,False,0.20357142857142857
buglocator,description_chars,14,120,1879.0,1458.0,2174.1428571428573,1796.125,1256.291787342835,1344.029283660194,1001.0,0.2429876792321548,0.19166666666666668,small,421.0,378.01785714285734,1.0,False,False,0.19166666666666668
buglocator,coleman_liau_index,14,113,28.560000000000002,29.91,27.893571428571423,34.355575221238944,6.610016416996786,16.667328013321942,644.0,0.2594155370751642,-0.18584070796460178,small,-1.3499999999999979,-6.46200379266752,1.0,False,False,0.18584070796460178
buglocator,causal_density,14,120,0.1818181818181818,0.1428571428571428,0.2776376401376401,0.2621485921055638,0.22243327115204783,0.35391028810003355,988.5,0.2709585799266456,0.1767857142857143,small,0.038961038961039,0.015489048032076291,1.0,False,False,0.1767857142857143
buglocator,has_version_info,14,120,0.0,0.0,0.2857142857142857,0.4583333333333333,0.4688072309384954,0.5003500175437415,695.0,0.22155741673571838,-0.17261904761904762,small,0.0,-0.17261904761904762,1.0,False,False,0.17261904761904762
buglocator,num_modal_verbs,14,120,1.0,0.0,1.5,1.025,1.6525039276108335,1.5309825482431894,982.0,0.26165735379628263,0.16904761904761906,small,1.0,0.4750000000000001,1.0,False,False,0.16904761904761906
buglocator,num_versions,14,120,0.0,0.0,0.9285714285714286,1.3416666666666666,1.9792883614022536,2.0020822493927,703.5,0.27483950619935926,-0.1625,small,0.0,-0.41309523809523796,1.0,False,False,0.1625
buglocator,smog_index,14,113,12.9,12.2,12.735714285714286,12.298230088495574,1.3865325555040269,2.9783439280461645,914.5,0.3435533538404767,0.1561314791403287,small,0.7000000000000011,0.437484197218712,1.0,False,False,0.1561314791403287
buglocator,flesch_reading_ease,14,113,9.75,6.34,9.860000000000001,-5.611150442477877,26.493726398178467,49.06444316902102,903.5,0.38857951480864106,0.14222503160556257,negligible,3.41,15.471150442477878,1.0,False,False,0.14222503160556257
buglocator,num_os_mentions,14,120,0.0,0.0,0.0,0.15,0.0,0.38128486891103375,721.0,0.1350587148139217,-0.14166666666666666,negligible,0.0,-0.15,1.0,False,False,0.14166666666666666
buglocator,has_os_info,14,120,0.0,0.0,0.0,0.14166666666666666,0.0,0.35017002672851316,721.0,0.1348596974174742,-0.14166666666666666,negligible,0.0,-0.14166666666666666,1.0,False,False,0.14166666666666666
buglocator,clarity,14,120,4.0,3.0,2.9285714285714284,2.341666666666667,2.3026501693044477,2.2807039799714697,956.0,0.36689230351432245,0.1380952380952381,negligible,1.0,0.5869047619047616,1.0,False,False,0.1380952380952381
buglocator,technical_depth,14,120,3.0,1.5,2.357142857142857,1.8583333333333334,1.9456912102680335,1.9415658297231282,955.0,0.37691759310501827,0.13690476190476192,negligible,1.5,0.4988095238095238,1.0,False,False,0.13690476190476192
buglocator,modal_density,14,120,0.1409090909090909,0.0,0.18160173160173157,0.16913456943397395,0.26758283043952147,0.3696027901013097,954.0,0.3707977239754723,0.1357142857142857,negligible,0.1409090909090909,0.012467162167757617,1.0,False,False,0.1357142857142857
buglocator,repair_difficulty,14,120,3.0,3.0,3.2857142857142856,3.6083333333333334,1.4373357526806554,1.4741232023430995,728.5,0.3886933670573226,-0.13273809523809524,negligible,0.0,-0.3226190476190478,1.0,False,False,0.13273809523809524
buglocator,num_negative_modals,14,120,0.0,0.0,0.21428571428571427,0.16666666666666666,0.4258153136263202,0.8130586853175531,947.0,0.13103190881659518,0.12738095238095237,negligible,0.0,0.047619047619047616,1.0,False,False,0.12738095238095237
buglocator,fine_grained_confidence,14,117,5.0,4.0,3.5,3.0085470085470085,1.9513309067639726,1.9761322659895362,918.0,0.40685804869602715,0.12087912087912088,negligible,1.0,0.4914529914529915,1.0,False,False,0.12087912087912088
buglocator,causal_reasoning_quality,14,120,3.0,2.5,2.642857142857143,2.1416666666666666,2.1699749327564155,2.147094316885553,941.0,0.43647819966649093,0.12023809523809524,negligible,0.5,0.5011904761904762,1.0,False,False,0.12023809523809524
buglocator,confidence,14,120,5.0,5.0,3.5714285714285716,3.1,1.9889806323953874,2.0058737277716925,939.0,0.4067578792874581,0.11785714285714285,negligible,0.0,0.47142857142857153,1.0,False,False,0.11785714285714285
buglocator,has_EB,14,120,0.0,0.0,0.2857142857142857,0.4,0.4688072309384954,0.4919520370144727,744.0,0.4105121815263103,-0.11428571428571428,negligible,0.0,-0.11428571428571432,1.0,False,False,0.11428571428571428
buglocator,missing_EB,14,120,1.0,1.0,0.7142857142857143,0.6,0.4688072309384954,0.4919520370144727,936.0,0.4105121815263103,0.11428571428571428,negligible,0.0,0.11428571428571432,1.0,False,False,0.11428571428571428
buglocator,num_EB,14,120,0.0,0.0,0.42857142857142855,0.6333333333333333,0.7559289460184544,0.943205096647456,747.0,0.4394232007493596,-0.11071428571428571,negligible,0.0,-0.20476190476190476,1.0,False,False,0.11071428571428571
buglocator,actionability,14,120,3.0,2.5,2.642857142857143,2.191666666666667,2.1699749327564155,2.193557539220512,925.5,0.510028081242509,0.10178571428571428,negligible,0.5,0.4511904761904759,1.0,False,False,0.10178571428571428
buglocator,specificity,14,120,3.0,2.5,2.642857142857143,2.191666666666667,2.1699749327564155,2.193557539220512,925.5,0.510028081242509,0.10178571428571428,negligible,0.5,0.4511904761904759,1.0,False,False,0.10178571428571428
buglocator,description_length,14,120,768.5,617.0,956.8571428571429,809.7916666666666,1047.4819519020075,1004.5165725202284,925.5,0.5148012950087555,0.10178571428571428,negligible,151.5,147.06547619047626,1.0,False,False,0.10178571428571428
buglocator,num_OB,14,120,5.5,4.0,5.571428571428571,5.391666666666667,3.5456210417116734,4.689154003240504,924.0,0.5412549252294551,0.1,negligible,1.5,0.17976190476190457,1.0,False,False,0.1
buglocator,num_browser_mentions,14,120,0.0,0.0,0.07142857142857142,0.19166666666666668,0.26726124191242434,0.4727149074796577,759.0,0.3530145243540067,-0.09642857142857143,negligible,0.0,-0.12023809523809526,1.0,False,False,0.09642857142857143
buglocator,summary_chars,14,120,12.0,12.0,26.428571428571427,23.491666666666667,30.302866799425697,27.52416687031166,904.5,0.5334475680828643,0.07678571428571429,negligible,0.0,2.93690476190476,1.0,False,False,0.07678571428571429
buglocator,has_stacktrace,14,120,1.0,0.5,0.5714285714285714,0.5,0.5135525910130955,0.5020964452534338,900.0,0.6172195857706191,0.07142857142857142,negligible,0.5,0.0714285714285714,1.0,False,False,0.07142857142857142
buglocator,expected_observed_alignment,14,120,3.5,3.0,2.7142857142857144,2.4,2.2677868380553634,2.3528991592887087,891.0,0.6904543750777514,0.060714285714285714,negligible,0.5,0.3142857142857145,1.0,False,False,0.060714285714285714
buglocator,num_env_mentions,14,120,0.0,0.0,0.0,0.058333333333333334,0.0,0.23535538418048804,791.0,0.36000255619756305,-0.058333333333333334,negligible,0.0,-0.058333333333333334,1.0,False,False,0.058333333333333334
buglocator,gunning_fog,14,113,10.825,10.85,10.762857142857142,11.416194690265486,2.723231758185705,3.5005357545524554,754.0,0.7787236022243114,-0.04677623261694058,negligible,-0.025000000000000355,-0.6533375474083449,1.0,False,False,0.04677623261694058
buglocator,redundancy,14,120,0.28772394359111786,0.2778746783733368,0.27187577315739225,0.27622360543658336,0.07116139293890786,0.11483089196432293,804.0,0.7962122754938965,-0.04285714285714286,negligible,0.009849265217781067,-0.004347832279191111,1.0,False,False,0.04285714285714286
buglocator,has_code,14,120,0.0,0.0,0.21428571428571427,0.175,0.42581531362632014,0.3815602643018762,873.0,0.7218819535029706,0.039285714285714285,negligible,0.0,0.039285714285714285,1.0,False,False,0.039285714285714285
buglocator,stacktrace_depth,14,120,0.0,0.0,0.0,0.2,0.0,1.611930311065306,819.0,0.5606544207448423,-0.025,negligible,0.0,-0.2,1.0,False,False,0.025
buglocator,num_caused_by,14,120,0.0,0.0,0.0,0.05,0.0,0.3135591295610645,819.0,0.5606246502303025,-0.025,negligible,0.0,-0.05,1.0,False,False,0.025
buglocator,has_OB,14,120,1.0,1.0,1.0,0.975,0.0,0.15677956478053226,861.0,0.5606246502303025,0.025,negligible,0.0,0.025000000000000022,1.0,False,False,0.025
buglocator,missing_OB,14,120,0.0,0.0,0.0,0.025,0.0,0.15677956478053226,819.0,0.5606246502303025,-0.025,negligible,0.0,-0.025,1.0,False,False,0.025
buglocator,hidden_s2r_present,14,120,0.0,0.0,0.21428571428571427,0.23333333333333334,0.42581531362632014,0.42472597855881755,824.0,0.8773262708888792,-0.01904761904761905,negligible,0.0,-0.019047619047619063,1.0,False,False,0.01904761904761905
buglocator,has_patch,14,120,0.0,0.0,0.0,0.008333333333333333,0.0,0.09128709291752769,833.0,0.7511164910310382,-0.008333333333333333,negligible,0.0,-0.008333333333333333,1.0,False,False,0.008333333333333333
buglocator,has_enumeration,14,120,0.0,0.0,0.0,0.008333333333333333,0.0,0.09128709291752769,833.0,0.7511164910310382,-0.008333333333333333,negligible,0.0,-0.008333333333333333,1.0,False,False,0.008333333333333333
buglocator,num_exception_types,14,120,0.0,0.0,0.2857142857142857,0.36666666666666664,0.4688072309384954,0.7210325618043008,846.0,0.9580853007485315,0.007142857142857143,negligible,0.0,-0.08095238095238094,1.0,False,False,0.007142857142857143
buglocator,behavior_verb_count,14,120,0.0,0.0,0.0,0.0,0.0,0.0,840.0,1.0,0.0,negligible,0.0,0.0,1.0,False,False,0.0
buglocator,behavior_verb_density,14,120,0.0,0.0,0.0,0.0,0.0,0.0,840.0,1.0,0.0,negligible,0.0,0.0,1.0,False,False,0.0
buglocator,contradiction_present,14,120,0.0,0.0,0.0,0.0,0.0,0.0,840.0,1.0,0.0,negligible,0.0,0.0,1.0,False,False,0.0
buglocator,has_S2R,14,120,0.0,0.0,0.0,0.0,0.0,0.0,840.0,1.0,0.0,negligible,0.0,0.0,1.0,False,False,0.0
buglocator,missing_S2R,14,120,1.0,1.0,1.0,1.0,0.0,0.0,840.0,1.0,0.0,negligible,0.0,0.0,1.0,False,False,0.0
buglocator,num_S2R,14,120,0.0,0.0,0.0,0.0,0.0,0.0,840.0,1.0,0.0,negligible,0.0,0.0,1.0,False,False,0.0
locus,num_modal_verbs,14,120,1.0,0.0,1.7142857142857142,1.0,1.6374732612530445,1.5229339221031348,1117.5,0.027994137323643524,0.33035714285714285,medium,1.0,0.7142857142857142,1.0,False,False,0.33035714285714285
locus,coleman_liau_index,14,113,23.795,29.95,30.90357142857143,33.982654867256635,18.08418714582645,15.763925250943048,546.0,0.05981039429404454,-0.30973451327433627,small,-6.154999999999998,-3.079083438685206,1.0,False,False,0.30973451327433627
locus,modal_density,14,120,0.14087301587301584,0.0,0.34331990371906335,0.1502674493536186,0.5833479377058428,0.321469939116531,1094.5,0.04519199942033234,0.30297619047619045,small,0.14087301587301584,0.19305245436544474,1.0,False,False,0.30297619047619045
locus,flesch_reading_ease,14,113,23.575,5.96,4.249999999999998,-4.916106194690267,51.970118781409816,46.82491317270625,1013.0,0.08816699070961222,0.2806573957016435,small,17.615,9.166106194690265,1.0,False,False,0.2806573957016435
locus,actionability,14,120,4.5,2.5,3.0714285714285716,2.1416666666666666,2.4007782620925786,2.151004585836887,1060.5,0.08817320240511378,0.2625,small,2.0,0.929761904761905,1.0,False,False,0.2625
locus,specificity,14,120,4.5,2.5,3.0714285714285716,2.1416666666666666,2.4007782620925786,2.151004585836887,1060.5,0.08817320240511378,0.2625,small,2.0,0.929761904761905,1.0,False,False,0.2625
locus,automated_readability_index,14,113,25.35,30.5,31.25714285714286,34.766371681415926,17.36675490194342,17.006483063292308,586.5,0.11631214455642479,-0.25853350189633373,small,-5.149999999999999,-3.509228824273066,1.0,False,False,0.25853350189633373
locus,n_words,14,120,112.5,95.0,162.78571428571428,121.16666666666667,150.48494868331443,88.25891373873652,1030.5,0.16689864781700148,0.22678571428571428,small,17.5,41.619047619047606,1.0,False,False,0.22678571428571428
locus,clarity,14,120,4.5,3.0,3.0714285714285716,2.325,2.4007782620925786,2.2646813269431623,1024.0,0.1517036148658367,0.21904761904761905,small,1.5,0.7464285714285714,1.0,False,False,0.21904761904761905
locus,temporal_density,14,120,0.0,0.0,0.0019841269841269784,0.06125845383997557,0.007423923386456213,0.1732389845135699,668.5,0.09616498617178276,-0.20416666666666666,small,0.0,-0.059274326855848596,1.0,False,False,0.20416666666666666
locus,expected_observed_alignment,14,120,5.0,3.0,3.142857142857143,2.35,2.444999382008506,2.3214382675944885,1011.0,0.1787712873956232,0.20357142857142857,small,2.0,0.7928571428571427,1.0,False,False,0.20357142857142857
locus,causal_reasoning_quality,14,120,4.0,2.5,2.857142857142857,2.1166666666666667,2.2483204964917824,2.130937905839449,1004.0,0.20553022567242685,0.19523809523809524,small,1.5,0.7404761904761905,1.0,False,False,0.19523809523809524
locus,num_temporal_markers,14,120,0.0,0.0,0.07142857142857142,0.49166666666666664,0.26726124191242434,1.4082340889567047,678.5,0.11559082714084215,-0.19226190476190477,small,0.0,-0.4202380952380952,1.0,False,False,0.19226190476190477
locus,num_OB,14,120,5.0,4.0,6.285714285714286,5.308333333333334,4.158930547232461,4.62328020867816,995.5,0.2567792645349598,0.18511904761904763,small,1.0,0.977380952380952,1.0,False,False,0.18511904761904763
locus,n_tokens,14,120,192.5,192.0,282.14285714285717,216.95833333333334,221.64658533622574,149.12627303102312,994.0,0.26413155849815806,0.18333333333333332,small,0.5,65.18452380952382,1.0,False,False,0.18333333333333332
locus,repair_difficulty,14,120,3.0,3.0,3.0714285714285716,3.6333333333333333,1.7304639535412156,1.4315375370167405,688.5,0.2409497616628108,-0.18035714285714285,small,0.0,-0.5619047619047617,1.0,False,False,0.18035714285714285
locus,fine_grained_confidence,14,117,5.0,4.0,3.5714285714285716,3.0,1.9889806323953874,1.9695964928958383,952.5,0.26273576241104624,0.163003663003663,small,1.0,0.5714285714285716,1.0,False,False,0.163003663003663
locus,description_chars,14,120,1773.0,1471.0,2324.0714285714284,1778.6333333333334,1991.9593548635905,1236.5572561022186,968.5,0.35178554534090967,0.1529761904761905,small,302.0,545.438095238095,1.0,False,False,0.1529761904761905
locus,ambiguity,14,120,0.00277503588564315,0.0,0.003957539269015292,0.00348565249063848,0.004950887058513128,0.006211200853042465,968.0,0.29082177090578565,0.1523809523809524,small,0.00277503588564315,0.00047188677837681214,1.0,False,False,0.1523809523809524
locus,num_browser_mentions,14,120,0.0,0.0,0.35714285714285715,0.15833333333333333,0.633323693776651,0.4298882663770057,967.0,0.1444339134979695,0.15119047619047618,small,0.0,0.19880952380952382,1.0,False,False,0.15119047619047618
locus,summary_chars,14,120,12.0,12.0,30.357142857142858,23.033333333333335,32.855410847804386,27.11504693538485,965.0,0.22572411074632237,0.1488095238095238,small,0.0,7.323809523809523,1.0,False,False,0.1488095238095238
locus,causal_density,14,120,0.1547619047619047,0.16515837104072395,0.21373943516800661,0.2696033826853544,0.34885109739913533,0.3421393558010424,716.0,0.35829376580970085,-0.14761904761904762,small,-0.010396466278819239,-0.05586394751734777,1.0,False,False,0.14761904761904762
locus,has_version_info,14,120,1.0,0.0,0.5714285714285714,0.425,0.5135525910130955,0.49641572439697296,963.0,0.30006762769930573,0.14642857142857144,negligible,1.0,0.1464285714285714,1.0,False,False,0.14642857142857144
locus,description_length,14,120,932.5,610.0,859.3571428571429,821.1666666666666,725.1382475238621,1036.1465239277788,954.5,0.3823277535618951,0.1363095238095238,negligible,322.5,38.19047619047626,1.0,False,False,0.1363095238095238
locus,technical_depth,14,120,3.0,2.0,2.2857142857142856,1.8666666666666667,2.016416144037253,1.9356597612918944,946.0,0.41556619254188965,0.1261904761904762,negligible,1.0,0.4190476190476189,1.0,False,False,0.1261904761904762
locus,confidence,14,120,5.0,5.0,3.5714285714285716,3.1,1.9889806323953874,2.0058737277716925,939.0,0.4067578792874581,0.11785714285714285,negligible,0.0,0.47142857142857153,1.0,False,False,0.11785714285714285
locus,has_os_info,14,120,0.0,0.0,0.21428571428571427,0.11666666666666667,0.4258153136263202,0.3223686843157241,922.0,0.30378472921991406,0.09761904761904762,negligible,0.0,0.0976190476190476,1.0,False,False,0.09761904761904762
locus,num_os_mentions,14,120,0.0,0.0,0.21428571428571427,0.125,0.4258153136263202,0.3565120479536904,920.5,0.3130179660434421,0.09583333333333334,negligible,0.0,0.08928571428571427,1.0,False,False,0.09583333333333334
locus,gunning_fog,14,113,11.43,10.85,11.485714285714286,11.326637168141591,2.7644994380280026,3.5031591891716287,859.0,0.6033244806459028,0.08596713021491782,negligible,0.5800000000000001,0.1590771175726946,1.0,False,False,0.08596713021491782
locus,smog_index,14,113,12.15,12.2,12.664285714285713,12.3070796460177,1.7895453409937754,2.9544976855562126,857.5,0.61128763429217,0.084070796460177,negligible,-0.049999999999998934,0.35720606826801315,1.0,False,False,0.084070796460177
locus,num_versions,14,120,1.0,0.0,1.2857142857142858,1.3,1.728875643015133,2.0316818383883275,909.0,0.582314321103754,0.08214285714285714,negligible,1.0,-0.014285714285714235,1.0,False,False,0.08214285714285714
locus,has_stacktrace,14,120,1.0,0.5,0.5714285714285714,0.5,0.5135525910130955,0.5020964452534338,900.0,0.6172195857706191,0.07142857142857142,negligible,0.5,0.0714285714285714,1.0,False,False,0.07142857142857142
locus,num_causal_markers,14,120,1.0,1.0,2.4285714285714284,2.0833333333333335,3.8172540616821107,2.512434064800903,787.5,0.6970934653525984,-0.0625,negligible,0.0,0.3452380952380949,1.0,False,False,0.0625
locus,hidden_s2r_present,14,120,0.0,0.0,0.2857142857142857,0.225,0.46880723093849547,0.41933320418785563,891.0,0.6150252517817124,0.060714285714285714,negligible,0.0,0.06071428571428569,1.0,False,False,0.060714285714285714
locus,num_env_mentions,14,120,0.0,0.0,0.0,0.058333333333333334,0.0,0.23535538418048804,791.0,0.36000255619756305,-0.058333333333333334,negligible,0.0,-0.058333333333333334,1.0,False,False,0.058333333333333334
locus,stacktrace_depth,14,120,0.0,0.0,0.2857142857142857,0.16666666666666666,1.0690449676496974,1.5735915849388862,886.0,0.19654179245054326,0.05476190476190476,negligible,0.0,0.11904761904761904,1.0,False,False,0.05476190476190476
locus,num_caused_by,14,120,0.0,0.0,0.14285714285714285,0.03333333333333333,0.5345224838248487,0.2571117316985571,886.0,0.1965078013713042,0.05476190476190476,negligible,0.0,0.10952380952380952,1.0,False,False,0.05476190476190476
locus,num_negative_modals,14,120,0.0,0.0,0.14285714285714285,0.175,0.3631365196012815,0.8164536965777437,881.0,0.5658037035507898,0.04880952380952381,negligible,0.0,-0.03214285714285714,1.0,False,False,0.04880952380952381
locus,num_exception_types,14,120,0.0,0.0,0.42857142857142855,0.35,0.7559289460184544,0.6939110930385943,879.0,0.7129513112868732,0.04642857142857143,negligible,0.0,0.07857142857142857,1.0,False,False,0.04642857142857143
locus,has_code,14,120,0.0,0.0,0.14285714285714285,0.18333333333333332,0.3631365196012815,0.38856195407793426,806.0,0.7136959386565738,-0.04047619047619048,negligible,0.0,-0.04047619047619047,1.0,False,False,0.04047619047619048
locus,num_EB,14,120,0.0,0.0,0.8571428571428571,0.5833333333333334,1.3506205330054122,0.8656210024531263,871.0,0.7987722662142631,0.036904761904761905,negligible,0.0,0.2738095238095237,1.0,False,False,0.036904761904761905
locus,has_EB,14,120,0.0,0.0,0.35714285714285715,0.39166666666666666,0.4972451580988468,0.49016946706478676,811.0,0.8059879161478056,-0.034523809523809526,negligible,0.0,-0.03452380952380951,1.0,False,False,0.034523809523809526
locus,missing_EB,14,120,1.0,1.0,0.6428571428571429,0.6083333333333333,0.4972451580988469,0.49016946706478676,869.0,0.8059879161478056,0.034523809523809526,negligible,0.0,0.03452380952380962,1.0,False,False,0.034523809523809526
locus,has_OB,14,120,1.0,1.0,1.0,0.975,0.0,0.15677956478053226,861.0,0.5606246502303025,0.025,negligible,0.0,0.025000000000000022,1.0,False,False,0.025
locus,missing_OB,14,120,0.0,0.0,0.0,0.025,0.0,0.15677956478053226,819.0,0.5606246502303025,-0.025,negligible,0.0,-0.025,1.0,False,False,0.025
locus,redundancy,14,120,0.261765107512474,0.2832961231470108,0.2964605316519737,0.2733553836122155,0.12154065566914408,0.10986957379709797,827.0,0.9275451352455893,-0.015476190476190477,negligible,-0.0215310156345368,0.023105148039758217,1.0,False,False,0.015476190476190477
locus,n_sentences,14,120,6.5,7.0,10.642857142857142,8.983333333333333,10.930600256985981,7.995779699141221,850.5,0.9418488220899904,0.0125,negligible,-0.5,1.6595238095238098,1.0,False,False,0.0125
locus,has_patch,14,120,0.0,0.0,0.0,0.008333333333333333,0.0,0.09128709291752769,833.0,0.7511164910310382,-0.008333333333333333,negligible,0.0,-0.008333333333333333,1.0,False,False,0.008333333333333333
locus,has_enumeration,14,120,0.0,0.0,0.0,0.008333333333333333,0.0,0.09128709291752769,833.0,0.7511164910310382,-0.008333333333333333,negligible,0.0,-0.008333333333333333,1.0,False,False,0.008333333333333333
locus,behavior_verb_count,14,120,0.0,0.0,0.0,0.0,0.0,0.0,840.0,1.0,0.0,negligible,0.0,0.0,1.0,False,False,0.0
locus,behavior_verb_density,14,120,0.0,0.0,0.0,0.0,0.0,0.0,840.0,1.0,0.0,negligible,0.0,0.0,1.0,False,False,0.0
locus,contradiction_present,14,120,0.0,0.0,0.0,0.0,0.0,0.0,840.0,1.0,0.0,negligible,0.0,0.0,1.0,False,False,0.0
locus,has_S2R,14,120,0.0,0.0,0.0,0.0,0.0,0.0,840.0,1.0,0.0,negligible,0.0,0.0,1.0,False,False,0.0
locus,missing_S2R,14,120,1.0,1.0,1.0,1.0,0.0,0.0,840.0,1.0,0.0,negligible,0.0,0.0,1.0,False,False,0.0
locus,num_S2R,14,120,0.0,0.0,0.0,0.0,0.0,0.0,840.0,1.0,0.0,negligible,0.0,0.0,1.0,False,False,0.0
